Date,Open,High,Low,Close,Volume
2015-01-02,95.31442038816127,95.71860166820436,94.10186253123743,94.56116485595703,31314600
2015-01-05,94.14778326722234,94.25801834198245,92.90766846185787,93.17406463623047,36521300
2015-01-06,93.31183053869204,93.46799159447637,91.51136687330951,91.92473602294922,66205500
2015-01-07,92.53103055222405,93.33021194888805,92.3105604352722,93.10974884033203,37577400
2015-01-08,93.89975118149961,95.07556379599073,93.79870412790466,94.891845703125,40212600
2015-01-09,95.18581656608977,95.21337358430702,93.71604351612828,94.2672119140625,41410100
2015-01-12,94.45091881412603,94.55196587450978,93.04545498492944,93.28429412841797,34129800
2015-01-13,94.19370967453457,95.18580425239728,92.50347368909482,93.25672912597656,56162300
2015-01-14,92.31975993553705,93.21999550417516,91.92475968731779,92.74231719970703,51354200
2015-01-15,93.17406309479,93.32103618364178,91.42871298614561,91.53894805908203,51005400
2015-01-16,91.41954992701335,92.73315511897826,91.27257679805156,92.61373901367188,35362200
2015-01-20,93.17407279276632,93.58744209460887,92.12686402026085,93.3486099243164,30964100
2015-01-21,93.07300801519287,94.26719667311299,92.74230983325793,93.82626342773438,40128800
2015-01-22,94.19371250225456,95.66347839780553,93.36696699588319,95.56243133544922,40887200
2015-01-23,95.55327246791539,96.06769594453696,95.2776952206812,95.77374267578125,34783000
2015-01-26,95.66345977783203,95.83799685309307,95.17660057673041,95.66345977783203,19960900
2015-01-27,94.15696903506814,94.21208306693829,92.87092122705616,93.1832504272461,45253200
2015-01-28,94.6805675244351,94.78161458223036,92.68719739955827,92.70556640625,43591700
2015-01-29,92.63208860562908,93.77116340616116,91.82371904482324,93.59662628173828,46539700
2015-01-30,93.51393029724387,94.2304406046357,92.74229896039436,92.87090301513672,42927600
2015-02-02,93.08219643984765,93.76196181314062,91.63079963578208,93.67929077148438,43624700
2015-02-03,94.01915668914351,94.64380794653607,93.40369343788184,94.57950592041016,30750400
2015-02-04,94.1937078878401,95.12150041111657,93.98242576551915,94.4968490600586,34073200
2015-02-05,94.73568201328462,95.37870938496079,94.49684988315002,95.31440734863281,23605500
2015-02-06,95.46137802296637,95.6910291481227,94.39580044660703,94.73567962646484,34169300
2015-02-09,94.36826173455972,94.8826781119882,94.20291261204378,94.43256378173828,22604700
2015-02-10,94.95613659048263,96.03090202522245,94.80915652672581,95.90229797363281,23686500
2015-02-11,96.01253417131404,96.47183639698859,95.82881608440253,96.25137329101562,20303600
2015-02-12,96.87602307556092,97.4088153309839,96.72905001002101,97.3720703125,22520300
2015-02-13,97.6476888653815,98.22640734159687,97.46396370820334,98.20803833007812,29030200
2015-02-17,98.20805241146239,98.36421356115609,97.96002516580847,98.29991149902344,17675300
2015-02-18,98.18046029272189,98.49278951116544,98.0518562052443,98.43767547607422,15149600
2015-02-19,98.37333891076398,98.98880916686801,98.34578190092554,98.92450714111328,19828100
2015-02-20,98.86020108713933,99.6410133704585,98.54787196877473,99.58589935302734,28336700
2015-02-23,99.53078961090507,99.71451470382912,99.31032650779191,99.68695068359375,17868000
2015-02-24,99.5583429212139,99.8798600697782,99.25520879385205,99.76043701171875,19745000
2015-02-25,99.61348297763858,99.99929521953224,99.29196576766375,99.51243591308594,19472300
2015-02-26,99.61347320876865,100.07277545409364,99.33788905821524,100.01765441894531,22255500
2015-02-27,99.9809176939076,100.04522674164917,99.4205753558429,99.57673645019531,27757600
2015-03-02,99.76962926067176,100.51369661790227,99.75125324708331,100.4769515991211,22988600
2015-03-03,100.17381006665082,100.27485710874345,99.37462173602593,100.00846099853516,20788900
2015-03-04,99.6777864466174,99.82475953727528,99.08069205890196,99.62266540527344,21007400
2015-03-05,99.87988112223236,100.10034426361753,99.38383379781803,99.79720306396484,15381000
2015-03-06,99.66858816215769,99.86149426598013,98.41928548258706,98.66731262207031,30990400
2015-03-09,98.86940172198601,99.20009990904629,98.46522049988721,98.95207977294922,26237100
2015-03-10,98.24474776624817,98.27231178810302,97.1148681640625,97.1148681640625,34234500
2015-03-11,97.26182666477209,97.38124971639363,96.51775937929348,96.55450439453125,25459700
2015-03-12,96.48102513458981,97.29858254181094,96.41672310284419,97.1883544921875,21473200
2015-03-13,97.0964757101978,97.48229485848609,96.15950236925742,96.76577758789062,42021100
2015-03-16,97.12405808269259,98.05184359324417,97.02301102575785,98.01509857177734,25674100
2015-03-17,97.7486998262882,98.32741808863581,97.51904872098264,98.17125701904297,19603800
2015-03-18,97.90485386249325,99.58590151458009,97.3996186637584,99.13578033447266,40622200
2015-03-19,99.23685047648806,99.55836067398711,99.08987738980134,99.28278350830078,31314000
2015-03-20,100.10036880267704,100.42261839747583,99.90701904579777,99.92543029785156,31761400
2015-03-23,99.87021044557483,100.14642143134931,99.69527190408992,99.73210144042969,17268500
2015-03-24,99.72290170767027,100.18326041857192,99.35462035856212,99.37303161621094,22445300
2015-03-25,99.52953174574252,99.62160206438313,97.0620092737931,97.09883880615234,41581400
2015-03-26,96.29781200515791,97.31980869550985,95.97556237858636,96.76737976074219,47846300
2015-03-27,96.74895723460877,97.38424727454189,96.60163912276013,97.15406799316406,33878400
2015-03-30,97.74335698129033,98.35102677788537,97.74335698129033,98.2681655883789,30570200
2015-03-31,97.99192671902213,98.19448561628248,97.20010940673949,97.22772979736328,30488100
2015-04-01,97.22772656655562,97.24614484270238,96.09524844152509,96.7213363647461,32970500
2015-04-02,96.81340988036743,97.0988299494738,96.472742005504,96.7857894897461,19164200
2015-04-06,96.21495678032362,97.84462329241886,96.06763864219398,97.57762145996094,24451100
2015-04-07,97.5223544210718,98.24051264159276,97.41187286376953,97.41187286376953,19379400
2015-04-08,97.44869571772823,98.3233811884365,97.4394936042626,98.18527221679688,25866900
2015-04-09,98.1392446511738,98.8389917019805,97.8077929160705,98.80216217041016,23114700
2015-04-10,98.76534324761354,99.21649978942456,98.54437305897112,99.20729064941406,17164300
2015-04-13,99.28091347800358,99.78730360147311,98.84817537418446,98.95866394042969,17783500
2015-04-14,98.85740356631467,99.1428236368236,98.11161789330168,98.67325592041016,23755700
2015-04-15,98.93104389943792,99.50189099745529,98.81135321214182,99.29012298583984,21128600
2015-04-16,99.02313110732787,99.32696242456109,98.8850221315777,99.15203094482422,16195300
2015-04-17,98.203707499233,98.47070932625662,97.18171076643466,97.60523986816406,46514000
2015-04-20,98.09321011872574,99.24410660450319,98.0563805882391,99.06916809082031,28945900
2015-04-21,99.63999387154914,99.81493234765105,99.37298510126683,99.49267578125,22759800
2015-04-22,99.75050731314155,100.20166384056934,99.10600802326675,100.03593444824219,21429200
2015-04-23,99.69527087036461,100.86458580735112,99.67685961464353,100.4134292602539,29473200
2015-04-24,101.47222370392763,101.91417097203413,101.30649435645188,101.77606201171875,32508100
2015-04-27,102.15359314947911,102.34694998586599,101.29732568290011,101.51830291748047,31121300
2015-04-28,101.59193819472544,101.78529499918228,100.45945990870783,101.31572723388672,36849200
2015-04-29,100.75409425042383,101.34335275947093,100.12800620649683,100.68043518066406,34043900
2015-04-30,100.10956559110934,100.51467630694586,98.57196281501439,99.09677124023438,44080500
2015-05-01,99.48351087527597,100.46867814293071,99.46509259484365,100.40422821044922,32874300
2015-05-04,100.72648945634148,101.19605731814428,100.51472135411149,100.5699691772461,23507300
2015-05-05,100.17401918591612,100.35815978856672,98.88501389382077,98.93104553222656,47843300
2015-05-06,99.10596947684658,99.39138947642012,97.59599427827578,98.24970245361328,42687200
2015-05-07,98.22210284264487,99.11519957478625,98.14844378701144,98.83898162841797,29335800
2015-05-08,99.86099347442638,100.28452257234744,99.71368236513504,100.07276153564453,33023300
2015-05-11,100.13719924700275,100.33975814401839,99.61239075224152,99.68604278564453,19679300
2015-05-12,99.0967848207353,99.7412910436637,98.33259492104854,99.23489379882812,33665000
2015-05-13,99.66765645698266,100.18325594230987,99.29015895914226,99.4374771118164,20738400
2015-05-14,100.24769037377692,100.97505783495032,99.87940909808182,100.89219665527344,23904200
2015-05-15,101.14999635806602,101.28810534870921,100.64359906721269,100.89219665527344,23937400
2015-05-18,100.72644448764953,101.53667294523069,100.65278543936576,101.33411407470703,17631100
2015-05-19,101.44461822556039,101.60113845881449,101.05791869945692,101.22364807128906,14212900
2015-05-20,101.29730331064364,101.8957708958859,100.75408353410276,101.28810119628906,21131900
2015-05-21,101.11317250941691,101.95102861510586,100.96586139576117,101.81291961669922,16771800
2015-05-22,101.69322112490329,102.07992772249904,101.62877119605658,101.71163940429688,13543800
2015-05-26,101.49068801760455,101.62879001605363,100.13723223666997,100.54234313964844,25488400
2015-05-27,100.8461398085155,102.2732540804344,100.62516967801987,102.16276550292969,30572700
2015-05-28,101.9694238280651,102.20881225267446,101.619553841724,101.9325942993164,17302400
2015-05-29,101.86811736594403,102.00622630599824,101.08550940498681,101.32489776611328,30383000
2015-06-01,101.86814728053419,101.94180634012882,100.83694151975311,101.66558837890625,24570200
2015-06-02,101.28812773161494,101.84055679174979,100.79093947013858,101.34336853027344,19449600
2015-06-03,101.80367596207347,102.02464606989854,101.3985582439666,101.64715576171875,20507200
2015-06-04,101.07634585977861,101.72085219589984,100.55153727046675,100.87378692626953,31374600
2015-06-05,100.75408249067097,100.99347092719167,100.01750592807561,100.63439178466797,22641700
2015-06-08,100.58835422560837,100.66201328758389,99.40983733205907,99.61239624023438,24549200
2015-06-09,99.37299622004628,99.80573437807729,98.70086965075075,99.4466552734375,27554600
2015-06-10,99.78730684239784,101.10393244540133,99.67682529707743,100.8093032836914,30297900
2015-06-11,101.1499766314766,101.41698542144319,100.7816884030912,100.95662689208984,17593500
2015-06-12,100.4226199316182,100.63438796830074,99.9898817443428,100.12799072265625,27201800
2015-06-15,99.3822078091592,99.78731856377529,98.80215153003836,99.63079833984375,31238800
2015-06-16,99.52951270365652,100.33974821151487,99.48348106540057,100.17401885986328,16456900
2015-06-17,100.3397519039817,100.77248303717786,99.833354692935,100.45023345947266,23296700
2015-06-18,100.8185439980811,102.08913133882038,100.7633032081189,101.91419982910156,43032400
2015-06-19,101.96400827278765,102.04706706039087,101.33648036905895,101.41030883789062,27877600
2015-06-22,102.15782165527344,102.46235886513949,101.92711292792126,102.15782165527344,19120900
2015-06-23,102.26855153204323,102.33314968596014,101.81636445462487,102.2408676147461,18127900
2015-06-24,102.1209009388079,102.55462737466138,101.68716746228375,101.71485137939453,15815900
2015-06-25,102.11166957524838,102.21318196406355,101.34571501988685,101.51182556152344,18326700
2015-06-26,101.49337657160605,101.7240852765381,100.4597990388689,100.8381576538086,32311700
2015-06-29,99.72154719695911,100.27525382588766,98.41112319526235,98.45726776123047,50874900
2015-06-30,99.1955112919088,99.40776639511196,98.50338518764354,98.80792236328125,34809900
2015-07-01,99.78611010921419,99.98913486266714,99.13089833986042,99.59231567382812,21293000
2015-07-02,99.87840237596112,99.96145411918761,99.3154726474149,99.62000274658203,20499400
2015-07-06,98.99248586923498,99.9614652252207,98.78023780807253,99.3893051147461,24311000
2015-07-07,99.50004688395809,99.73075558170801,97.66360762125655,99.63847351074219,44230800
2015-07-08,98.9278964760078,99.04786951662702,97.71898503431294,97.90354919433594,39691500
2015-07-09,99.20474336365712,99.29702543772167,97.83894472922039,97.84817504882812,28381000
2015-07-10,99.14935285441103,99.71228253034936,98.78944791939071,99.34314727783203,26415800
2015-07-13,100.2014130385864,101.17038543894196,100.19218271839118,101.08733367919922,25780700
2015-07-14,101.22579239941676,102.0286544940545,101.17041750136774,101.7518081665039,21977200
2015-07-15,101.94558475204876,102.25934527614405,101.57644933965777,101.8625259399414,28631500
2015-07-16,102.70231036901477,103.3206081435464,102.49928553781395,103.30215454101562,29838900
2015-07-17,104.13269524064434,104.82482147216797,103.95736138298207,104.82482147216797,35926800
2015-07-20,105.04627340195736,105.56305857017493,104.72328267182138,105.18470001220703,26539000
2015-07-21,105.22161490300145,105.38772543932184,104.81557240140636,105.12010955810547,35468900
2015-07-22,103.51438469983837,104.43721956111678,103.51438469983837,103.9296646118164,35575000
2015-07-23,104.03119220230414,104.37263664481138,103.27446778717227,103.54208374023438,25698300
2015-07-24,104.09576269264312,104.28032682651038,102.37005917423564,102.52693939208984,30844700
2015-07-27,101.94557095980674,102.38852776221029,101.45646959684511,101.67794799804688,35994800
2015-07-28,102.13013850697462,102.75766653174578,101.31804631519437,102.55464172363281,33553500
2015-07-29,102.77610443599163,103.16369332536851,102.37928522810479,102.94221496582031,26714100
2015-07-30,102.70229504625492,103.60666928945562,102.08399736397077,103.43133544921875,25438100
2015-07-31,103.75431174152973,103.80967957379131,103.09909991064276,103.31134796142578,22081700
2015-08-03,103.32980128422237,103.61587778488212,102.30545421587755,102.98834991455078,25001800
2015-08-04,102.94226607661474,103.12683029442928,102.37010573631187,102.79460906982422,22132300
2015-08-05,103.36672505569948,104.28032951100101,103.24675202899392,103.58820343017578,28989900
2015-08-06,103.68048090776475,103.81890752593338,101.46567613907744,101.92709350585938,42125400
2015-08-07,101.6779389783926,102.03784398867077,100.95812895783624,101.79790496826172,30006800
2015-08-10,102.4438928668744,103.1821564806522,102.43466254750935,102.96067810058594,21500800
2015-08-11,102.41621428956738,102.81303355490678,101.07809953869214,101.64102935791016,36123300
2015-08-12,100.93968320912437,102.19473929085976,99.8691983398041,101.99171447753906,41889000
2015-08-13,102.09320733788121,102.58231567663483,101.60410603979808,101.8255844116211,22510500
2015-08-14,101.58567123625791,102.13014046785857,101.38264642424689,101.98249053955078,17924900
2015-08-17,101.73328362602338,102.8591429567108,101.47489106632513,102.83145904541016,21224900
2015-08-18,102.69305462147685,102.77611341398183,102.16703907118104,102.30546569824219,13984400
2015-08-19,101.99170281273462,102.53617902624758,101.04118405969123,101.63179779052734,42511400
2015-08-20,100.69048416126682,101.01347486439046,98.80790072505714,98.81713104248047,57747300
2015-08-21,97.42369156147014,98.25424447721839,94.49830627441406,94.49830627441406,97763400
2015-08-24,86.95872510920995,94.61824961975303,78.2010179080436,90.86231231689453,150829900
2015-08-25,94.19375216803968,94.81204982325046,90.44704495749367,90.52086639404297,75088300
2015-08-26,93.16942833155932,95.26426789468596,91.2960742557277,95.07969665527344,104103800
2015-08-27,96.4546734017646,97.55284887554612,95.3103604204198,97.48825073242188,69377700
2015-08-28,96.97148645787969,97.82049281900053,96.75923134726395,97.46981811523438,49919600
2015-08-31,96.92533695127433,97.46058281969962,96.02096279906539,96.26089477539062,39549400
2015-09-01,93.86153163353782,95.31961238451117,92.86486830699873,93.2524642944336,73155500
2015-09-02,94.94124239601508,95.90099144003908,93.85229704228314,95.88253784179688,43963600
2015-09-03,96.26092522648624,96.91613729034334,95.14429562126445,95.41191864013672,45131800
2015-09-04,94.10146882151919,94.91356093796726,93.75078707979195,94.27680969238281,49379600
2015-09-08,96.08557153065367,97.05454394326395,95.6887522452976,96.93457794189453,37343500
2015-09-09,98.07886983476565,98.10655374898897,95.5964422629159,95.84561157226562,47146700
2015-09-10,95.73488418611132,97.52518602603129,95.6241485115075,96.888427734375,47686700
2015-09-11,96.4454577364731,97.42366027832031,96.16860450656498,97.42366027832031,29106100
2015-09-14,97.78356875781404,97.80202939549368,96.75922162737476,97.12835693359375,19718800
2015-09-15,97.35907765067374,98.57721938325437,96.99917261882068,98.2726821899414,30020200
2015-09-16,98.29114661000877,98.91867462005794,97.9496951643137,98.82638549804688,31329100
2015-09-17,98.72485405550012,100.33981469464584,98.41108661303215,98.86327362060547,56139800
2015-09-18,97.3461635052165,98.61351848406908,97.29065391047425,97.45716857910156,48384000
2015-09-21,97.99373645845634,98.5672886681896,96.88364314817386,97.76246643066406,35772600
2015-09-22,96.26382297926287,96.59685234540135,95.40349829303854,96.30082702636719,47359700
2015-09-23,96.55983003726348,96.8188583180072,95.87527293979542,96.37481689453125,21775100
2015-09-24,95.44051046045853,96.38409609740025,94.60793697427492,96.0233154296875,38284300
2015-09-25,97.0501349547719,97.14264153250475,94.6171703193808,95.20922088623047,44700000
2015-09-28,94.80218746087677,94.86694276897153,92.2212137963014,92.49873352050781,44077500
2015-09-29,92.73003168918011,93.67361738874234,91.35166425034662,92.0177230834961,49315500
2015-09-30,93.33128655154383,94.23786772589983,92.97050604792197,94.1361083984375,41411400
2015-10-01,94.3026395450525,94.57091354102802,93.05377613604257,94.56166076660156,39339100
2015-10-02,93.24807644321854,96.21758270263672,92.95205109499058,96.21758270263672,59370900
2015-10-05,96.92987333213848,97.8549532563739,96.71710890193218,97.59593200683594,32853500
2015-10-06,97.36464702061244,97.6884235326367,96.37481193653906,97.13337707519531,33051500
2015-10-07,97.7439524803314,97.92896565019376,96.47659038759414,97.71619415283203,37389300
2015-10-08,97.34617101426441,98.27125100959685,96.40258546665719,98.104736328125,50188900
2015-10-09,98.15099762160577,98.73380260411115,97.88272354451301,98.54878234863281,23916200
2015-10-12,98.73379646693749,98.97431219740751,98.3822615322802,98.78929901123047,16162000
2015-10-13,98.22501671643082,99.22410503442126,98.05850199676574,98.15100860595703,26999600
2015-10-14,98.15100583344751,98.6412972003336,97.58670635817819,97.99374389648438,30902600
2015-10-15,98.35449136701904,99.61260055319198,98.22498075001293,99.60334777832031,38393800
2015-10-16,99.81612697479407,100.07514822884272,99.33508145344672,100.01964569091797,27091100
2015-10-19,99.89012978888535,100.65794073489724,99.66810553331132,100.59318542480469,23776300
2015-10-20,100.4174316593397,100.63019609603052,99.73286741292593,100.07514953613281,23404700
2015-10-21,100.58394491753097,100.68569721769028,99.4275949932679,99.46459197998047,30195200
2015-10-22,100.35267231912437,101.5737775250321,100.06589274607204,101.49051666259766,42778700
2015-10-23,104.21951554755687,104.75605658033285,103.6737146808534,104.33052062988281,53170900
2015-10-26,104.25647741972344,104.59875944313805,103.85869287384078,104.3952407836914,25918000
2015-10-27,104.11773343654357,104.7560336938665,104.0899751142263,104.60802459716797,31390500
2015-10-28,104.7653447724293,105.47765350341797,103.92351830527645,105.47765350341797,42221900
2015-10-29,104.9965800085194,105.48687127931115,104.88556786770229,105.31110382080078,24913300
2015-10-30,105.35736752655976,105.53313499655239,104.81157367860477,104.83932495117188,27199200
2015-11-02,105.11683314702442,106.1529252413867,104.89481593316107,106.0234146118164,22176900
2015-11-03,105.81063539822483,106.77271933185945,105.65337351061712,106.39344024658203,20418400
2015-11-04,106.7449538689453,106.81896194425975,105.95863747767518,106.40267181396484,28633000
2015-11-05,106.49518422062972,106.75420542347328,105.56085168940255,106.11589813232422,25004100
2015-11-06,105.91238412607576,106.31016872163752,105.23707982571663,106.18991088867188,29924900
2015-11-09,105.79213904891714,105.93090244694649,104.41377195950469,105.06132507324219,33479800
2015-11-10,104.50627254684704,104.89480439281229,104.1917417254948,104.79304504394531,35452100
2015-11-11,105.07984982968985,105.58864673036642,104.48779910406695,104.66356658935547,22748800
2015-11-12,104.23803156623414,104.74682847176648,103.57197272910142,103.64598083496094,31196900
2015-11-13,103.21115473609889,103.3221668547698,101.55526101936869,101.61076354980469,52836000
2015-11-16,101.50904523020868,103.09093139715542,101.27777519893927,103.07242584228516,33980600
2015-11-17,103.24817338926623,103.87722803517251,102.87813999912139,103.13716125488281,30579500
2015-11-18,103.55344113481073,105.21858063764566,103.45168178622757,105.1168212890625,32966500
2015-11-19,105.17235080904203,105.67189487189236,104.98733056846754,105.19084930419922,26188100
2015-11-20,105.69039620668221,105.98642154175432,105.58863683608236,105.90316772460938,22727600
2015-11-23,105.94016022041968,106.32869919067753,105.14459790063559,105.59788513183594,20696200
2015-11-24,104.91331290394312,105.75513192729842,104.38601059522023,105.50536346435547,26374400
2015-11-25,105.66264045057883,105.79215108806464,105.37586790440317,105.59788513183594,14159900
2015-11-27,105.82914098723447,105.95865160740591,105.38509953393273,105.74588012695312,8828000
2015-11-30,106.06045861384769,106.06045861384769,105.13537830680636,105.47765350341797,25041600
2015-12-01,105.90317940327107,106.53223419189453,105.77366168820606,106.53223419189453,28639400
2015-12-02,106.61546350656181,107.07800347839071,105.71813483196576,105.87539672851562,22395500
2015-12-03,106.16216388249752,106.34717702645061,103.46092539930888,104.08073425292969,42754300
2015-12-04,104.39525355427232,106.68945455350317,104.18248915358562,106.51368713378906,40037300
2015-12-07,106.58771563973437,106.65247095554538,105.52387225901049,106.03266906738281,25892100
2015-12-08,104.92255486351742,106.38418271997672,104.88555082259197,106.04190063476562,30792600
2015-12-09,105.57936330099581,106.16216813762583,103.79395886487082,104.43226623535156,48509200
2015-12-10,104.67281323025914,105.60714609408711,104.35828233069881,104.90408325195312,30154600
2015-12-11,103.69220846798659,103.96973527680305,102.42485345029793,102.48960876464844,56022200
2015-12-14,102.62836987352992,103.3129270467522,101.18524038088324,103.26667022705078,53098500
2015-12-15,104.21952035351818,104.79306545945124,103.76622605378327,103.89573669433594,48428000
2015-12-16,104.59879424326624,105.6163808212537,103.50719957216691,105.44062042236328,44944100
2015-12-17,105.90315189757683,105.90315189757683,103.88647739822365,103.90497589111328,45668800
2015-12-18,103.5820521550863,103.81402844887752,101.91182708740234,101.91182708740234,53746100
2015-12-21,102.87689912874531,103.06247742188738,102.11601679988982,103.0439224243164,26432800
2015-12-22,103.59134626683169,103.86972068626608,103.04388554246108,103.72125244140625,26540300
2015-12-23,104.2594406049717,104.5656510545755,104.07386237576947,104.49141693115234,25656900
2015-12-24,104.4914319462478,104.7605253728079,104.4264788487579,104.47286987304688,11468600
2015-12-28,104.22233127283715,104.43575262366808,103.47073018566374,104.41719055175781,19183600
2015-12-29,105.0388688989824,106.2915466193258,104.97391581624538,106.0595703125,27725700
2015-12-30,105.96680370379327,106.00392077276814,105.08529632355045,105.10385131835938,19520100
2015-12-31,104.73266507833752,104.92752432566309,103.77691675190023,103.79547882080078,29886800
2016-01-04,101.55921561935317,101.69840280742747,100.32510715279224,101.6056137084961,50807600
2016-01-05,102.10667988030809,102.23658603028392,100.95607951794192,101.42930603027344,38795200
2016-01-06,99.66632937816651,101.03962550171205,99.66632937816651,100.45504760742188,41891100
2016-01-07,98.3115730517762,99.55496995327663,97.25376147553658,97.30944061279297,61386300
2016-01-08,98.01464633167996,98.6270673030075,96.40937392990895,96.51144409179688,69344000
2016-01-11,97.19808340808184,97.48573179525604,95.32371775465164,96.80836486816406,50024100
2016-01-12,97.73630064248974,98.4322298574103,96.57641861762214,97.93115997314453,46734200
2016-01-13,98.33014877982262,98.57140619648875,94.4051053275709,94.55357360839844,69870700
2016-01-14,94.92472632208906,97.41151310530367,93.41223597224652,96.5671157836914,78445700
2016-01-15,93.36583595327252,94.59067069389286,92.33586048055135,93.5699691772461,91443900
2016-01-19,94.8411859826223,94.98965420698336,92.67916525100802,93.77409362792969,56563800
2016-01-20,92.29873265555273,94.48858952424293,90.23878195031405,93.4864501953125,86675000
2016-01-21,93.88546461826967,94.97111219054325,92.6235127621828,93.57925415039062,61660100
2016-01-22,95.46289168222887,96.32584386698396,95.13812625341896,96.28872680664062,42229800
2016-01-25,95.94541934256715,96.49288012800366,94.77625656162748,94.85977172851562,38881500
2016-01-26,95.25876070102615,96.1217058266423,94.4236445221252,95.71343231201172,36143900
2016-01-27,95.15670251031888,95.56497607625482,92.92972811318398,93.32872772216797,54524700
2016-01-28,94.87831573860318,94.91543279966173,93.0317861969125,94.6463394165039,47641500
2016-01-29,94.61849306446346,96.65988164441016,94.5906570415463,96.62276458740234,54245100
2016-02-01,96.15881162829511,97.24446607342117,95.78765521833738,96.88258361816406,32750300
2016-02-02,96.43721595603421,96.47433302442468,94.49788983893413,94.7855453491211,44928100
2016-02-03,95.41648839225877,95.41648839225877,92.67916394874041,94.33084106445312,61572900
2016-02-04,94.08030638974542,95.0731646571484,93.19879929340478,94.32156372070312,49321600
2016-02-05,93.98753999896039,94.0246570649505,90.67491796242399,91.04608154296875,70749900
2016-02-08,89.34801770920507,90.05322784194277,88.0025505428399,89.65422821044922,91673100
2016-02-09,88.45719985617242,90.73056464726669,88.31801266747483,89.37582397460938,73778400
2016-02-10,90.40580221071474,91.57496472283965,89.6542012783118,89.71915435791016,59421700
2016-02-11,88.57782832189913,90.30373253646503,88.32729703626752,89.58924865722656,76839200
2016-02-12,90.60066091043066,91.04605851027968,89.75627088067635,90.95326232910156,49186500
2016-02-16,92.29875715398511,93.00396728515625,91.72345322074591,93.00396728515625,40565900
2016-02-17,93.68130052719243,95.24018141964632,93.4400432125847,95.11027526855469,41766500
2016-02-18,95.40721981788947,95.42577480841972,93.90401072814547,94.02464294433594,38991500
2016-02-19,93.5699554581296,94.59065682512234,93.36582226408579,94.3030014038086,28257900
2016-02-22,95.18455250735681,95.92687269575957,95.09176336872616,95.8340835571289,23979100
2016-02-23,95.27731673119618,95.5371290831647,94.19166922646099,94.25662231445312,29869700
2016-02-24,93.15241363439829,95.2773176467829,92.57710979282831,95.15669250488281,40739100
2016-02-25,95.35152935521431,96.0938491821289,94.49785128919918,96.0938491821289,29389300
2016-02-26,96.82694566380675,96.84550773981003,95.74129783642019,95.97327423095703,30925000
2016-02-29,95.88043822099387,96.59492205199786,95.11027526855469,95.11027526855469,27553900
2016-03-01,96.01967209915357,98.16313171386719,95.72274259807048,98.16313171386719,37699800
2016-03-02,98.04247600097358,98.21877319150309,97.43933614868496,98.2002182006836,29209800
2016-03-03,98.09817124371449,98.12600727620207,97.30945297935168,98.01465606689453,25474600
2016-03-04,98.12597667009521,98.6827183842673,97.402211733736,98.05174255371094,31655400
2016-03-07,97.55068618193238,98.1167090076322,96.75268702043286,97.44861602783203,25861200
2016-03-08,96.78055994089208,97.62495038205466,96.47434938426206,96.64137268066406,28898500
2016-03-09,97.00322626959979,97.28159362736234,96.46503946682712,97.2630386352539,31047400
2016-03-10,97.67135841212466,98.22810043020637,95.86193800416056,97.11461639404297,44236100
2016-03-11,98.16310642511357,98.81263732910156,97.85689596493813,98.81263732910156,31454000
2016-03-14,98.44145806692228,99.2116210725558,98.41362204395922,98.97964477539062,25374900
2016-03-15,98.62705100984152,99.05388658024312,98.31155953993711,98.94253540039062,26524600
2016-03-16,98.7013014604116,100.08387854539725,98.67345835132518,99.82406616210938,31693100
2016-03-17,99.53638765272146,100.00034025255196,99.16523123634093,99.76836395263672,29623700
2016-03-18,100.00847654979371,100.17599522141568,99.39424615408309,99.92472076416016,37682300
2016-03-21,99.74791850970264,100.40868479649394,99.69208130529556,100.31562042236328,17288600
2016-03-22,99.74790581416082,100.85539089632198,99.72929578184593,100.62272644042969,18840300
2016-03-23,100.42728882514172,100.50173605451644,99.57107823395329,99.79444122314453,20912900
2016-03-24,99.3104697790214,99.85025288096986,99.14295113015305,99.82233428955078,19017300
2016-03-28,100.10154001236837,100.12015714258052,99.50591965196547,99.68274688720703,13892300
2016-03-29,99.49664670737855,101.34865407448791,99.32912798922474,101.28350830078125,29963900
2016-03-30,101.88842252374775,102.40958863730957,101.56268660241585,101.77674102783203,23807200
2016-03-31,101.702284834618,102.08385794674165,101.46962038098816,101.6278305053711,21447200
2016-04-01,101.01361552171754,102.7446398900556,100.87401540807285,102.70741271972656,26389000
2016-04-04,102.70738760385949,102.78184192631063,102.07454006373469,102.31651306152344,17163000
2016-04-05,101.52545437268036,101.90702747275809,101.19972556795267,101.33001708984375,20107900
2016-04-06,101.43239753614377,103.03313018134558,101.43239753614377,102.99590301513672,25056000
2016-04-07,102.40025807940265,102.5863938659543,101.07872594648002,101.5161361694336,28567200
2016-04-08,102.14898268979069,102.39094855951855,101.08803356758644,101.44168090820312,22898000
2016-04-11,101.87913302897105,102.39099067193669,101.0601494396547,101.0694580078125,25772100
2016-04-12,101.1439035368004,102.11178863049662,100.52966589834921,101.91635131835938,28564100
2016-04-13,102.698080376446,103.37746365204272,102.5677888606365,103.21925354003906,25356700
2016-04-14,103.23783944713034,103.61010387689404,102.37232766557993,103.22853088378906,17199700
2016-04-15,103.14480668699575,103.35885400689035,102.70739638066034,102.96797943115234,21353300
2016-04-18,102.67018011004056,103.55430228235589,102.6050343405053,103.51708221435547,17126100
2016-04-19,103.71250882248884,103.71250882248884,102.26067780779167,102.88422393798828,42481400
2016-04-20,102.88422363650375,103.44261690189455,102.53056912481694,102.96797943115234,18078300
2016-04-21,102.91215677943939,103.34956714759463,102.51197358095233,102.97730255126953,20216000
2016-04-22,101.63712009611939,102.11175748100976,100.62270667585345,101.4230728149414,39074000
2016-04-25,101.11595408940326,101.43237427909396,100.92981830103727,101.4230728149414,14351900
2016-04-26,101.6371420356519,101.80466073116494,100.62272839641325,100.92984008789062,19118300
2016-04-27,99.89678476571554,100.35281210831523,99.29186299758234,100.12014770507812,33059800
2016-04-28,100.23184892764031,100.81816792510588,98.71487916824864,98.91031646728516,29818200
2016-04-29,98.91030332960702,99.11504916817084,97.60738107540043,98.3891372680664,67502800
2016-05-02,98.64042559113177,99.45940906044432,98.23094095683156,99.31980895996094,24813800
2016-05-03,98.61248478556679,99.05920358645032,98.13784739094451,98.3984375,38569400
2016-05-04,97.80284507140401,98.16580822098466,97.5236519337319,97.765625,27474500
2016-05-05,98.11925929121509,98.33331372497676,97.54224885702124,97.73768615722656,20788100
2016-05-06,97.25373799136356,98.27746012909631,97.16067363345248,98.25885009765625,30758500
2016-05-09,98.26817138668066,98.9940905656786,98.22164274851666,98.5380630493164,19289600
2016-05-10,98.89167834368676,99.93401030913702,98.71485112796759,99.88748168945312,21178900
2016-05-11,99.73861770691298,100.03642798752983,98.95686838292767,98.98478698730469,20966300
2016-05-12,99.21743041600111,99.33841337605577,97.84936228926304,98.54735565185547,29196300
2016-05-13,98.46361796112545,99.06853997298202,97.9889803991909,98.18441772460938,21059300
2016-05-16,98.3333053425671,99.77582065455064,98.24023388343134,99.4128646850586,18311900
2016-05-17,99.3291012600249,99.61760288018267,97.90518898871021,98.16577911376953,29932700
2016-05-18,97.94242927924324,99.0499143830574,97.7563005510326,98.51943969726562,27524400
2016-05-19,98.13784460123273,98.37981757401431,97.2909498470286,98.00755310058594,27334600
2016-05-20,98.39846569619792,99.48733376615273,98.34262139236368,99.08715057373047,29549600
2016-05-23,99.19884465874932,99.5524992852134,98.86381427106649,98.95687866210938,15729800
2016-05-24,99.50593403103238,101.06013091166123,99.47801543203455,100.93914794921875,29931300
2016-05-25,101.32071548548655,101.97217309404974,101.1438882344385,101.66505432128906,37951700
2016-05-26,101.76743044809716,102.09315926262923,101.52545742857808,101.9628677368164,21885900
2016-05-27,102.02802583453075,102.50266336471975,102.00941580017431,102.49335479736328,19870000
2016-05-31,102.63292929000283,102.84698368363655,102.16760044331232,102.68876647949219,24366100
2016-06-01,102.37236078083242,102.93075405592946,102.28860498472794,102.69808959960938,19571500
2016-06-02,102.4933472261464,102.92144898828553,101.93495393206737,102.91214752197266,15696600
2016-06-03,102.71671617807078,102.7632448134001,101.7581325655826,102.42820739746094,20269900
2016-06-06,102.61432447803654,103.07034478288169,102.4374972351893,102.80045318603516,12502400
2016-06-07,102.85630674863845,102.95867968443756,102.4933507400257,102.53988647460938,12184300
2016-06-08,102.71671295166016,102.93076028823567,102.3351398120208,102.71671295166016,14568700
2016-06-09,102.29789751008508,102.66085346219428,102.10246023589974,102.54917907714844,17571600
2016-06-10,101.61853635759232,101.81397366067323,101.03221734799347,101.38587188720703,32965000
2016-06-13,100.8088243386405,101.37652600544851,100.40864131286361,100.53893280029297,25154700
2016-06-14,100.26904126194543,100.90188867246812,99.80371249245385,100.53893280029297,24588500
2016-06-15,100.78093241725273,100.92053250511198,100.08293907831185,100.25045776367188,24605700
2016-06-16,99.75721345656318,100.64133554062306,99.11505729213414,100.54827117919922,32079900
2016-06-17,100.34016802728723,100.48013992798381,99.13642107212323,99.36970520019531,29208800
2016-06-20,100.52679871639934,101.0026932076053,99.92025856489775,99.99491119384766,20562800
2016-06-21,100.12557033271811,100.51748603643027,99.93893872194946,100.31219482421875,22804100
2016-06-22,100.36819119656725,100.95607193260436,99.98560881338209,100.06958770751953,22724200
2016-06-23,100.84406829953925,101.51592776545368,100.42415969297623,101.49726104736328,18714200
2016-06-24,97.88600911879499,99.37902592479797,97.10217084610237,97.3167953491211,68012700
2016-06-27,96.67295705259623,96.67295705259623,94.9466556465132,95.3852310180664,48222600
2016-06-28,96.43965886212405,97.52210065316729,96.39300630722741,97.4754409790039,28260600
2016-06-29,98.24059946386285,99.40701996874205,98.19394691522714,99.20172882080078,31356700
2016-06-30,99.36971392127089,100.41482946969329,99.03378417782322,100.3495101928711,36300800
2016-07-01,100.30283932353149,101.2266495745662,100.26551300961698,100.8533935546875,19902800
2016-07-05,100.32151956678429,100.46149148301996,99.69631262350066,100.23753356933594,21167900
2016-07-06,99.76164120657542,101.10535312177907,99.44437104820636,101.05870056152344,24579300
2016-07-07,101.15203145593699,101.58127353349519,100.88142092718465,101.3573226928711,19161700
2016-07-08,101.8985165517746,102.98095845348635,101.73055167458718,102.92497253417969,29457900
2016-07-11,103.27022276875412,103.89542256369778,103.26089652890151,103.5128402709961,20218500
2016-07-12,104.14737934862885,104.31534422600089,103.89542847293706,104.035400390625,21906100
2016-07-13,104.27801615919738,104.34333543712148,103.77412153552541,103.78345489501953,21107800
2016-07-14,104.47396328780731,104.68858781857587,104.23134580069213,104.49263000488281,20871000
2016-07-15,104.73524412417846,104.79123715814393,104.09138474734404,104.32466888427734,17999300
2016-07-18,104.38999791710013,105.20182223319335,104.3713311976109,105.01519775390625,20713900
2016-07-19,104.65127322551399,104.95921001835171,104.44598203028885,104.63260650634766,18936700
2016-07-20,105.20181872148694,106.05097644821318,105.07118016649325,105.85501861572266,24997900
2016-07-21,105.92965925367061,106.13495043613733,105.32312618454053,105.61239624023438,18885400
2016-07-22,105.68704169101684,106.17226953719722,105.36044534077367,106.05096435546875,20003400
2016-07-25,105.96697576212088,106.08828806013182,105.7056986883532,106.06029510498047,12968100
2016-07-26,106.02300145469991,106.56421536598175,105.6497453260697,106.18163299560547,21223800
2016-07-27,107.07742423707721,107.19872943144662,106.47088402669566,106.91879272460938,27646100
2016-07-28,107.08676202426018,107.41335842204141,106.75083226675162,107.29205322265625,16939700
2016-07-29,107.53466345968405,107.81460729694264,107.18940746223498,107.52533721923828,22385300
2016-08-01,107.5999973727682,108.3651692301687,107.46935879608532,108.09455871582031,13990100
2016-08-02,107.93591791116428,108.029230155176,106.58287257482462,107.27339172363281,21278400
2016-08-03,107.18939962974008,107.63730119350394,107.12408035505507,107.62796783447266,15011300
2016-08-04,107.59067229658243,108.038573958842,107.33872138220144,107.93592834472656,12835300
2016-08-05,108.48647462465682,109.21432011083098,108.36516229744912,108.9717025756836,23196600
2016-08-08,109.02767104718508,109.05567112385963,108.50511685753054,108.85037994384766,12358200
2016-08-09,108.93435295538232,109.44758087780049,108.8690336851897,109.1023178100586,13276500
2016-08-10,109.16764366461173,109.19563662220173,108.53311052192632,108.8223876953125,14688400
2016-08-11,109.19563633773042,109.52223982680806,108.97168555832693,109.28895568847656,12969800
2016-08-12,109.10230936523432,109.3729197834482,108.9810041926278,109.36358642578125,19379000
2016-08-15,109.50360373416154,110.08215112196389,109.46627740727732,109.8302001953125,11777800
2016-08-16,109.62491243165724,109.63423867361655,109.20499660762216,109.22366333007812,14161400
2016-08-17,109.25164418268479,109.45693539132942,108.64510391694412,109.41960906982422,15980300
2016-08-18,109.31695513328795,109.60622520382002,109.13032353998716,109.44759368896484,10036300
2016-08-19,109.25164418268479,109.66221948070618,108.95304072991108,109.41960906982422,18743000
2016-08-22,109.26096067752681,109.69020977691359,109.0556766064614,109.50357818603516,14500600
2016-08-23,109.93280040359697,110.11943196092476,109.65286374650424,109.69951629638672,11997900
2016-08-24,109.62490495824171,109.774203131368,108.62644895297527,108.99037170410156,17728700
2016-08-25,108.71042659705975,109.14900198936684,108.57978802734293,108.81307220458984,24266300
2016-08-26,108.85039736774391,109.68088846035474,108.31850973405756,108.9717025756836,23896000
2016-08-29,108.99968987635862,109.4102722807805,108.98103027582475,109.12100219726562,11184900
2016-08-30,108.94369379408698,109.26095680844473,108.39314663884254,108.76639556884766,19843300
2016-08-31,108.59844116379347,108.76640604618241,108.19719211804583,108.65443420410156,16169800
2016-09-01,108.69176915435388,109.06501814994847,108.15988150443651,108.93437957763672,20944700
2016-09-02,109.475580151435,109.69953093083849,108.87837332684771,109.28895568847656,18088200
2016-09-06,109.47557732837791,109.97013854980469,109.23295983737482,109.97013854980469,18525200
2016-09-07,110.07278011050366,110.22208536697138,109.61554522128756,110.03545379638672,17546900
2016-09-08,109.70886457420526,109.73685753179493,109.10232438911743,109.3916015625,20125300
2016-09-09,108.4771197940464,108.71973728117398,106.62018012386986,106.63883972167969,50813300
2016-09-12,106.04164846047681,108.70108649223354,106.03231510057094,108.55178833007812,39646000
2016-09-13,108.01056370696587,108.32782674034705,107.05876748755495,107.5813217163086,45863900
2016-09-14,107.69331674405753,108.68243943016175,107.66531666110964,108.09455871582031,28221800
2016-09-15,108.12252907482267,109.94214240643926,108.11319571640587,109.77417755126953,38521400
2016-09-16,109.65632645504986,109.8340689010926,109.1792324424166,109.72180938720703,27596500
2016-09-19,110.00245258594104,110.33922400616727,109.02956530207047,109.24472045898438,16222900
2016-09-20,109.63760014850563,109.8995389836123,109.26341608684594,109.45050811767578,18078600
2016-09-21,109.91825392833096,110.68534273409132,109.27277423841045,110.52631378173828,31546800
2016-09-22,111.17177866857928,111.52726352238973,111.05952630388423,111.40564727783203,22614400
2016-09-23,111.32147603926562,111.32147603926562,110.53568081068107,110.69470977783203,22213400
2016-09-26,110.06792097555017,110.19888682016038,109.60953338231116,109.76856231689453,16403900
2016-09-27,109.69372775687302,110.90984016816418,109.59082500414259,110.85371398925781,20238400
2016-09-28,110.99406307164487,111.10631545625604,110.47019244074174,111.04083251953125,14794300
2016-09-29,110.85371412455804,111.05951963027009,109.75921081192917,110.23629760742188,27207500
2016-09-30,110.52633477206484,111.38696976400146,110.41407524120578,111.05955505371094,25543200
2016-10-03,110.91921904631346,111.04082817058097,110.47018811414075,110.9005126953125,19216400
2016-10-04,111.22789404071395,111.47111935347989,110.31112610004384,110.73209381103516,21239700
2016-10-05,111.05954757992671,111.48050830238509,111.01277099427361,111.12503051757812,14481300
2016-10-06,110.98468939050817,111.3027544182797,110.52630890338538,111.06888580322266,11987100
2016-10-07,111.1717816889177,111.330817771729,110.28308380445432,110.8256607055664,19984200
2016-10-10,111.3963168420929,111.77050810871167,111.34954025735126,111.52728271484375,19687300
2016-10-11,111.4337309316131,111.4524372822815,109.45052231685607,109.93696594238281,27774400
2016-10-12,110.03983252344156,110.21757491330446,109.50661249095494,109.8433837890625,14267800
2016-10-13,109.09503040425768,109.74985964926563,108.45890750749133,109.45050811767578,22821000
2016-10-14,109.99311597002543,110.43279021708942,109.51602187883837,109.58150482177734,21313300
2016-10-17,109.4879481933844,109.73117358811348,109.1418200215432,109.28214263916016,14182700
2016-10-18,110.58245007843632,110.76954927810864,110.19890920904128,110.25503540039062,19276700
2016-10-19,110.17081920807144,110.40468781286977,110.04921010293353,110.24565887451172,13702900
2016-10-20,110.1334138037836,110.35792568086576,109.47857738473013,110.11470031738281,18132200
2016-10-21,110.19889913362789,110.59179671136036,109.8340646490043,110.52631378173828,15707800
2016-10-24,111.23727347887616,111.92952259342348,111.21855999255918,111.85468292236328,19143000
2016-10-25,111.92018252425494,111.93889601335988,111.33083608533798,111.49922180175781,20341800
2016-10-26,110.7788825419334,111.34952252681363,110.41404807777766,110.74146270751953,20463700
2016-10-27,111.21854856210099,111.31209457276016,110.07726867559097,110.23629760742188,19099800
2016-10-28,109.91826628229113,110.48890636332077,109.20730358284185,109.54407501220703,35369300
2016-10-31,109.94631920668733,109.94631920668733,109.38503592204168,109.441162109375,18749400
2016-11-01,109.62825696477059,109.64696331410796,107.67311158368327,108.6179428100586,23498700
2016-11-02,108.5431072355399,108.79568935230375,107.47666685545832,107.74795532226562,26960100
2016-11-03,107.57022108296016,107.92570599483199,106.56926355735604,106.69087982177734,36205200
2016-11-04,106.42891800825527,107.1492372839678,106.12956648950677,106.31666564941406,26997500
2016-11-07,108.03795953490456,108.95472778305496,107.86022421416989,108.84246826171875,26591200
2016-11-08,108.7301908725509,110.04920604366662,108.47760879190751,109.55340576171875,20777900
2016-11-09,108.2718037246102,110.23629851300343,108.14083788119086,110.05856323242188,70234400
2016-11-10,110.59179687005575,110.74146907921924,106.83118537177994,108.28117370605469,72825400
2016-11-11,107.81344328928884,108.56182579386106,107.42989529299183,108.32795715332031,41115200
2016-11-14,108.35602565614614,108.45892843408818,106.67216850537194,107.23345184326172,35906000
2016-11-15,108.0473204624009,109.0950546241214,107.88829148717964,108.72086334228516,31796600
2016-11-16,108.206324330771,109.44115027834343,108.206324330771,109.36631774902344,16538100
2016-11-17,109.31018336705897,110.18017485373151,109.0856715070767,110.16146850585938,20598600
2016-11-18,110.29245490141294,110.47954696340565,109.6469751544601,109.7498779296875,16428700
2016-11-21,110.0211749705977,110.99406947024066,109.98375512786852,110.89116668701172,20268500
2016-11-22,111.33080802626498,111.49919370024601,110.95661684662899,111.2279052734375,18850600
2016-11-23,110.86307366599215,110.98468276920933,110.29243370832877,110.77887725830078,22926000
2016-11-25,110.90986511494101,111.18115360251416,110.77889924329945,111.13438415527344,7162800
2016-11-28,110.99404966929366,111.39630398549004,110.76953779007594,110.88179016113281,13479000
2016-11-29,110.98468988883774,111.79855524224796,110.66663199674183,111.26533508300781,18553000
2016-11-30,111.4056442974492,111.44306413038099,109.88082357527134,109.91824340820312,30405300
2016-12-01,109.88083358403613,109.8901903273972,107.8508556380286,108.01924133300781,39796600
2016-12-02,108.0847256779662,108.66472244318086,107.7853741204273,108.2343978881836,32876800
2016-12-05,108.7957016167666,109.5066571922304,108.2998940709207,109.07633972167969,21419700
2016-12-06,109.38503341571293,109.52535601793518,108.87987632997519,109.3382568359375,27293300
2016-12-07,109.11372321426859,110.86306274760352,108.78630863238843,110.72274017333984,26622400
2016-12-08,110.76955536923415,111.19987284648624,110.55439306205555,110.91922760009766,18578400
2016-12-09,111.33081933446753,111.82661966457631,111.32146259132288,111.78919982910156,21863100
2016-12-12,111.29341436158168,111.51792626730862,110.82567706133942,111.2840576171875,23259300
2016-12-13,111.62081551505158,113.2953157034095,111.62081551505158,112.687255859375,54477900
2016-12-14,112.827606231356,113.19244080015663,112.1260001933385,112.45341491699219,28746000
2016-12-15,112.60307093944068,113.29532008829634,112.33178247123006,112.63113403320312,22762300
2016-12-16,112.90791171141194,113.13309469177646,111.98843959532627,112.21361541748047,26283900
2016-12-19,112.32618770583821,113.36763554780819,112.16668849067032,112.67333221435547,21138700
2016-12-20,113.02988133249481,113.31134930498942,112.89852818035534,113.10494232177734,11461800
2016-12-21,113.15185333903817,113.22691433048833,112.76717828472387,113.02050018310547,7079300
2016-12-22,113.02986752039651,113.05801359838556,112.2605103697898,112.70148468017578,16645000
2016-12-23,112.5138516049483,112.82347283256323,112.41064452907666,112.77655792236328,9007500
2016-12-27,113.02050143074877,114.01503452470658,112.97359367923221,113.35826873779297,16110600
2016-12-28,113.60221945852798,113.70542653887776,112.40127215068745,112.47632598876953,17975200
2016-12-29,112.44815611513339,112.71086238836894,111.96027405886868,112.31680297851562,13267500
2016-12-30,112.53261156473287,112.5419888194657,110.84377514555945,111.16278076171875,41749000
2017-01-03,111.90400428780224,112.57953897344414,111.54747527402944,112.15733337402344,22307600
2017-01-04,112.2792845004196,112.97358790620342,112.26990724552161,112.76717376708984,19749100
2017-01-05,112.68270962980604,113.4802128143361,112.68270962980604,113.40515899658203,20644300
2017-01-06,113.52713972666957,114.69994075690377,113.23628736179852,114.39970397949219,24074300
2017-01-09,114.49354924791847,114.98143858147336,114.41848824918527,114.7750244140625,18909200
2017-01-10,114.82191380749306,115.3754796368615,114.55920751214927,115.02832794189453,16176600
2017-01-11,115.07524535908024,115.33795166015625,114.48414902344938,115.33795166015625,20686000
2017-01-12,114.92512300831176,115.23474421566216,114.09008920051933,115.15968322753906,19622500
2017-01-13,115.21599701251266,115.75079409316355,115.21599701251266,115.55376434326172,16930800
2017-01-17,115.25351175521556,115.43177982153738,114.86883669835449,115.20660400390625,14538500
2017-01-18,115.37547790712917,115.55374595838683,115.08462553567472,115.44115447998047,12499700
2017-01-19,115.61003296630251,116.01347679818376,115.14091256449684,115.38485717773438,12710700
2017-01-20,115.89151311718527,116.18237266451797,115.32857000737586,115.63819122314453,22091000
2017-01-23,115.5631338630211,115.90090117115861,115.00019073552865,115.73201751708984,17434200
2017-01-24,115.95719158257691,116.68902551127925,115.76016184884517,116.51075744628906,17640900
2017-01-25,117.24261164082527,117.71173220940646,117.13940454308046,117.68358612060547,15036200
2017-01-26,117.84301906977423,118.04943314908677,117.59907450711324,117.80548858642578,16052200
2017-01-27,118.05883913230173,118.14327736660924,117.64601089824077,118.03069305419922,15053000
2017-01-30,117.63665688389978,117.63665688389978,116.46385560517854,117.11124420166016,25006700
2017-01-31,116.69841039016086,116.90482455085296,116.20114381660841,116.87667846679688,19091100
2017-02-01,117.70234779373553,117.91814640489606,117.1487889587514,117.68358612060547,22861900
2017-02-02,117.47715333118815,117.93688941133279,117.14877041679914,117.58036041259766,15101400
2017-02-03,117.70232277260449,118.0400900828374,117.58973844133371,117.91812133789062,16957200
2017-02-06,117.72110107079632,118.07763007885424,117.6085095722571,118.05886840820312,11630100
2017-02-07,118.30281075160305,118.73440793453311,118.19022640667446,118.49046325683594,17541100
2017-02-08,118.33094813697375,118.85636076478615,118.10576516087397,118.6874771118164,12569100
2017-02-09,118.80942028602568,119.38174770023981,118.7437437216835,119.1190414428711,17542700
2017-02-10,119.38178464804558,119.68202148627508,119.17537047959827,119.51313781738281,13915700
2017-02-13,119.87904652804693,120.33878260265578,119.83213877410513,120.18867492675781,19120200
2017-02-14,120.2355507129077,120.60146404591929,119.8508757138328,120.59208679199219,16333500
2017-02-15,120.50767192089114,121.36147463558912,120.44198818141238,121.30516815185547,17891400
2017-02-16,121.380223489534,121.62417529174621,120.9580179379471,121.26763916015625,15098300
2017-02-17,121.08937197676042,121.80244424513664,121.07060314958726,121.79305267333984,15563700
2017-02-21,122.02761078671091,122.46858516089081,121.9619413673757,122.39352416992188,18479600
2017-02-22,122.28093808203832,122.52487556186195,122.07452393894911,122.44043731689453,12110900
2017-02-23,122.62807082161248,122.62807082161248,121.49280746039278,121.98068237304688,17489000
2017-02-24,121.42713680913818,122.21525573730469,121.38961347197697,122.21525573730469,18624500
2017-02-27,121.9900734792604,122.37474132884671,121.7836593568392,122.36536407470703,12008700
2017-02-28,122.33723397846522,122.39352614349458,121.65232210990733,121.9900894165039,16598600
2017-03-01,122.76881380318449,123.54754106490896,122.5342536043373,123.32237243652344,25813800
2017-03-02,123.29425192248812,123.31300643446332,122.55303352324839,122.70315551757812,19951400
2017-03-03,122.61872346625535,122.96586806883212,122.29033337660235,122.9283447265625,13722700
2017-03-06,122.5248815815571,122.86264889444135,122.16835975759422,122.65623474121094,12026200
2017-03-07,122.41231338743225,122.98464101203743,122.23404529373877,122.44983673095703,15500900
2017-03-08,122.5248894146617,123.05030208686706,122.40292781917076,122.66563415527344,15776000
2017-03-09,122.63746835575571,122.92832072994022,122.10266419696279,122.75942993164062,20855300
2017-03-10,123.32239709016635,123.47251908338018,122.74069226198937,123.27548217773438,21922600
2017-03-13,123.22857398835518,123.51004916188239,123.16290456050466,123.48190307617188,10731600
2017-03-14,123.2004018209131,123.24731672597268,122.68436649809578,123.18163299560547,14019700
2017-03-15,123.43496180559411,124.23247224090136,123.04090237336362,123.94161987304688,22709100
2017-03-16,124.17619052517944,124.17619052517944,123.57571691369488,123.857177734375,18457300
2017-03-17,124.0113896128095,124.14301599384537,123.74813685073775,123.81395721435547,21234500
2017-03-20,123.77632358557781,124.20881840142971,123.5976990805799,123.9267578125,10105200
2017-03-21,124.3968368747826,124.50965535633334,121.97113909807287,122.04635620117188,35841900
2017-03-22,122.08399817563574,122.99598602078285,121.9241528308091,122.8737564086914,29177900
2017-03-23,122.71391842187128,123.05238826622009,122.35664071222594,122.56348419189453,20311700
2017-03-24,122.95837543308325,123.43786844903111,122.3472560394517,122.81735229492188,22967600
2017-03-27,121.9429366169021,123.2310098040501,121.6608760618816,123.01475524902344,18472400
2017-03-28,123.01478040406292,124.13361174850783,122.74213089771355,123.76693725585938,23721900
2017-03-29,123.85153480165503,124.38745132972274,123.7199084459151,124.34043884277344,13710000
2017-03-30,124.29343863904332,124.67892098544705,124.18062013617323,124.54729461669922,16092400
2017-03-31,124.3686139034315,124.801108595886,124.22759082230144,124.46263885498047,19841400
2017-04-03,124.56609765468902,124.86695176608157,123.69171125274039,124.38745880126953,23700300
2017-04-04,124.03015940257028,124.6036772466251,123.9831469210192,124.58486938476562,13400000
2017-04-05,124.76353066020609,125.49687959655674,123.84214611000613,124.07719421386719,32011200
2017-04-06,124.1993831719936,124.4720325709156,123.82329772117856,124.14295959472656,18832200
2017-04-07,124.10539883863468,124.45326544156576,123.63530263091259,124.07719421386719,16743100
2017-04-10,124.19943129166832,124.64132290121128,123.78574430858991,124.12421417236328,15619300
2017-04-11,124.01133278412144,124.1993826818834,122.69506957694557,123.58824920654297,33778400
2017-04-12,123.56946635517534,123.67288808139743,122.95834710235127,123.08997344970703,15955200
2017-04-13,122.92075816367364,123.64469597430188,122.58228832961727,122.60108184814453,23683000
2017-04-17,122.94895706412626,123.6352934595522,122.90194457760192,123.61648559570312,13325500
2017-04-18,123.20278497677452,123.78571392174184,123.11817111815179,123.42843627929688,12841100
2017-04-19,123.96437009662276,124.37804268986409,123.4566581814221,123.62590026855469,17764800
2017-04-20,124.12420825017635,124.93277431137912,123.93617263398458,124.66011047363281,21977900
2017-04-21,124.77299553862991,124.81999370269845,124.31229589188598,124.6319580078125,22454900
2017-04-24,126.01399322977717,126.25843810273545,125.79775298269108,126.13622283935547,22469900
2017-04-25,126.54989409514108,127.2738318642052,126.4370612594689,127.0481948852539,19384400
2017-04-26,127.09520487107572,127.4054700922488,126.79435075570048,126.86956787109375,25398500
2017-04-27,127.17981523283608,127.631103515625,127.10459812800528,127.631103515625,16136500
2017-04-28,128.13885021264645,128.1858627144808,127.64996036293286,127.85680389404297,22771900
2017-05-01,128.27982858541782,129.16361156618441,128.22341934769992,128.99436950683594,24815500
2017-05-02,129.15425358087901,129.26708644891536,128.82519477679128,129.21066284179688,18345100
2017-05-03,128.91910544726107,128.96611791029932,128.4490095092577,128.79689025878906,23827600
2017-05-04,128.77815761331294,129.21063809498702,128.39267527593546,128.84396362304688,14630100
2017-05-05,129.1730332749494,129.31405639648438,128.693540315533,129.31405639648438,19330700
2017-05-08,129.37987488034454,129.5961151123047,129.11662215981985,129.5961151123047,13279900
2017-05-09,129.79356834237015,130.33888167546345,129.68073549491075,130.04742431640625,28426100
2017-05-10,130.1226348876953,130.16964738143875,129.66194974912656,130.1226348876953,20499400
2017-05-11,129.76538440591,130.05684181143508,129.16366172625166,130.01922607421875,27232100
2017-05-12,130.0756056202391,130.33885830678193,129.9627727930097,130.31065368652344,19738600
2017-05-15,130.36705617118255,130.79953655686438,130.2448265922663,130.7243194580078,20481300
2017-05-16,131.06282508720446,131.28847644551,130.67735707612223,131.26966857910156,21786000
2017-05-17,130.22601800401256,130.47047716048036,127.91315319841249,127.93196105957031,55642200
2017-05-18,127.88499742083896,129.48332192100517,127.74395992758305,129.0508270263672,41319900
2017-05-19,129.5115012406069,130.14142841801933,129.4268873689091,129.5961151123047,36730100
2017-05-22,129.88755265657838,130.75254214495394,129.84055452137557,130.6867218017578,19509700
2017-05-23,131.07223060778978,131.08162736749424,130.47990478385412,130.81837463378906,19687500
2017-05-24,131.21327671994115,131.48594060731335,130.8466021804617,131.4201202392578,15891900
2017-05-25,131.91842511197757,132.87742560782138,131.6363644548234,132.53895568847656,23928600
2017-05-26,132.56711284739893,132.83036554081866,132.388474016965,132.77395629882812,13851600
2017-05-30,132.70817142455124,133.04664131316147,132.6235575389486,132.88681030273438,20306400
2017-05-31,133.35687610470234,133.35687610470234,132.16284217969348,132.8397674560547,33229400
2017-06-01,133.11245818655232,133.41331233176106,132.54833693826185,133.35690307617188,20120700
2017-06-02,133.8269948035237,134.90822476844127,133.6107545490197,134.88002014160156,37222900
2017-06-05,134.8705534643454,135.08679362975175,134.66371005528092,134.85174560546875,15727500
2017-06-06,134.69194337289795,135.13383490041102,134.118425497585,134.3158721923828,22393000
2017-06-07,134.69194249927568,134.95519519316798,134.07142649007,134.84237670898438,18842400
2017-06-08,135.14325994058822,135.19966918886269,134.2500656889179,134.98342895507812,25417400
2017-06-09,135.1433032738313,135.29372320206235,129.85001380510877,131.60816955566406,109783700
2017-06-12,130.49867834756515,131.1380021481733,129.24822101805228,130.9029541015625,104454000
2017-06-13,131.6363200197745,132.1534286589689,130.94998365113256,131.96539306640625,51193000
2017-06-14,132.50129626791303,132.50129626791303,130.32945431235757,131.39187622070312,60093800
2017-06-15,130.06621517840335,130.949998343422,129.2670602337997,130.80897521972656,55145200
2017-06-16,130.7411135309294,130.83539468195374,129.76065573258225,130.241455078125,48087400
2017-06-19,131.50471722420286,132.54173765067395,131.30673262003964,132.419189453125,39626500
2017-06-20,132.28723698253174,132.45692578322556,131.33504631658354,131.38218688964844,40935100
2017-06-21,131.68388088778286,132.74919758447177,131.59903647440552,132.68321228027344,35743400
2017-06-22,132.89057195343375,133.13568274424347,132.30605485953322,132.64544677734375,24099100
2017-06-23,132.49461708446245,133.3242450590655,132.12694366576918,133.15455627441406,21654300
2017-06-26,133.91813638136352,134.14438801280852,132.24003631685537,132.53228759765625,34411100
2017-06-27,132.03264697439272,132.19291336309357,130.11885828217612,130.12828063964844,65957800
2017-06-28,130.6090934161164,132.11750511503155,129.8549019519389,132.00437927246094,57427200
2017-06-29,131.45761684681287,131.45761684681287,128.45022935871387,129.71351623535156,88769400
2017-06-30,130.08113762975825,130.73163991505092,129.33636861568357,129.76060485839844,68898300
2017-07-03,130.354560438452,130.50539010031397,128.30878659940794,128.3936309814453,32797000
2017-07-05,128.79899686855762,130.00572036920627,128.36533825269137,129.6569061279297,42116600
2017-07-06,128.66694889065712,129.21374745666662,128.0258836386078,128.48782348632812,48430500
2017-07-07,128.92157268986787,130.22257744169153,128.91215033126056,129.87374877929688,36970400
2017-07-10,129.9586008230999,131.03333944521245,129.62863128027465,130.72222900390625,24853500
2017-07-11,130.5336835549497,131.25017118782864,130.0434476033589,131.08990478515625,31517700
2017-07-12,132.2117881178127,132.79629082643294,131.94781822454675,132.64544677734375,36045800
2017-07-13,132.80572866103356,133.25826086103524,132.5511954819748,132.93771362304688,31073600
2017-07-14,133.5316283873433,134.1538492580214,133.10739211561886,133.98414611816406,34544800
2017-07-17,134.1255776645461,134.5215325062987,133.7956081037788,134.05015563964844,25343200
2017-07-18,133.9558608091229,134.97403646316633,133.5316245495912,134.9457550048828,25748500
2017-07-19,135.3416856502814,135.93562493878653,135.28512274380972,135.73764038085938,33752300
2017-07-20,136.08652751855274,136.1713719147777,135.30404007659675,135.9168243408203,36139400
2017-07-21,135.41714933353475,135.86024475097656,135.14375707301653,135.86024475097656,39697100
2017-07-24,135.84135723158914,136.57670385877765,135.6810908523586,136.48243713378906,26712700
2017-07-25,136.02996348047355,136.4542142735749,135.76599352070787,136.1336669921875,28120900
2017-07-26,136.47300246386067,136.65212794491993,136.25617316928899,136.5767059326172,18610600
2017-07-27,137.4723641725689,137.60434912738305,134.1538668133085,135.71884155273438,80665900
2017-07-28,134.90806905475057,135.8319637133473,134.6912253321552,135.60569763183594,38013200
2017-07-31,135.99226804013884,136.16195685961964,134.7384034612642,135.03065490722656,33848600
2017-08-01,135.49261045481538,135.5303142865213,134.9269522822322,135.34176635742188,20149400
2017-08-02,136.21850674756368,136.24678821178068,134.44612493512778,135.70941162109375,41769700
2017-08-03,135.84139759041665,135.91681962398224,134.9363619581937,135.1814727783203,27112800
2017-08-04,135.48315201745237,135.72826282148628,134.87035342944597,135.42657470703125,29472900
2017-08-07,135.67168546693972,136.2844696044922,135.4831376080989,136.2844696044922,17933900
2017-08-08,136.02047037759448,137.14234931577056,135.6622194533967,136.0487518310547,30810400
2017-08-09,134.92690571839432,135.93565908814287,134.6157952693676,135.86965942382812,36169500
2017-08-10,135.09662874037411,135.19089549361752,132.82458852356172,132.95657348632812,63331700
2017-08-11,133.135719178292,134.257598724327,132.83403099755336,133.96534729003906,45862500
2017-08-14,135.03059658514516,135.89792818687363,134.99289276997376,135.69052124023438,34161000
2017-08-15,136.02991606497255,136.0393528079288,135.41713195453062,135.78480529785156,25509200
2017-08-16,136.1241960283978,136.66157250230572,135.567974839295,136.02049255371094,31913000
2017-08-17,135.49254509528123,135.69995203282613,133.23936462402344,133.23936462402344,70191000
2017-08-18,133.31475313020317,134.05952193854694,132.5982513859352,133.14505004882812,60751900
2017-08-21,133.1356692234323,133.42792054806236,132.15519738920628,132.97540283203125,37111500
2017-08-22,133.6919376744115,135.14378683843594,133.6447970990344,135.0023651123047,36294200
2017-08-23,134.32354554131663,134.8232038603965,134.22927880080502,134.5215301513672,25702300
2017-08-24,134.82320840133127,134.9740524535665,133.37137395808884,134.12557983398438,38160800
2017-08-25,134.6440739627806,134.983451443635,133.66360217827426,133.8427276611328,26380400
2017-08-28,134.24811635734204,134.56866353676875,133.82388008446705,134.25755310058594,15362100
2017-08-29,133.10737651028884,135.0117427160932,132.98481394505424,134.7854766845703,24498300
2017-08-30,134.89861509276963,136.5955745243116,134.81377071751228,136.3693084716797,33642700
2017-08-31,136.75585821214628,137.8400336680139,136.68043618506394,137.83059692382812,38480700
2017-09-01,138.0097174453023,138.19826531354403,137.27437068946335,137.6420440673828,22293600
2017-09-05,137.23668671840898,137.52893811424389,135.37946045779356,136.4070587158203,44794300
2017-09-06,136.7558844744217,137.1329946822527,135.83198963948195,136.82188415527344,30722700
2017-09-07,137.07639534927827,137.4912093186364,136.64273666151746,137.14239501953125,22721100
2017-09-08,136.96320638383037,137.02920602367013,135.81304613889859,135.9544677734375,27890100
2017-09-11,137.01984233825286,137.75518919704058,136.98213851343806,137.51950073242188,27126300
2017-09-12,137.90603497646296,138.0285975828744,137.19896957384154,137.84947204589844,30256700
2017-09-13,137.61377331069153,138.0568687474299,137.3875072200332,138.0380096435547,28450900
2017-09-14,137.50064053065003,137.9154400980371,137.14238950147688,137.22723388671875,35296400
2017-09-15,137.1989348656872,138.19825141360968,136.97266881538673,137.69859313964844,46422400
2017-09-18,137.85832334944465,138.29293132121188,137.1024664745098,137.5181884765625,24858200
2017-09-19,137.7637764768824,137.9527370100079,137.29136793568645,137.75433349609375,20871200
2017-09-20,137.70714485025601,137.85831910394157,136.27101827378408,137.3292236328125,34236200
2017-09-21,137.23477245065163,137.24421543771797,136.00650654364208,136.48837280273438,28841800
2017-09-22,136.05368488318442,136.55443687559364,135.91196806147133,136.3560333251953,21702400
2017-09-25,135.81751084383774,135.89309797118938,134.25856779042533,134.91993713378906,54947700
2017-09-26,135.6096202641284,135.86472496119194,134.79707684332044,135.2694854736328,29628800
2017-09-27,135.98760615273525,136.9985680230257,135.64748561705713,136.48837280273438,33249400
2017-09-28,136.15762248161758,136.58278738576817,135.84583104076904,136.44107055664062,24149400
2017-09-29,136.71504737098957,137.52759074806613,136.35602663467657,137.4236602783203,43102400
2017-10-02,137.6315083523917,138.1039169131194,136.9323384924793,137.54647827148438,27351300
2017-10-03,137.7260430238484,138.00003373957824,137.423694521334,137.83941650390625,19715200
2017-10-04,137.57482769144394,138.26454018379135,137.44255386528462,137.97164916992188,26381100
2017-10-05,138.47239459069039,139.3983113301931,138.33067778961117,139.32273864746094,31562400
2017-10-06,138.85034955761876,139.51171875,138.85034955761876,139.51171875,23561100
2017-10-09,139.69122423512707,139.84238402545935,139.1715719087057,139.35108947753906,13704800
2017-10-10,139.8235410989494,139.9652579512448,138.84092286713332,139.45506286621094,19223100
2017-10-11,139.38893679716693,139.89914636512503,139.20941914980287,139.87078857421875,12439100
2017-10-12,139.66285957933735,140.16361144933154,139.4738846408942,139.61561584472656,14513500
2017-10-13,140.18256395192253,140.31483782156255,139.6251251024946,140.1542205810547,18409900
2017-10-16,140.5037582862196,140.67381844538508,140.20140989201664,140.6360321044922,21809400
2017-10-17,140.58882008655385,140.83446739969494,140.37151613966873,140.81556701660156,13138200
2017-10-18,140.95726867505476,140.9761690541806,140.43761637483328,140.64547729492188,17218200
2017-10-19,139.82350522048978,140.1447396144448,139.143235670487,140.12583923339844,27680300
2017-10-20,140.6927294731952,140.81554590296676,140.33369433209515,140.50376892089844,30173300
2017-10-23,140.7966603707494,140.80610335252504,139.3888775808093,139.58729553222656,29297100
2017-10-24,139.86130319417086,140.11640790082348,139.3038644494729,139.82351684570312,20289500
2017-10-25,139.54947720207898,140.0029853552361,138.25508244024354,139.29437255859375,36179100
2017-10-26,139.20936252880549,139.55895469555574,138.81254103555622,138.850341796875,28230200
2017-10-27,141.18401864276166,143.15869742675545,140.96671473674405,142.89414978027344,60165100
2017-10-30,142.79024342277353,143.79174745591712,142.657969577203,143.2154083251953,31733400
2017-10-31,143.6783488246452,143.96178243209815,143.26262697802704,143.75392150878906,26319300
2017-11-01,144.33030989942975,144.3964540416336,143.13984509069297,143.7067413330078,29481600
2017-11-02,143.54612801283722,143.60282917772722,142.45015057675744,143.43275451660156,31017400
2017-11-03,143.95233152363835,144.83100449188672,143.4610226031662,144.81211853027344,26199200
2017-11-06,144.69870823948293,145.36009162927107,144.65147892600862,145.3033905029297,28693900
2017-11-07,145.1900860338037,145.5774646222409,144.8782945662886,145.3885040283203,21333100
2017-11-08,145.31290445122627,146.01206003047804,145.14282983953802,145.97427368164062,17373500
2017-11-09,144.77434682688764,145.28455622812663,143.71615609360302,145.20896911621094,40594500
2017-11-10,144.8688008300926,145.31286599945824,144.6136961884484,145.19947814941406,20150800
2017-11-13,144.65154458692456,145.56801858582853,144.65154458692456,145.37904357910156,12522400
2017-11-14,144.86886071276246,145.02947794855626,144.1508046439013,144.84996032714844,25173800
2017-11-15,144.22634920459447,144.55704101283402,143.40436280043605,144.16966247558594,24808000
2017-11-16,144.8972072702775,146.3427768409918,144.86886389961805,146.0120849609375,34790600
2017-11-17,146.04989051578852,146.15382101720016,145.31293402096804,145.45465087890625,28725800
2017-11-20,145.5585973465591,145.69087123406746,145.13343230933748,145.34129333496094,21143900
2017-11-21,146.03090661865963,146.98518097229373,145.9647769283629,146.91903686523438,20147800
2017-11-22,147.05138905609505,147.2403496649445,146.76794093443573,147.0986328125,17299000
2017-11-24,147.24979707888457,147.6844050080834,147.16475255641578,147.6371612548828,8280600
2017-11-27,147.5899147867371,147.92059218721855,147.23087960421148,147.57101440429688,22653400
2017-11-28,147.90166983352026,148.0434010556157,147.1080268901417,147.94891357421875,25227300
2017-11-29,147.77890103185823,147.81668738653494,144.67044354339544,145.36961364746094,71986300
2017-11-30,145.98372688272934,146.87185751863638,145.64359205231324,146.58840942382812,56595500
2017-12-01,145.69085386369417,146.67347212526303,143.85790562906485,145.96485900878906,59015800
2017-12-04,146.88131354322624,147.04193076486698,144.14133454143743,144.28306579589844,51319100
2017-12-05,144.25468684770362,146.02150486007602,143.70670554451013,144.3775177001953,40604200
2017-12-06,143.83895463781607,145.25618023011555,143.66888007002274,145.0294189453125,28647800
2017-12-07,145.02003039349006,145.93650444048822,144.86885614688282,145.52078247070312,32666200
2017-12-08,146.58841874504284,146.94745398241477,145.93650682732994,146.1632537841797,28081700
2017-12-11,146.22936342787773,147.34424081410103,146.21990602906013,147.2969970703125,20821500
2017-12-12,147.23090668037165,147.53324077117668,146.78684132035178,147.0986328125,20310300
2017-12-13,147.6938256952537,147.85444288279416,147.16471597440972,147.3820343017578,24418500
2017-12-14,147.63717330254934,148.01510894222537,147.11753522524697,147.2781524658203,24594700
2017-12-15,147.85447750402048,149.1110863538334,147.60881575762795,148.95045471191406,49816200
2017-12-18,149.93417883235168,150.32236753000066,149.6596151479892,150.19927978515625,26844500
2017-12-19,149.91519680652794,150.0666871504061,148.89265865572196,149.3092498779297,31415000
2017-12-20,149.83002294387984,149.85842558394518,148.56132353123613,149.14833068847656,38972600
2017-12-21,149.35662259034862,149.83001917542106,148.99683656268007,149.16726684570312,18638700
2017-12-22,148.94000564416297,149.0536161820089,148.5991595837103,148.99681091308594,23330400
2017-12-26,148.16362922850908,148.38138755493924,147.65235296151755,148.19203186035156,21918700
2017-12-27,148.20153580421493,148.60866438537064,148.0689853364493,148.21099853515625,22388200
2017-12-28,148.68438796054062,148.71280504582987,148.2109913917773,148.39088439941406,25393800
2017-12-29,148.52346005973558,148.5518627029269,147.41571363451575,147.47251892089844,33186000
2018-01-02,148.2299326915804,150.09511634577575,147.86068394235434,150.0572509765625,32573300
2018-01-03,150.19923243030843,151.6478244824633,150.1708297976712,151.51527404785156,29383600
2018-01-04,152.03606425211956,152.23488274752748,151.56266761954237,151.78042602539062,24776100
2018-01-05,152.49996782916037,153.4088810927017,152.21592701671025,153.3047332763672,26992300
2018-01-08,153.30473034954352,153.97695977794436,153.2479250775212,153.90121459960938,23159100
2018-01-09,154.20419386909234,154.36514696903302,153.4467709157049,153.9106903076172,24782400
2018-01-10,153.22901234926837,153.57933566706862,152.547320070258,153.55091857910156,34004000
2018-01-11,153.81601160755804,154.6113143351201,153.5793133352896,154.60183715820312,20473500
2018-01-12,154.46929282252498,155.89895968968523,154.2704743562168,155.73800659179688,37762700
2018-01-16,156.77002491392753,157.5653277606631,154.8290959011014,155.29302978515625,41231800
2018-01-17,156.0314951758205,157.2055092940859,155.27405785786252,156.96881103515625,33849900
2018-01-18,156.72264483888387,157.3569944181062,156.3533961451003,156.99722290039062,26432200
2018-01-19,157.4611450946003,157.7451858904341,156.73211042290708,157.4895477294922,38937600
2018-01-22,157.4327848203915,159.1748809814453,157.2528917863955,159.1748809814453,26081400
2018-01-23,159.6672155036326,160.6329486782951,159.5914703088631,160.4909210205078,37989700
2018-01-24,160.83177301635945,161.18209636076,158.5310722351941,159.449462890625,54287400
2018-01-25,160.54775874531893,160.60456403603288,158.88139316746825,159.39266967773438,28925000
2018-01-26,160.28260225544508,161.85428231492003,159.9701732365444,161.83534240722656,32038200
2018-01-29,161.49452399162143,161.81643021422113,160.70868389745078,161.04953002929688,37277800
2018-01-30,159.58198583192012,160.4056912365544,158.890830888341,159.7239990234375,44987700
2018-01-31,160.62343226703516,160.94535287790538,159.38313570533205,160.38673400878906,42449200
2018-02-01,159.15591165031978,160.699174441353,158.51208488752155,159.0233612060547,38037900
2018-02-02,158.39848395345868,158.7771954037756,155.71905782406466,155.8516082763672,68478100
2018-02-05,154.3935619690327,156.93096061182612,149.59331388638628,149.70692443847656,105372200
2018-02-06,147.51982576459056,153.86333643730134,146.84761077589522,153.67398071289062,118537900
2018-02-07,153.18165037576267,154.84801548957472,151.67625280337535,151.68572998046875,91028300
2018-02-08,152.0739052814177,152.24433555425998,145.285400390625,145.285400390625,94184800
2018-02-09,147.339947215519,148.8737619615305,142.1420620032916,147.79441833496094,113836600
2018-02-12,149.30929160266103,151.43957640042325,148.13527722681096,150.4170379638672,63050600
2018-02-13,149.55544190242588,151.49635616705604,149.3282063613805,151.19338989257812,31785600
2018-02-14,150.30340210606565,154.26099026322066,149.59330729296613,154.0242919921875,52107400
2018-02-15,155.4066262213275,156.8836212158203,153.79708076442938,156.8836212158203,51633900
2018-02-16,156.37233911361537,157.8871992819532,155.91786806089047,156.1829833984375,62256300
2018-02-20,155.633821287671,157.81143339681964,155.56753885025378,156.49539184570312,36785600
2018-02-21,157.2623549452458,158.79615529303103,155.95577571747754,156.0504608154297,41161800
2018-02-22,156.7321270636874,157.56530963408434,155.63385802179278,156.03150939941406,37074400
2018-02-23,157.2906714947978,159.2221221923828,156.6468449643297,159.2221221923828,50096900
2018-02-26,159.9701719127196,161.3335418701172,159.83762145379552,161.3335418701172,39266700
2018-02-27,161.38090758860565,161.64600854452033,159.2600999412883,159.33583068847656,42209900
2018-02-28,160.24472973620394,160.76546882266194,158.2091303809506,158.3132781982422,42936300
2018-03-01,158.39849446045145,159.12752921993194,154.32728108836878,155.72853088378906,76809900
2018-03-02,153.85385989253305,157.43273621612622,153.34259803784022,157.15817260742188,57445100
2018-03-05,156.41969057526578,159.30739790198226,155.83266904374514,158.90028381347656,38540200
2018-03-06,159.67665758910184,160.11218879098223,158.56891134680296,159.572509765625,29480900
2018-03-07,158.35118188553227,160.0743526528289,158.07661818091043,159.94178771972656,34609400
2018-03-08,160.60450727192102,160.93587616627335,159.96068049523663,160.822265625,25828400
2018-03-09,161.96789181050067,163.94668579101562,161.7311935511975,163.94668579101562,38310500
2018-03-12,164.42962126611857,165.19652167027755,164.0603723883042,164.81781005859375,37635000
2018-03-13,165.19644356743788,165.8876128800213,162.1572460362273,162.57383728027344,55638900
2018-03-14,163.42598115509412,163.54906889887178,161.83536100513376,162.5454559326172,40536400
2018-03-15,162.65911116691925,163.35026631294903,161.80698842746412,162.40347290039062,28810400
2018-03-16,162.6780307866614,163.0378024146468,161.84484806453258,161.92059326171875,31176700
2018-03-19,160.36244789195098,160.4762427472598,157.08122301713536,158.46578979492188,71395100
2018-03-20,158.53221745768548,159.3572593708026,158.0011553310649,158.98741149902344,34075700
2018-03-21,158.57011326075258,160.0400117716977,157.60281353874873,158.2950897216797,43863500
2018-03-22,156.1044586392178,157.20452390269915,154.1888297452732,154.3879852294922,66607300
2018-03-23,154.20781188252477,154.86216134617078,150.24378829958258,150.3196563720703,80110400
2018-03-26,153.36377380983046,156.09496608094653,150.93605377788413,155.90528869628906,57481500
2018-03-27,157.06228097261555,157.06228097261555,149.53254464160668,150.86021423339844,78889100
2018-03-28,149.99726296769268,151.5240739161957,147.97731666796247,149.1248016357422,89369700
2018-03-29,149.9308650085941,153.354334289406,148.5368198088779,151.85597229003906,68692600
2018-04-02,150.77485088321868,151.48609771795935,145.92888853703812,147.4746551513672,85549400
2018-04-03,148.7643837909705,149.7601322568049,146.45995098494458,149.1342315673828,64090000
2018-04-04,146.25128897206122,151.95074064099146,146.08058223981035,151.48606872558594,65768700
2018-04-05,152.99397732408914,153.2310596639944,151.23956222064734,152.34910583496094,43054900
2018-04-06,150.67049842178386,152.16885980192058,147.8255117565408,148.53675842285156,59870900
2018-04-09,149.81699249845917,152.56715493428032,149.32387189922258,149.5799102783203,41810400
2018-04-10,151.93182826591593,153.37327823853667,150.8507335512727,152.88015747070312,48296800
2018-04-11,151.92233139222267,153.62932680636436,151.8275071566539,151.99819946289062,41622100
2018-04-12,152.91805844357725,154.35952264308526,152.8327123024469,153.82846069335938,30467900
2018-04-13,154.59661202950136,154.82420174967174,152.36803288380975,153.0318603515625,44604900
2018-04-16,154.10349503207254,154.75784449546558,153.13619519617177,154.19833374023438,28180800
2018-04-17,155.75357858609453,157.85887037265869,155.44062824264807,157.51747131347656,35536100
2018-04-18,157.5174915772263,158.3709820998015,156.76830337886395,157.8399200439453,29573900
2018-04-19,157.0432652452858,157.4131129224397,155.84836161882694,156.388916015625,34705700
2018-04-20,155.99067690252605,156.10447177716878,153.37327902290036,153.91383361816406,49197100
2018-04-23,154.6630320119754,155.26996222419862,152.69999775929938,153.52503967285156,33040600
2018-04-24,154.25522695212194,154.4923092456779,149.25752815226338,150.27224731445312,70256800
2018-04-25,150.53776845446654,151.07830852374502,148.38505731843796,150.45240783691406,52089300
2018-04-26,152.39650497312059,154.1319492073664,151.90336971985946,153.61985778808594,43005500
2018-04-27,155.87683436567752,155.91477562938294,152.84218443509744,153.7146453857422,51043400
2018-04-30,154.07508842303457,155.03289596767868,152.24480504184513,152.6241455078125,35615300
2018-05-01,152.22578482869912,154.3879739288055,151.86541515523035,154.36900329589844,36513500
2018-05-02,154.63453695834895,155.11819404857624,153.27843332420161,153.4586181640625,38646800
2018-05-03,152.68098531412312,154.00864026784356,150.99296067138408,153.4396514892578,60337100
2018-05-04,152.7758080060194,156.7113675760672,152.66199868594313,156.3509979248047,41543200
2018-05-07,157.08120436982844,158.16229877798284,156.9579169776442,157.65020751953125,32500200
2018-05-08,157.31827643228272,157.83036765762466,156.34149884904974,157.48898315429688,26040200
2018-05-09,157.77351906623613,159.3193002407522,157.21400832994246,159.20550537109375,29122700
2018-05-10,159.71756839713558,160.96936962254077,159.5942809966587,160.85556030273438,27067600
2018-05-11,160.66596191961892,161.08322916232675,160.00213424729196,160.7039031982422,24688800
2018-05-14,161.07373581193826,161.99361638153667,160.71336605096172,160.97889709472656,21821700
2018-05-15,159.70810495569702,159.79345110061075,158.351986837203,159.1959991455078,49361600
2018-05-16,159.40462967549436,160.61848972573048,159.32876161356043,160.24864196777344,22941200
2018-05-17,159.68913009445174,160.84609270716274,158.85459588978068,159.63223266601562,27480200
2018-05-18,159.0158090208132,159.56584160923921,158.5701076776202,158.80718994140625,26217900
2018-05-21,160.03996156565668,160.74173008034785,159.01576473489754,159.6985626220703,22954600
2018-05-22,160.42882595790715,160.69435693809538,159.20548783277934,159.48997497558594,19477700
2018-05-23,158.27610893563622,160.85556504861896,158.257152773736,160.83660888671875,26557800
2018-05-24,160.78919982910156,161.07370144968664,159.16755072101418,160.78919982910156,27696500
2018-05-25,160.77022409920974,161.52889023993566,160.46676632513123,160.95040893554688,27460500
2018-05-29,160.2202413973606,161.1401220279853,159.28140459832127,160.2392120361328,41220500
2018-05-30,160.81765366711244,161.6711440857028,160.4762546056055,161.3866424560547,22665800
2018-05-31,161.38668148712114,162.35398147372283,160.86511192203864,161.28237915039062,35670900
2018-06-01,162.0883957948387,163.9091857928924,162.040976449349,163.81436157226562,45543300
2018-06-04,164.23163895403206,165.33170426571945,164.12733663672074,165.2937774658203,20459600
2018-06-05,165.6826047265406,166.08090126329938,165.07567460333357,165.80587768554688,24779300
2018-06-06,165.97656983850254,166.8016115583178,165.14203556627743,166.77316284179688,25036600
2018-06-07,166.80163558980976,166.83956239385043,164.5825485593433,165.4170684814453,39600300
2018-06-08,164.63942923496663,165.84381134319102,164.2316401636846,165.42654418945312,31780300
2018-06-11,165.3032349391491,166.28001270626433,165.27478622518285,165.8722381591797,22319700
2018-06-12,166.09986429563205,166.90594995571973,165.91969389111992,166.74473571777344,22511800
2018-06-13,167.00074519976374,167.98700100764165,166.36535202629776,166.73521423339844,37858600
2018-06-14,167.5033831127348,168.69827263752708,167.38009569219312,168.4232635498047,35916000
2018-06-15,167.78786202263066,168.16720234779416,167.01023967916464,167.8352813720703,49615700
2018-06-18,166.77850020850585,167.8809055883527,166.25579987680038,167.7383575439453,31633200
2018-06-19,165.61908169691742,167.30120683532996,165.08688292987196,167.26319885253906,38236000
2018-06-20,168.03290495128806,169.1448227943411,167.8808440920701,168.45106506347656,33038000
2018-06-21,168.87881525962894,169.04988744448903,166.66447673661875,166.98760986328125,43469400
2018-06-22,167.5482910995439,167.61480868746378,166.01821256145996,166.616943359375,30073200
2018-06-25,165.1058387969804,165.35294137859935,161.38043384859503,162.8629913330078,77799700
2018-06-26,163.46175770033645,164.46913597990505,162.86302685438105,163.52828979492188,39008100
2018-06-27,164.2219595008615,164.96323800596687,161.19031342164612,161.30435180664062,52843500
2018-06-28,161.10479737548926,163.24310427118897,160.7721660578517,162.69189453125,46407700
2018-06-29,163.47121911848802,164.33604914463746,162.89149964507553,163.12908935546875,36408500
2018-07-02,161.59904565303333,164.26956675095957,161.24741744676086,164.2220458984375,31770000
2018-07-03,164.83976512147632,164.83976512147632,162.15976029075517,162.32131958007812,25512700
2018-07-05,163.37615679091067,164.4690634230919,162.5398365498052,164.3360137939453,31626200
2018-07-06,164.71621677858695,167.01608365001005,164.41209496022037,166.8925323486328,37005600
2018-07-09,167.75736525008682,168.43211198117197,167.0921168879864,168.39410400390625,27362100
2018-07-10,168.70770803092606,168.89777690169586,167.93791967844686,168.51763916015625,23902500
2018-07-11,167.19661146264426,168.28003438182662,167.07307468343188,167.66229248046875,30280600
2018-07-12,168.40360162928044,170.55142211914062,168.2895631966601,170.55142211914062,27930100
2018-07-13,170.54189357070777,170.96955215504533,170.06671414337154,170.69395446777344,28049800
2018-07-16,170.73196340342054,171.01707396169388,170.0001975221536,170.28529357910156,21405300
2018-07-17,168.479634274446,171.68233931032128,168.479634274446,171.3212127685547,31034100
2018-07-18,171.3401766129523,171.48273912953812,170.47536115149077,170.998046875,23220800
2018-07-19,170.38035096737119,170.9505721364677,169.94319397221366,170.14276123046875,31094100
2018-07-20,170.65596151128764,171.2261681734721,169.9146681981927,170.10475158691406,35897300
2018-07-23,169.60103736350507,170.72245378379418,168.91677786927548,170.64642333984375,22184700
2018-07-24,172.40459981511123,173.01282888973145,170.64643016904148,171.34970092773438,36900300
2018-07-25,171.42576582043793,173.84916973666705,171.3402224870537,173.74464416503906,35026600
2018-07-26,171.38773456377848,171.93894451102202,170.88404546568697,171.1121368408203,40873500
2018-07-27,172.1955379971898,172.30957642912713,167.83339395966874,168.80274963378906,59456100
2018-07-30,168.81225156442017,168.90727875110102,165.6190451651664,166.41734313964844,60193000
2018-07-31,167.07311412892707,168.33709333173778,166.14176637471348,167.6908416748047,47285100
2018-08-01,168.0804570997395,168.8312341673675,167.35818963586163,168.32754516601562,37101900
2018-08-02,167.1395732215581,170.8174711038701,167.06354278845032,170.61788940429688,47178200
2018-08-03,170.9410280181127,171.15010810847312,170.19025096732682,171.14060974121094,28934400
2018-08-06,171.02659371457545,172.19553109908531,170.81751359684836,172.14801025390625,24808800
2018-08-07,172.63270600434117,173.09838713334858,172.26206657556463,172.7752685546875,29895700
2018-08-08,172.53765938521263,173.2979493975018,172.07197830862066,172.9843292236328,22680700
2018-08-09,172.87979125976562,173.56405082898172,172.62319029597808,172.87979125976562,18852900
2018-08-10,171.71083851674123,172.2240404417664,170.91254052373094,171.5587921142578,33818500
2018-08-13,171.87244831605864,172.9748538464338,171.29272868743223,171.36875915527344,26089200
2018-08-14,172.0244514770634,172.64219343487977,171.1026022257104,172.44261169433594,20913000
2018-08-15,171.07411882769944,171.61583041978747,169.27794089294196,170.3328399658203,58528000
2018-08-16,171.64431655746912,172.00545756947528,170.56090802277626,170.89353942871094,27711800
2018-08-17,170.4468712629918,171.35920766883967,169.42048193041867,170.93154907226562,36092600
2018-08-20,171.31169391491724,171.3782260000378,170.11424689468353,170.7794952392578,24939000
2018-08-21,171.29266935207716,172.43309697199612,171.18812930767402,171.40670776367188,26258700
2018-08-22,171.04558638212865,172.2715574524811,170.8270079010965,172.0719757080078,18042400
2018-08-23,171.76785566983042,173.01282338441243,171.5397643361089,171.8248748779297,25776200
2018-08-24,172.39505864001111,173.56401025660765,172.35705067341766,173.42144775390625,23136100
2018-08-27,174.29582348578282,175.1891632080078,174.0202257742562,175.1891632080078,29343600
2018-08-28,175.65480456653518,175.8353750441727,175.07508516527307,175.4457244873047,20277000
2018-08-29,175.74988500543972,177.56507419740714,175.68336741533673,177.4700469970703,29175600
2018-08-30,177.12789298155053,178.21130152645128,176.56717022043534,177.15640258789062,29315500
2018-08-31,176.9378058829727,177.88816474452395,176.74773701092755,177.3844757080078,28653200
2018-09-04,176.84275447323486,177.14686172658463,175.67381729402197,176.62417602539062,29063500
2018-09-05,176.31058790432024,176.33909751132992,173.74462176416577,174.3433380126953,42623300
2018-09-06,174.41939348954,174.62847363849232,171.61583722118763,172.78477478027344,46091400
2018-09-07,171.53980251448598,173.60207984056728,171.4827832936964,172.11952209472656,46629500
2018-09-10,173.10786611229807,173.20290780188296,171.75835822788284,172.69921875,26132000
2018-09-11,172.0054694436492,174.31483470281634,171.55879958259334,174.02972412109375,30116500
2018-09-12,173.7731415067236,173.89667831052904,172.0244700006214,173.51654052734375,36204000
2018-09-13,174.59993209740236,175.70235186275892,174.5239016479303,175.36972045898438,31133200
2018-09-14,175.49327557945858,175.76887327614563,174.1627644366681,174.85653686523438,31224100
2018-09-17,174.5619409137763,174.68549222898176,172.1765449519549,172.33810424804688,33071200
2018-09-18,172.48065022312394,174.60944497999554,172.39510689702868,173.7636260986328,31877300
2018-09-19,173.7921134590976,174.20077529399987,172.49962487874194,173.63055419921875,31843400
2018-09-20,174.8279950504853,175.78785212918598,174.40983489696876,175.55026245117188,33295800
2018-09-21,176.0255063210254,176.27259445624222,174.371876335511,174.59046936035156,38605400
2018-09-24,173.32421529880133,175.14267110986125,172.61016333892775,175.07601928710938,34945600
2018-09-25,174.99981082961034,175.44728444804895,174.40000267565628,175.31399536132812,25277500
2018-09-26,175.46635082988104,177.0753500505911,175.0950444349035,175.4377899169922,36210600
2018-09-27,176.15183049700406,177.55137324849142,176.05661777519907,176.92300415039062,33113300
2018-09-28,176.42792909573444,177.3514373189477,176.1042290763914,176.88491821289062,28076800
2018-10-01,177.91318020403395,178.54154941011515,176.79926089912135,177.24673461914062,27371300
2018-10-02,177.0943650072503,178.2082840917509,176.4374495426125,176.84683227539062,25618600
2018-10-03,177.58943322045806,178.00834591383887,176.7611378214499,177.0372314453125,29128700
2018-10-04,176.32317850593466,176.4374366662725,172.38161336865528,173.6383514404297,80557300
2018-10-05,173.61935353727043,174.20011637600757,169.87771373296724,171.51527404785156,83325600
2018-10-08,170.9154760295584,171.98178894204224,168.44960562830366,170.46800231933594,66864500
2018-10-09,170.59172941463584,172.34354754864228,170.1823466866776,171.02017211914062,49097900
2018-10-10,169.95386837283067,170.05859656636554,163.27986848279403,163.49884033203125,114471100
2018-10-11,162.82286844277954,165.0887831180603,159.7667201103321,161.47093200683594,143084500
2018-10-12,165.8218568361367,166.47878677388903,162.73714803046397,165.9646759033203,102078400
2018-10-15,165.38391406137598,165.69808405043642,163.33695697413913,163.955810546875,64885300
2018-10-16,165.6791043983922,169.1351060942779,165.3744352478589,168.72572326660156,71979700
2018-10-17,169.5445166013105,169.71588211621017,167.05961494328497,168.79237365722656,66987600
2018-10-18,168.15442267346393,168.21154448926092,164.1747812137926,164.87930297851562,82486200
2018-10-19,166.2122767129777,167.63086534132077,164.12724241365763,164.72705078125,82923700
2018-10-22,165.71716064642507,166.8501253052679,164.3176177769631,165.57435607910156,52909300
2018-10-23,162.4610803244757,165.7838069113593,160.72832201347433,164.96502685546875,77567000
2018-10-24,164.77463657883274,165.05073027682008,157.12950692693505,157.41513061523438,102997400
2018-10-25,159.86188970699988,163.8320152077044,159.1478380444109,162.86090087890625,83481100
2018-10-26,157.2818020372794,161.81365995182347,156.35829390901748,158.6718292236328,130970900
2018-10-29,161.09961840488236,161.7184575073842,152.41673835569682,155.40623474121094,111871900
2018-10-30,154.94925813425803,158.08155932598135,154.24472171532688,157.96731567382812,92584000
2018-10-31,160.53789480675334,163.04184131039764,160.46172753175563,161.68038940429688,73828600
2018-11-01,161.91839536885564,163.98438352865588,160.69021812060242,163.81300354003906,52706800
2018-11-02,163.3084019845869,164.2795164773199,160.15705577276574,161.26145935058594,75966800
2018-11-05,161.47089579768567,161.52801760890713,159.071678034451,160.861572265625,39573500
2018-11-06,160.87111416820463,162.98470869533497,160.63309689737844,162.0802459716797,34410400
2018-11-07,164.0224605015983,167.16429138183594,163.63210869088113,167.16429138183594,51169600
2018-11-08,166.38363163929924,166.89775721520064,165.3078031701447,166.0980224609375,40296500
2018-11-09,164.54608192843838,164.94594915279117,162.00405952028314,163.2988739013672,50602700
2018-11-12,162.15642721523568,162.4610817938873,158.21484692436925,158.357666015625,62578400
2018-11-13,159.1002752090499,161.35667443118766,158.04347787828496,158.49095153808594,64128100
2018-11-14,160.06180805660696,160.61400972476693,156.37730631012823,157.28176879882812,75270700
2018-11-15,156.9961918646553,160.46172287567043,155.62522453674424,160.03329467773438,73254300
2018-11-16,158.47191258724223,160.2427618485222,157.8340279779939,159.47158813476562,65390700
2018-11-19,158.70999104598522,158.90040205045932,153.79730868244025,154.29238891601562,67280500
2018-11-20,150.7791987285593,153.64493639742926,149.5986421854341,151.53134155273438,102652800
2018-11-21,153.6163419307884,154.20662007342565,151.5979457331217,152.6833038330078,42965800
2018-11-23,151.46469078800388,153.13081194571666,151.46469078800388,151.57894897460938,23503700
2018-11-26,153.70205262640192,155.15871732745188,153.0546380218114,155.08255004882812,42012600
2018-11-27,154.2352342463088,155.9965683495979,153.45453040844112,155.60621643066406,36608100
2018-11-28,156.72963054133936,160.61407470703125,155.63475674795546,160.61407470703125,70141000
2018-11-29,159.93807307054956,161.14719021457938,158.82415410800272,160.09039306640625,44885700
2018-11-30,160.309383590726,161.3471353188187,159.50963458628507,161.25192260742188,36722800
2018-12-03,164.81268108890382,165.00309200180993,161.38522654690811,164.070068359375,50771700
2018-12-04,163.21317640595507,163.6701799708828,157.58645983919564,157.77687072753906,70594700
2018-12-06,154.59701147943588,158.90988407597388,154.01624864826684,158.89083862304688,71715500
2018-12-07,158.19581746891916,159.10979574077865,153.14984794026182,153.64492797851562,80432200
2018-12-10,153.3592986918324,155.929882462292,151.76934497259472,155.25392150878906,73960800
2018-12-11,157.78641785961466,157.82450876138103,154.4541757987595,155.76803588867188,59058300
2018-12-12,158.04350099942525,159.56681766340148,157.05335533703771,157.1390380859375,53780000
2018-12-13,158.16722965185673,158.8241595946881,156.16787891518905,157.1865997314453,46378500
2018-12-14,155.3872106215959,155.9584433887387,152.9975077843354,153.3592987060547,56547400
2018-12-17,152.70236249784642,153.92100978468972,148.68462973023378,149.8842315673828,74834100
2018-12-18,151.04573876680175,152.28343135366674,149.51290711876385,150.82676696777344,63642100
2018-12-19,150.59830746038915,153.0165714982704,145.9902957626341,147.12326049804688,81856500
2018-12-20,146.76141884839492,148.39897856014474,143.18164492342171,144.99057006835938,99002100
2018-12-21,145.7141759333399,146.70432138674312,139.6875768998414,140.49684143066406,141129400
2018-12-24,139.47621653078104,141.2903180969879,136.97466257614008,137.01284790039062,56163300
2018-12-26,138.52134289229065,145.64408911010355,137.57609276372003,145.56771850585938,98982100
2018-12-27,143.57225014025494,146.2552167258528,140.43098689376546,146.131103515625,85824300
2018-12-28,147.18136700854848,148.5562715574526,144.86122650901387,146.05471801757812,77856600
2018-12-31,147.4868287943138,147.973767824037,145.80639889558046,147.28631591796875,53015300
2019-01-02,144.16418268302837,148.70899156234705,144.05915488311425,147.87832641601562,58576700
2019-01-03,145.70142743498377,146.33157978497172,142.73202042234897,143.04710388183594,74820200
2019-01-04,145.45313851996602,149.90247667450393,144.88027155431928,149.1672821044922,74709300
2019-01-07,149.53966005187098,151.67840140294462,149.05272091537373,150.94320678710938,52059300
2019-01-08,152.32766386092172,152.8719028463536,150.09345181006177,152.30857849121094,49388700
2019-01-09,152.9005531190291,154.21817214421458,152.26084354608716,153.54981994628906,46491700
2019-01-10,152.38496842709827,154.07494154520555,151.5256459868379,153.989013671875,38943400
2019-01-11,153.08194840946246,153.5879874842633,152.5663520814495,153.42567443847656,30176600
2019-01-14,152.1271857674301,152.7287100801181,151.4206336313995,152.0699005126953,30710200
2019-01-15,152.76689442399248,155.2493622859769,152.6809665424357,155.039306640625,40874200
2019-01-16,155.2970615949166,156.37598224953632,154.9533355632049,155.01063537597656,33812200
2019-01-17,154.51417280990142,156.92979824504928,154.26593184281046,156.23280334472656,39329000
2019-01-18,157.33078714646118,158.51473569452943,156.41419403807296,157.779541015625,57183200
2019-01-22,156.64334297326178,156.71972816433137,153.49252304432275,154.6191864013672,56711700
2019-01-23,155.41163785199,156.11817524401582,153.072398259532,154.8196563720703,38106100
2019-01-24,155.32573860303793,156.05139070228836,154.73377152753312,155.82223510742188,32417800
2019-01-25,157.07298460204183,158.1614479936636,156.53830287548863,157.68405151367188,36515900
2019-01-28,155.65038497839228,155.74585555297276,154.43779358621956,155.73631286621094,33491200
2019-01-29,155.82223304220537,155.86043292533694,153.71214842226706,154.26593017578125,30784200
2019-01-30,156.0131822132278,158.76299092400328,155.5262429911055,158.1901092529297,41346500
2019-01-31,159.16399442970734,161.35047861663324,158.94439611316838,160.55799865722656,37258400
2019-02-01,159.7655259293816,160.97811720591278,159.44089978258933,159.88009643554688,32143700
2019-02-04,159.90877498173236,161.86610412597656,159.7655618168564,161.86610412597656,26718800
2019-02-05,162.08568737286527,163.48923453360118,162.01885942515725,163.29827880859375,28156400
2019-02-06,163.336433581131,163.62285980503665,162.07609992001036,162.81129455566406,27970000
2019-02-07,161.3887001766249,161.78971158910886,159.40272848933154,160.62486267089844,42036200
2019-02-08,159.22128051998942,160.9685535140678,159.03988208214375,160.93991088867188,29020700
2019-02-11,161.52238058824062,161.91384933725408,160.38617423178138,160.7871856689453,21434100
2019-02-12,161.96156246488516,163.40329483888053,161.67512161357178,163.1645965576172,29722100
2019-02-13,163.89018058732862,164.37713424629575,163.097715372936,163.27911376953125,26094100
2019-02-14,162.69675314574377,164.0621149782599,162.1525286053334,163.4796905517578,30326800
2019-02-15,164.72091126818125,164.75909658219274,163.4032921154921,164.16712951660156,32521700
2019-02-19,163.66109488791793,164.98825676378974,163.6324522593657,164.49176025390625,19487700
2019-02-20,164.6063021070828,165.25556890218667,163.5751385207738,164.4630889892578,32593000
2019-02-21,164.02388532959307,164.47263921132222,162.99272169602946,163.861572265625,25207400
2019-02-22,164.21484986051362,165.18872821035853,164.12890741989287,165.07415771484375,27735400
2019-02-25,166.33449921523496,166.76415316248028,165.56110462741094,165.67568969726562,32608800
2019-02-26,165.27466714528026,166.3726732212991,164.9977690283467,165.8475341796875,21939700
2019-02-27,165.08372885142555,165.9430514228417,163.9952652494882,165.74253845214844,25162000
2019-02-28,165.22694051742988,165.9525779919175,164.8927571217265,165.36061096191406,25085500
2019-03-01,166.5541207455064,166.75461914997274,165.35107204275877,166.50637817382812,31431200
2019-03-04,167.60435186972703,167.84305011269169,164.6731450219927,166.5349884033203,38063500
2019-03-05,166.65911865234375,167.1747004545302,165.83799610146548,166.65911865234375,22319900
2019-03-06,166.82139981870796,166.8500424372988,165.4464958504193,165.71383666992188,27194600
2019-03-07,165.2937168306118,165.35100206478714,163.069047966588,163.68011474609375,39407400
2019-03-08,161.84694030338719,163.5178278894257,161.6846272575929,163.43190002441406,39303200
2019-03-11,164.10976701950543,166.94550238447442,164.08112440523138,166.83091735839844,30518400
2019-03-12,167.27019259820761,168.17724305933953,166.8691812754646,167.74758911132812,33953500
2019-03-13,168.61649566465212,169.88635788065355,168.37779734948077,169.00794982910156,42426100
2019-03-14,169.1224926441927,169.3229910201753,168.67373875834647,168.7214813232422,23751500
2019-03-15,169.380288424475,170.79339268806322,169.26571791569242,170.287353515625,38192000
2019-03-18,170.2146210421674,171.20942106121984,169.87026943487987,170.69288635253906,32935100
2019-03-19,171.3911695145269,172.17553172042693,170.5398577470626,171.26683044433594,36893300
2019-03-20,171.27636959890333,172.99812762512659,170.4920220842065,171.94593811035156,50105000
2019-03-21,171.4294508265928,174.88252759202663,171.41031612388772,174.6338348388672,42428500
2019-03-22,173.87809422850606,174.34679937695483,170.6163220750158,170.79806518554688,70794500
2019-03-25,170.17640867710728,171.06597537039477,169.23899792625275,170.47293090820312,46336500
2019-03-26,171.79292526591516,172.83554026063536,170.39638397549584,171.26683044433594,33248100
2019-03-27,171.5251109277186,171.90771741144937,168.92334597094447,170.1668243408203,37096700
2019-03-28,170.6068351967204,171.1998796260701,169.53552536421725,170.5590057373047,30368200
2019-03-29,171.87902129436353,172.0129350221594,170.82683157918032,171.85032653808594,35205500
2019-04-01,173.61985576942988,174.33725368562102,172.91203249990662,174.12681579589844,30969500
2019-04-02,174.31815927571364,174.9590330905085,173.87814873357826,174.78684997558594,22645200
2019-04-03,175.77207928817913,176.8816584227349,175.24599907026948,175.7912139892578,31633500
2019-04-04,175.83905270315555,176.4799265657825,174.71033880808773,175.72427368164062,28530800
2019-04-05,176.2311934914446,176.73815351445634,176.02075560315694,176.6329345703125,25674700
2019-04-08,176.34598686220198,177.22599328700653,175.64772359168842,177.08251953125,22697500
2019-04-09,176.47993487388547,177.06341925322354,176.08775373791192,176.46080017089844,25631900
2019-04-10,176.69033215839082,177.46511960279116,176.499028959051,177.40773010253906,24563000
2019-04-11,177.70427547932866,177.70427547932866,176.6616605004682,176.98687744140625,20654100
2019-04-12,177.7712251536275,177.86686946025878,177.01555777509446,177.75209045410156,24989100
2019-04-15,177.76162702175196,177.9816395484861,176.59465862832602,177.78076171875,21073000
2019-04-16,178.43124492140737,178.78517123423867,177.84776056295726,178.3929901123047,27195700
2019-04-17,179.5886337142038,179.76080222936824,178.48862927932072,179.01470947265625,29651600
2019-04-18,179.31125736994377,179.62689966733504,178.19210356991752,179.24429321289062,28580900
2019-04-22,178.45995865467432,179.81823064144288,178.3260303307729,179.7512664794922,17936000
2019-04-23,180.210391498074,182.2573667651012,179.9521386985504,182.03736877441406,33665600
2019-04-24,182.19041331659886,182.41998595122675,181.4060510949126,181.4634552001953,24977100
2019-04-25,182.82167421987754,182.90775845964362,181.21469543342724,182.19992065429688,29517500
2019-04-26,181.91302395241425,182.4008640106914,180.39214345478985,182.3625946044922,26359500
2019-04-29,182.36258065749206,183.0034691005473,182.0660584618849,182.7165069580078,21716200
2019-04-30,181.2434375182005,181.59736381106268,180.0286540073373,181.3008270263672,31495300
2019-05-01,182.48694931159875,183.00348412969038,180.59302236810086,180.7173614501953,34797100
2019-05-02,180.65992612668325,181.5973366046341,178.7468649650669,179.93296813964844,44110100
2019-05-03,181.4251601065977,182.9364802306823,181.09994320021843,182.8025665283203,30386200
2019-05-06,178.91905303177734,181.93211860686267,178.64165098215432,181.6834259033203,38371800
2019-05-07,179.70340687061966,180.4686343025898,176.48946333274444,178.14427185058594,58818100
2019-05-08,177.5608036891417,179.03385458807503,176.91992985291418,177.69471740722656,37165300
2019-05-09,175.71467962467898,177.35035347810796,174.1746646756141,176.73817443847656,55351700
2019-05-10,176.10689430924106,177.80951804427454,173.1607775576488,176.9582061767578,58526400
2019-05-13,172.45290472385992,173.38074062338464,170.31984545791624,170.81724548339844,67185800
2019-05-14,171.71642665362353,173.7347073823641,171.0851127736187,172.69207763671875,43360600
2019-05-15,171.5537797404279,175.57120559405928,171.51551034054117,175.13119506835938,40944500
2019-05-16,175.20773126997005,177.98167913172063,174.99729334268207,176.89122009277344,39281200
2019-05-17,175.1407628622321,177.51295471989218,174.930324957589,175.08335876464844,44702300
2019-05-20,172.64420496076946,173.30419878286827,171.54418606627556,172.12767028808594,38608300
2019-05-21,173.6103379616564,174.40426026688064,173.05554835334905,173.92599487304688,31613800
2019-05-22,172.95988086921724,174.15554419367925,172.89291671720758,173.15118408203125,24332600
2019-05-23,171.16161071009108,171.23813491974934,169.43985248153157,170.50160217285156,45351300
2019-05-24,171.41987223358018,172.0320512944195,170.2050741644693,170.41551208496094,25903300
2019-05-28,170.89376677720188,171.85029741234283,169.7554929861043,169.77462768554688,24763800
2019-05-29,168.7224185891525,169.3059027927667,167.47892598852422,168.37806701660156,42178800
2019-05-30,168.82767012185536,169.56420285445284,168.1294067910943,169.0859375,30354800
2019-05-31,167.09634196531633,167.67025159932712,166.31197982468566,166.3885040283203,45446200
2019-06-03,165.9389188787971,166.38848941347524,161.91193336029482,162.7249755859375,75842300
2019-06-04,164.55198004444745,167.36418272131644,163.92066626076243,167.30679321289062,47797800
2019-06-05,168.90418939134773,168.93288414413587,166.7998248123859,168.55027770996094,34412700
2019-06-06,168.83719961056366,170.30069016261885,168.09110696031976,169.88938903808594,29913200
2019-06-07,170.7980963574995,173.86856591126056,170.57809841299272,173.1702880859375,45888300
2019-06-10,174.32774199157237,176.8147279624376,174.28948718078303,175.18861389160156,41385300
2019-06-11,177.0155327382214,177.34074960666806,174.83464435670098,175.4276885986328,41260300
2019-06-12,174.94945795351458,175.3129442875019,174.08858616780785,174.41380310058594,27758100
2019-06-13,175.14074094879598,175.8772589273955,174.79638938387387,175.4468231201172,23715800
2019-06-14,174.54766574227233,175.15028457324462,174.03114574107883,174.70071411132812,22844100
2019-06-17,175.08336182227706,176.24077031802707,174.89205861348762,175.75294494628906,20379500
2019-06-18,177.82861943312486,179.55993760149545,177.36947420516495,178.306884765625,48177300
2019-06-19,178.54601980261103,179.37819682165104,177.50340486683677,178.97645568847656,31672900
2019-06-20,181.4730310370521,181.51128584840015,179.02431443671315,180.64085388183594,40922000
2019-06-21,180.43039060535082,181.5208350194933,179.99038006134586,180.3730010986328,39980400
2019-06-24,180.73343255273963,180.91557753577203,180.28286800348138,180.3787384033203,19375200
2019-06-25,180.25409420212338,180.3595457817082,177.01386805467098,177.28228759765625,33921100
2019-06-26,178.4614592890434,179.58307282840747,177.81916852519063,178.10675048828125,22595700
2019-06-27,178.74907516082374,179.20922097917295,178.29851053302093,178.78741455078125,19709200
2019-06-28,179.21876340702494,179.41048957088825,178.37516536047264,179.0174560546875,21179200
2019-07-01,182.44941931928807,182.68908069525745,180.58964470132267,181.43324279785156,31025600
2019-07-02,181.3757059906114,182.1713834245927,180.85804391300937,182.15220642089844,18035800
2019-07-03,182.61236111651115,183.5230712890625,182.42062034101198,183.5230712890625,15792100
2019-07-05,182.2672788270511,183.48474811499906,181.55787587069386,183.14923095703125,21415600
2019-07-08,181.96049505295113,182.0180114409397,181.1168823550681,181.86463928222656,17598800
2019-07-09,181.00184491656844,183.00541039466066,180.84845813403743,182.7753448486328,19193500
2019-07-10,183.88741334729346,185.10488277585458,183.5518815228031,184.5968017578125,28374500
2019-07-11,184.8747647868996,185.34449165472935,183.87776541415604,184.46253967285156,23736100
2019-07-12,184.66385165477564,185.53620777406525,184.49128789168796,185.52662658691406,20211900
2019-07-15,185.9580647222689,186.15938672943233,185.44040254748813,186.12103271484375,15606100
2019-07-16,185.89096402045934,186.0635131999019,184.5967866635587,185.16238403320312,20190900
2019-07-17,185.1623581783531,185.48830874029272,184.23247094492385,184.25164794921875,16765100
2019-07-18,183.37926572778426,184.817233777583,182.80408728452522,184.46253967285156,28877000
2019-07-19,185.72799856622171,185.81427315712082,182.91915943108452,183.1108856201172,29387900
2019-07-22,183.52311873156737,184.96108715293536,183.52311873156737,184.5680389404297,18954900
2019-07-23,185.5745563288311,185.7950406489668,184.33789571761153,185.77586364746094,23786700
2019-07-24,185.06654952487338,187.08929247374786,185.0473725156966,187.07969665527344,20422900
2019-07-25,186.44698872895958,186.47574692684879,184.9514892998651,185.3061981201172,23434700
2019-07-26,186.4853170965318,187.4631396502938,186.38944669071915,187.21388244628906,20431200
2019-07-29,187.04130523434515,187.10840280614087,185.39243397034747,186.57156372070312,20451700
2019-07-30,185.1431979624516,186.49487691176398,185.0089881863579,185.7663116455078,18705000
2019-07-31,186.26480593866532,186.38941989498272,181.49075589648209,183.1971435546875,41627500
2019-08-01,183.51351843312352,186.91671320615882,181.40450105883025,182.2864532470703,63251600
2019-08-02,180.91555812374136,181.17439647331798,178.5093634747667,179.6022186279297,55214000
2019-08-05,175.84435210909214,175.92104551099516,171.78928539245075,173.25601196289062,75040000
2019-08-06,174.85696064058618,176.19907332672497,173.58197479902339,175.681396484375,41897200
2019-08-07,173.77370267883296,176.87970525179225,172.4507669887077,176.63046264648438,49990600
2019-08-08,177.42612348993245,180.5321403964102,176.9372195162246,180.474609375,38418100
2019-08-09,179.61180307359666,180.22533554566266,177.3781575319805,178.7777862548828,33608900
2019-08-12,177.6753681209171,178.2122073047734,175.9114637660263,176.726318359375,24642900
2019-08-13,176.5729644254428,181.8359202726729,176.40999640199038,180.59927368164062,40241900
2019-08-14,177.69454118625669,178.26013855471717,174.87612090576505,175.20205688476562,51000500
2019-08-15,175.43210465882458,175.99770192274346,173.6682006690941,175.00071716308594,36685000
2019-08-16,176.59210101109724,178.26013488563237,176.48664941679456,177.8095703125,32781400
2019-08-19,180.37868852901502,181.02097907258994,179.7459791716671,180.63751220703125,22494100
2019-08-20,180.1870251820782,180.83889713897352,179.19002561206494,179.2379608154297,19902900
2019-08-21,180.81012292155705,181.40447843285907,180.18700921633845,180.8292999267578,20418500
2019-08-22,181.16485954776957,181.62502001387995,178.82576170891213,180.24456787109375,24243700
2019-08-23,179.01742968441545,180.65670496590624,174.05163939356316,174.54055786132812,55372400
2019-08-26,176.52496288857617,177.22476993288907,175.50880110779545,177.17684936523438,27598900
2019-08-27,178.41354132094145,178.71071913002302,176.11279762734003,176.80300903320312,28012800
2019-08-28,176.22779619374302,177.73286195546027,175.3458441282444,177.43568420410156,21792400
2019-08-29,179.640615852272,180.66637376526188,178.9599709739232,180.14869689941406,25358900
2019-08-30,181.11686873369533,181.1552227413159,178.7010928532463,179.71725463867188,26319800
2019-09-03,178.51898445073076,179.439276033367,177.37819384853353,177.97254943847656,27964200
2019-09-04,179.6885083913351,180.6950890556503,179.17083164842148,180.5417022705078,21592100
2019-09-05,182.53567476053723,184.37627217961688,182.46856256097482,183.84901428222656,33932600
2019-09-06,184.15578863679715,184.22288620888457,183.26424080135885,183.6668701171875,19487800
2019-09-09,184.24209282724004,184.3187862275017,182.35355990063675,183.283447265625,24407600
2019-09-10,182.29603405961853,182.85205021187136,181.09772716970377,182.7561798095703,23744700
2019-09-11,183.10128147506973,184.56800784755427,182.67947513541714,184.47213745117188,25063600
2019-09-12,185.60336469529784,186.65788064671688,184.98983213113684,185.23907470703125,28689900
2019-09-13,184.97062380145195,185.40201129842833,184.33791433774377,184.57757568359375,27669800
2019-09-16,183.38889846238996,184.13664082859663,183.20675346563723,183.753173828125,20319000
2019-09-17,183.7723876591865,184.6351776123047,183.37933939035847,184.6351776123047,20953400
2019-09-18,184.2516675717936,184.63513455968834,182.24810192876714,184.55844116210938,29781300
2019-09-19,184.88435034340245,186.01554488131265,184.51047922673084,184.86517333984375,26039400
2019-09-20,185.12401443989904,185.3157405950298,182.29601342535824,182.9095458984375,29086100
2019-09-23,182.8557844443022,183.53780185451777,182.24101458685936,182.99026489257812,22485900
2019-09-24,183.82595960392908,184.22940093960443,179.77231590994003,180.55999755859375,40820700
2019-09-25,180.3774883087039,183.06711191620212,178.8693871942735,182.58682250976562,34704900
2019-09-26,182.34671685542094,182.51001352970638,180.5696398081437,181.91445922851562,26826000
2019-09-27,182.25060316526077,182.34666690371202,178.4275038226518,179.65704345703125,40773500
2019-09-30,180.3870726600398,181.65504361492887,180.0124475428713,181.3668670654297,26307700
2019-10-01,182.0296595913917,183.07668683330246,179.5897961969897,179.8875732421875,32367600
2019-10-02,178.66768165316563,178.6964978485925,175.80516053501646,176.7945556640625,48544300
2019-10-03,176.77530495445313,178.8693742365975,174.65243413986005,178.73489379882812,39392500
2019-10-04,179.70506997206886,181.62622742570576,179.5129571581588,181.3668670654297,31887600
2019-10-07,180.84815212530867,182.26020395700343,180.50234321433715,180.8193359375,21216000
2019-10-08,179.6858526617765,180.45431856770648,177.9664232055835,178.11050415039062,32379300
2019-10-09,179.61860685742442,180.6656340671154,179.08067050186727,179.84913635253906,20147400
2019-10-10,179.8971999118697,181.96243850822913,179.7435037832028,181.24200439453125,25177700
2019-10-11,183.3071958104112,185.03624003145575,183.20153158975668,183.57615661621094,40976700
2019-10-14,183.31684688734927,184.14294520654917,183.13433457793892,183.55699157714844,14975000
2019-10-15,184.1237287846674,186.32346234242564,184.0084640243547,185.89120483398438,23234200
2019-10-16,185.25721760723974,185.90080360842163,184.84416112452988,185.43011474609375,20457100
2019-10-17,186.5444143503403,186.8325909439187,185.2092103021219,185.9200439453125,19045200
2019-10-18,185.5838613590154,186.0353346652231,183.19202901046032,184.13339233398438,27700800
2019-10-21,185.11312517400196,185.89119156511174,184.56558828706244,185.7663116455078,15801200
2019-10-22,186.4963987338322,186.75575915639067,184.22943180786424,184.28707885742188,22392300
2019-10-23,183.91243664988434,184.6808880190255,183.61464488848125,184.64247131347656,14828400
2019-10-24,185.9584313419501,186.55400011674928,185.14194822231366,186.438720703125,18998500
2019-10-25,185.47814879997466,188.0236913021506,185.43973209886622,187.92762756347656,21507100
2019-10-28,188.80177590351104,190.0313156589591,188.80177590351104,189.7815704345703,18818700
2019-10-29,189.4645500499634,189.75271193716878,188.2830276833498,188.3118438720703,18569700
2019-10-30,188.67685887956483,189.5413884690305,187.5914003020515,189.22439575195312,21764300
2019-10-31,189.77189513107504,189.85834368243874,188.21576257746645,189.31082153320312,26801800
2019-11-01,190.12740308519818,191.0399649025371,189.83924109790485,191.0303497314453,22131900
2019-11-04,192.29825581781458,192.624849064048,191.03028487511827,192.21180725097656,19015900
2019-11-05,192.4519853403292,192.644098185743,191.6835193014035,192.3175048828125,15048900
2019-11-06,192.09653663000452,192.11575230927068,190.95344555860135,191.8852081298828,19725500
2019-11-07,192.84577079990376,193.76793278323902,191.97165533935913,192.52877807617188,17832400
2019-11-08,192.1830266083394,193.3165026692455,191.67390630916734,193.2972869873047,15258800
2019-11-11,192.3174992076144,193.1147667596911,192.05813881246058,193.03793334960938,10147600
2019-11-12,193.20122082433465,194.23864769842962,192.90344373827645,193.5950469970703,14778300
2019-11-13,192.92260194078352,193.82554816729953,192.79773669009057,193.64303588867188,15774600
2019-11-14,192.9130413994548,193.61425981664448,192.32708774748286,193.4893798828125,16945400
2019-11-15,194.66129663876333,194.9110565185547,194.03692625382484,194.9110565185547,18427900
2019-11-18,194.6036089987458,195.3720747862787,193.8159421930423,195.064697265625,18365900
2019-11-19,195.80436318659724,195.80436318659724,194.6036397840245,195.35289001464844,16923300
2019-11-20,194.84377085536985,195.42972442118923,192.71128506876605,194.18096923828125,36629000
2019-11-21,193.96967780809953,194.10417291645842,193.1435940780313,193.74874877929688,17883600
2019-11-22,194.229036185192,194.34431561155182,192.82659930369675,193.87362670898438,17189600
2019-11-25,194.7093040556252,196.2078045170723,194.68048786654109,196.1693878173828,17752800
2019-11-26,196.29427640427195,196.79376680861864,196.00609984344504,196.5440216064453,14780600
2019-11-27,197.05307249497253,197.9272024459029,196.81292787047065,197.91758728027344,16963100
2019-11-29,197.41813550281276,197.71591255008678,196.91863048243215,197.0146942138672,9854600
2019-12-02,197.02430400753673,197.09153689689512,193.82557507596331,194.9974822998047,28007000
2019-12-03,192.3174926696207,193.54703239091126,191.37611486951567,193.47018432617188,31104100
2019-12-04,194.45956634011807,194.91103952948296,194.17138978093027,194.449951171875,15300100
2019-12-05,195.1415603066207,195.1415603066207,193.88320453373248,194.8341827392578,14962300
2019-12-06,196.25582325878756,197.062705813714,196.10212715577288,196.9186248779297,16555300
2019-12-09,196.5632513914461,197.48539886354445,195.93886635530282,196.02532958984375,13984100
2019-12-10,196.12137515493083,196.80339256366707,195.42015672310367,195.8620147705078,21799800
2019-12-11,196.30387518283317,197.1011573092682,195.99648294539233,196.89942932128906,18780800
2019-12-12,196.6977276124945,199.14720651673042,196.42876671747646,198.36912536621094,32612000
2019-12-13,198.26347335011275,199.71395682772152,197.8408309584712,199.0223388671875,32519400
2019-12-16,200.32869160892483,201.27005463461376,200.2614440641703,201.0203094482422,21296600
2019-12-17,201.27964001386283,201.4429512796276,200.79935069806857,201.13555908203125,15996100
2019-12-18,201.30855284269538,201.8464747502971,201.07800860060635,201.28933715820312,15443300
2019-12-19,201.3757155090542,202.6148555670259,201.35649983126473,202.54762268066406,17865900
2019-12-20,203.50826250208868,204.14224814418222,202.94152442382563,203.3641815185547,27672600
2019-12-23,204.08416834880032,204.2285616489013,203.72798841585538,203.90126037597656,23774700
2019-12-24,204.0842015585825,204.170837552741,203.54511356509022,204.00718688964844,7089000
2019-12-26,204.33447198938006,205.82659986726267,204.30559332695384,205.80734252929688,17067500
2019-12-27,206.52936225469475,206.5486195948785,205.08537021089492,205.63409423828125,18134100
2019-12-30,205.52818831276454,205.65333898272362,203.2755643877755,204.28636169433594,21815500
2019-12-31,203.63177164410772,204.81584109316393,203.31409160869308,204.67144775390625,18170900
2020-01-02,206.39458905704603,208.08888244628906,205.99027304980757,208.08888244628906,30969400
2020-01-03,205.33566829598263,207.42464165672527,205.31641095610559,206.18280029296875,27518900
2020-01-06,204.56554993508857,207.54017017112625,204.31526325616625,207.51129150390625,21655300
2020-01-07,207.58828468928186,208.06961534518254,206.827788716139,207.48239135742188,22139300
2020-01-08,207.45350018290873,209.99492530524427,207.12619888200487,209.04188537597656,26397300
2020-01-09,210.7650811571285,211.21753317284433,209.58101179361842,210.81321716308594,23547000
2020-01-10,211.64110091224714,211.66034356288264,209.8986715526782,210.27410888671875,21898500
2020-01-13,211.1405207417673,212.7289061318919,210.80358338553634,212.7000274658203,22756900
2020-01-14,212.59412035993765,212.95031503349864,211.53520173144415,211.8625030517578,24418100
2020-01-15,211.97797533811664,212.9406364565359,211.25597949930219,211.9490966796875,25742100
2020-01-16,213.00804889213782,214.01884609495397,212.55559695077292,213.98033142089844,18805000
2020-01-17,214.94304987767654,215.21259391168377,213.82635905733343,215.03932189941406,24325200
2020-01-21,214.44245089315348,215.48212698101295,214.34619356536214,214.9430389404297,21146300
2020-01-22,216.03081637437975,216.7431763041171,215.24142709229287,215.51097106933594,20736400
2020-01-23,215.38583305580516,216.30035830419158,214.3846571313682,216.20408630371094,26496100
2020-01-24,217.2149316375827,217.44597567645567,213.39316445938394,214.38470458984375,37436500
2020-01-27,209.5424841584409,211.09236944455108,209.07077483169581,209.95643615722656,42264400
2020-01-28,211.43890576550353,213.67228680431208,210.88056050580138,213.1813201904297,26731900
2020-01-29,214.36538834871425,214.60605364802205,212.58447394726292,213.5278778076172,28924500
2020-01-30,212.15129715965054,214.38466368644922,211.48705852754097,214.2884063720703,39568100
2020-01-31,215.18365851300567,215.21253717410386,210.13930849822043,210.89019775390625,52015800
2020-02-03,211.92024788271684,214.56756633140068,211.7758545702248,214.0766143798828,25408600
2020-02-04,217.00308881724794,219.35198452662482,216.26183557049177,218.97654724121094,30691200
2020-02-05,221.6142792851392,221.6527792765561,218.37973651139174,219.69857788085938,38534800
2020-02-06,220.24729695437952,221.6527890724825,219.46754356456756,221.59503173828125,22467100
2020-02-07,220.60346778448653,221.8356730775583,220.00660778790325,220.6419677734375,25884900
2020-02-10,219.91036970968705,223.3181845582399,219.85261237668485,223.30856323242188,21478900
2020-02-11,224.54072053370317,225.28197375622153,222.75979147271644,223.34701538085938,30198000
2020-02-12,224.66587616022818,225.62853736281508,224.10753090004246,225.52264404296875,24471300
2020-02-13,223.9535301346014,226.15801810640116,223.68398613863585,225.23387145996094,22773200
2020-02-14,225.5900743676775,226.09066242063125,224.82957830659663,225.87887573242188,23438500
2020-02-18,224.78136978723307,226.38901208255513,224.5407045090883,225.96543884277344,24394500
2020-02-19,227.3131708265222,228.60313317846052,227.04362689295425,228.1314239501953,22230500
2020-02-20,227.63084330098135,228.10253782476184,223.2218538333266,226.01356506347656,42604000
2020-02-21,224.88731289044486,225.27237154511687,220.75750226626002,221.67202758789062,66017200
2020-02-24,213.4027462416078,215.87679279055124,212.03576898194058,213.1235809326172,84522600
2020-02-25,214.9141136044042,215.62648818279501,206.72187205360916,207.32833862304688,97743000
2020-02-26,208.61836484356425,212.05505850846635,206.875935317424,208.39694213867188,79537700
2020-02-27,203.0252317935276,208.33912548414438,197.82686743010575,197.96163940429688,121822600
2020-02-28,191.22307810960442,199.43457945807512,190.77062603341494,198.11573791503906,148173700
2020-03-02,201.08074153601797,208.4836109212388,198.25051433754896,208.33920288085938,112933900
2020-03-03,209.00340544932334,211.41005881468837,199.86774398634094,201.65829467773438,131953500
2020-03-04,205.35488097309138,210.17780798557482,203.47768000308415,210.07191467285156,73086200
2020-03-05,204.74844753449452,208.2814129720825,202.2551581310623,203.68951416015625,78705500
2020-03-06,197.02788638852982,201.34060489697507,195.33360778961634,200.2528076171875,89828400
2020-03-09,186.25568026308363,193.64892573479455,184.9368391521494,186.3423309326172,116424000
2020-03-10,193.6007710229646,196.67166222850915,186.44819153674328,196.48875427246094,100599200
2020-03-11,191.90650506687496,193.2542247938047,185.53367830056715,187.9307098388672,89168800
2020-03-12,175.29099584868476,183.65652505137072,170.33329593718474,170.69911193847656,137820700
2020-03-13,180.08506471110036,187.21837410798133,171.47886994366365,185.1582794189453,134882000
2020-03-16,167.64749129546604,177.78431553068688,162.8438198989623,162.9785919189453,92054400
2020-03-17,168.9182069521346,177.50514538168073,163.4406609142412,175.3391571044922,121257100
2020-03-18,165.20231138074408,172.52816468747216,160.57191273504014,170.00599670410156,114156300
2020-03-19,169.12995390621245,176.63871444056375,165.22155166133624,171.02639770507812,120896500
2020-03-20,174.9540837622137,176.04188112854132,163.7487059331409,164.3262939453125,118983900
2020-03-23,164.8886906227027,168.0626036049241,159.1100563308023,164.44493103027344,124639800
2020-03-24,173.5614805023816,177.34315284922098,171.67063696878748,177.1791534423828,94881800
2020-03-25,177.91232809492413,182.82271258391634,173.6290010211754,175.8671417236328,88754900
2020-03-26,177.38174455107878,185.91945904293365,177.13092451289438,185.12838745117188,79887600
2020-03-27,180.33374802416697,183.78742144963604,178.14386067142345,178.7612762451172,58845000
2020-03-30,180.45916242068188,185.69756024276714,179.76456807167224,185.263427734375,49356900
2020-03-31,184.9547174851546,188.36015209182457,182.52363739279716,183.68128967285156,62659300
2020-04-01,178.25000066836228,181.0380202669156,174.47796982315774,175.87680053710938,53715400
2020-04-02,174.84455843155314,183.39191468551573,174.5840818460189,179.44622802734375,56465300
2020-04-03,179.0024960090891,180.468863857324,174.89280930185006,176.8994140625,47487600
2020-04-06,183.75846176110826,190.6754497068659,182.513988917456,189.54673767089844,64763500
2020-04-07,195.22894158616256,195.50871656586375,189.08372522680358,189.4696044921875,69904500
2020-04-08,191.15781397279812,194.07125042343827,189.2476869649236,193.492431640625,45940400
2020-04-09,195.20962881995843,196.04892419321612,192.0067754575091,193.77220153808594,68252600
2020-04-13,192.9425526091154,196.24186849228946,191.73666165530844,195.86563110351562,42853900
2020-04-14,199.91743854242642,205.00147935205533,199.13602349403456,204.38406372070312,63959600
2020-04-15,201.1233207046582,204.35511447733495,199.8113107060023,202.039794921875,47036000
2020-04-16,204.22007162693848,206.80549507582907,202.29064586973047,205.7250213623047,64657400
2020-04-17,208.5420063452604,208.87000523064845,204.596333728925,207.69305419921875,62863200
2020-04-20,205.83113422414328,208.26221472736088,205.06901754974783,205.23301696777344,38249100
2020-04-21,203.16850450565815,203.7087412730322,196.44445567672878,197.6599884033203,72932800
2020-04-22,201.72142839031417,204.8567446176316,200.97859550091403,203.5254364013672,40089100
2020-04-23,204.3165137465589,206.8730114526164,202.6861615090846,203.09133911132812,43278500
2020-04-24,203.52549843048948,206.7379944181576,202.1073691732211,206.29421997070312,34231900
2020-04-27,208.56124968907324,208.98572565007797,206.93088280264516,207.95347595214844,36451700
2020-04-28,209.6513940182693,209.6513940182693,203.7569981861285,204.03675842285156,46862800
2020-04-29,208.56128434854725,212.20789793540712,207.54833285878604,211.27212524414062,48716400
2020-04-30,212.188582333886,212.27540295501447,209.68033782796115,211.18528747558594,43359500
2020-05-01,206.93090628411198,209.02433140175634,204.21040898188159,205.23301696777344,48795000
2020-05-04,203.9982184591243,207.8474139270086,203.67020485004522,207.6255340576172,32841000
2020-05-05,209.76716263198642,212.3718843602269,209.19798558832846,209.97940063476562,37783100
2020-05-06,211.65800451626365,213.24013308452902,210.41353135136887,211.27212524414062,36455200
2020-05-07,213.99261474609375,214.8704922656383,212.6420079030981,213.99261474609375,38624800
2020-05-08,215.66153688802146,217.06036742289936,214.6292871860654,216.92530822753906,31852300
2020-05-11,215.60363069002562,219.88694239641296,215.37209435981015,218.86434936523438,35714100
2020-05-12,219.4625309394779,220.05100636516602,214.25307273166106,214.28201293945312,41054100
2020-05-13,214.80299762123406,216.6841850053424,209.06295828188723,211.6001434326172,65521200
2020-05-14,210.2784360370854,214.04080981565204,208.36830894337834,214.00222778320312,51549300
2020-05-15,211.05983798556704,215.44928360352137,210.62572022562588,215.3914031982422,55747200
2020-05-18,218.29520351678974,220.6105082670921,217.51378853157144,219.4046173095703,42398100
2020-05-19,219.6650761946719,221.7392173068465,218.71002005422147,218.85472106933594,36237300
2020-05-20,221.40159264724065,223.58183832561753,221.38229426910294,223.2248992919922,37417000
2020-05-21,223.27312687956453,223.9484228776267,220.28251139055502,220.79380798339844,43642900
2020-05-22,220.38864496818147,221.75853543214174,219.47217071585553,221.5559539794922,28762400
2020-05-26,225.1253601919948,225.3279563394855,220.71661601024164,220.95779418945312,33055300
2020-05-27,220.62013439092797,222.27944129727737,216.03774938428387,222.16366577148438,55665600
2020-05-28,221.0253613371906,225.23150994600775,220.9674809215291,221.8743133544922,42784300
2020-05-29,222.25060167924764,225.35697894090802,220.6877564966956,225.1254425048828,50691800
2020-06-01,224.2571579531959,226.1769271239198,223.81338356056148,225.80068969726562,25776000
2020-06-02,226.22514694751698,227.37315751116316,223.823006825593,227.31527709960938,33383400
2020-06-03,227.9230564380085,229.09036548290538,227.04517891735227,228.337890625,37228700
2020-06-04,227.9905797903836,229.39905224734326,225.43408201574843,226.7364501953125,38716100
2020-06-05,227.88445534473067,231.82048527560306,227.31527833422862,231.2320098876953,47365600
2020-06-08,231.0873154069286,233.15180036888486,229.5148434318343,233.02639770507812,32937300
2020-06-09,232.16777379861546,235.56355207778137,231.98447602097755,234.71461486816406,35046300
2020-06-10,236.40290386159305,239.07516277023902,235.88195064167962,237.5316162109375,58084400
2020-06-11,233.6148304748629,234.99436256720242,225.70418929552545,225.76206970214844,72919400
2020-06-12,230.65314639784796,231.9169176274737,223.56251717747816,227.55642700195312,72034800
2020-06-15,224.23782981046676,231.00046076334,223.30205728267734,230.32516479492188,45307400
2020-06-16,235.1776934477975,235.76616886523365,230.66284445134943,234.280517578125,48890100
2020-06-17,235.7757595817259,236.83694935700382,234.16469126496506,235.02328491210938,34749300
2020-06-18,234.70499363235834,235.9012429208972,233.93323509301771,235.66006469726562,30578600
2020-06-19,238.02360083023623,238.2840774252331,233.89463094964563,235.62147521972656,49422100
2020-06-22,235.49003718257367,238.57282533145036,235.2001318204436,238.44720458984375,24068700
2020-06-23,240.04168980734076,242.7089217688039,239.490854995558,240.4765625,32767400
2020-06-24,239.72286399636184,240.9501842595173,234.02116501891103,235.51907348632812,46032400
2020-06-25,235.60598561260514,238.06061077313754,233.03538357528126,237.7610321044922,36940800
2020-06-26,237.51944510452128,237.69340305450055,231.62445742433064,232.1463165283203,52824600
2020-06-29,231.9047022245296,234.68791125631003,229.37276413064143,234.67823791503906,34377800
2020-06-30,234.61059206429056,239.8194355201418,234.42697553635264,239.27825927734375,38909200
2020-07-01,239.31688776735123,243.06648676333486,238.77571157121864,242.07110595703125,34689200
2020-07-02,244.51607972373313,245.72406760806473,243.25011078030494,243.71397399902344,31956500
2020-07-06,246.86445275514865,250.22748760005902,246.84512081608884,249.70565795898438,34589000
2020-07-07,249.45437549713066,252.11194927639178,247.68586443037847,247.98544311523438,36578200
2020-07-08,249.30942154293714,251.2808368476071,247.87915304473862,251.25184631347656,30426300
2020-07-09,253.1653980996799,254.03514391801423,248.97126558254647,253.3683319091797,40312900
2020-07-10,253.22329884544615,255.3493697196209,250.54640780596472,255.0980987548828,32885300
2020-07-13,257.9392374798514,260.72244625141667,249.02911776983066,249.85055541992188,64108100
2020-07-14,247.32828858544156,252.024961276459,244.26483277962885,251.6190643310547,72230500
2020-07-15,253.03002274749608,253.8611339497716,248.8358913323863,252.13128662109375,54523900
2020-07-16,249.3480668437676,251.04892356561442,247.02873553609317,250.41110229492188,47594100
2020-07-17,250.86530441416426,251.56110674845436,248.5266559377291,250.70103454589844,35137900
2020-07-20,251.3388016882477,258.44177701059385,250.09217930922563,257.8136291503906,40610100
2020-07-21,259.37918721685526,259.3888605586253,254.2863202343949,255.1270751953125,43243800
2020-07-22,255.61991992355135,256.9535433200769,253.72577361074173,256.0257873535156,29865500
2020-07-23,255.61991606197068,256.3253621292635,247.92742778787942,249.33837890625,51363500
2020-07-24,245.50180090569262,248.29466846011707,242.87323268912843,246.97071838378906,54054500
2020-07-27,248.61360947222738,251.76402219435963,247.83083558953513,251.37747192382812,36445700
2020-07-28,250.59473310763317,251.11659226641845,247.888851343375,248.1787567138672,31302400
2020-07-29,249.71531053838592,251.89936260407177,249.24178860948544,251.0392608642578,27556900
2020-07-30,249.07748337992373,252.91405492696524,247.92747630088294,252.3535614013672,41774500
2020-07-31,256.9728652011358,257.01152907342157,252.0829323192016,256.8569030761719,53686300
2020-08-03,258.9926702529182,261.0704040599255,258.8670347613304,260.3262939453125,32081600
2020-08-04,259.8237008188815,261.3892779920553,259.079590850786,261.2926330566406,24911300
2020-08-05,261.77585464764775,262.3943292112802,260.8867624407989,261.94012451171875,21612100
2020-08-06,261.74685683428555,265.7380540741825,261.10903560421986,265.40948486328125,28048200
2020-08-07,264.86827313898436,265.64140316954297,260.2006203903107,262.34600830078125,44969400
2020-08-10,262.635897252369,262.83886046192526,257.70733001490817,261.2249755859375,35088400
2020-08-11,260.0653338621166,261.3506497453629,255.73592328755478,256.277099609375,43104300
2020-08-12,258.43212379478376,263.6699430456665,258.38378658150805,262.7228698730469,38773400
2020-08-13,263.4960257238545,265.5930765015088,262.38468259592787,263.32208251953125,31895700
2020-08-14,263.94051329295877,264.2111013965405,261.62118247770206,263.0127868652344,30799500
2020-08-17,264.72329265771594,266.5691017036072,263.05145628285396,266.06658935546875,24803000
2020-08-18,267.1295486364992,269.1009630898712,265.6702902343084,268.62744140625,23529500
2020-08-19,268.58891628590754,269.64227843776126,266.30824876267906,266.8204345703125,31999400
2020-08-20,266.02798786526216,271.0048932702151,265.62209086020533,270.5216979980469,27723400
2020-08-21,270.71497434945246,272.8506890877729,270.06747974073045,272.396484375,34748900
2020-08-24,275.6628683241252,276.38766114180476,271.8166238212234,274.0973205566406,36418500
2020-08-25,273.3242182700818,276.44567027218886,272.87968688784093,276.25238037109375,34866600
2020-08-26,277.4990633342744,282.39867090339663,276.223420625408,282.14739990234375,42216700
2020-08-27,283.12348851747583,283.9739170640716,279.00665464050263,281.26800537109375,49482700
2020-08-28,282.504952269954,283.32639018167333,281.1520113228344,282.6982421875,28021000
2020-08-31,283.2200434874042,286.7763531049731,282.78515600775756,284.9692077636719,36321000
2020-09-01,287.61715824965336,289.95583641788903,285.84867647361267,289.8398742675781,36216200
2020-09-02,293.086893518757,293.2995005967237,286.9116738996399,292.5843811035156,50836800
2020-09-03,288.0810222788682,288.5835347363163,274.8511335919454,277.75030517578125,110083300
2020-09-04,275.96238288898604,279.2191131411723,262.6648443122866,274.0489196777344,123959000
2020-09-08,263.0708013495206,268.86914387034597,260.5968442333201,260.8771057128906,99568600
2020-09-09,266.3758831646691,270.6376391822243,263.82459816912103,268.54058837890625,64837900
2020-09-10,271.49776270032766,272.7154242272549,261.46662410129585,263.1867980957031,69667500
2020-09-11,264.93579350415877,265.9698378076731,257.9294665091984,261.36016845703125,71809000
2020-09-14,265.1388877146155,267.9027799251302,263.7859468911005,265.9120178222656,38525200
2020-09-15,269.6519481845029,271.02423571240985,265.88303101898157,269.6809387207031,41849900
2020-09-16,270.47326579342365,270.93711416642276,265.03248481400067,265.38037109375,42321000
2020-09-17,258.5577596862858,265.1775403357728,257.71700469207485,261.23468017578125,81570800
2020-09-18,262.65522696609054,262.94513225830894,253.80308831036103,257.90057373046875,86251100
2020-09-21,253.64851809798813,258.65441385696874,251.36782116077168,258.5191345214844,57168600
2020-09-22,260.9157502254752,263.9018932006086,257.58172084169547,263.32208251953125,41128900
2020-09-23,263.0032524329832,263.1868690458098,254.40238014231755,255.28179931640625,48837300
2020-09-24,252.60480575598547,259.6691173588937,252.4405064083363,256.4703674316406,70631700
2020-09-25,256.9728534724651,263.24471721044983,255.41694972183095,262.4329528808594,55242400
2020-09-28,267.28423604787406,267.8834228515625,262.53928527534697,267.8834228515625,58438300
2020-09-29,267.3229106161718,268.3762726245199,266.1149226031265,266.6754455566406,27050000
2020-09-30,266.86865970226773,271.6426298619708,266.59807161390717,268.5018615722656,49380800
2020-10-01,272.31911011107854,273.372471918658,270.4346373731467,272.7636413574219,50020200
2020-10-02,266.74309567211236,272.7540457725868,264.24982115406823,265.090576171875,75497400
2020-10-05,267.0523087458991,271.06282284456194,266.9460199623273,270.7439270019531,28184600
2020-10-06,270.05784139208856,271.73935145189307,265.0325989140063,265.9120178222656,49704200
2020-10-07,268.5502222233586,271.3044110627918,267.9607087878912,270.5119934082031,27539700
2020-10-08,272.90865190404514,272.97630631229185,270.88889944163117,271.9519348144531,25443300
2020-10-09,273.5947401934564,276.1846885783184,273.2081899767563,276.10736083984375,30201100
2020-10-12,280.7847668966593,287.4625292406142,279.7410780627736,284.6310119628906,79370700
2020-10-13,286.4284823046044,287.0662740546878,283.25869328680324,284.6213073730469,64240000
2020-10-14,285.4233899640773,286.38978029441654,280.50446672167755,282.24395751953125,36949100
2020-10-15,277.54738775322204,280.9393986514012,276.9095664282217,280.34991455078125,42514200
2020-10-16,281.9927582527519,283.41335357901045,278.4654385490732,278.8133544921875,40570700
2020-10-19,280.7268135943955,281.68356040299943,273.28562320201286,274.26165771484375,36756800
2020-10-20,274.9959658009042,277.9531171615785,273.4400918886299,274.85101318359375,32195400
2020-10-21,275.1023973454302,277.6633262788834,274.1553240358202,274.6385192871094,29306100
2020-10-22,275.4694777871277,276.36824296648524,271.38166666389895,274.62872314453125,32196200
2020-10-23,275.1989734414113,275.33428224853037,272.309475689384,275.16998291015625,24658500
2020-10-26,272.8893580043621,275.71120178918295,267.4582480355334,271.0435485839844,38421100
2020-10-27,272.03895649879405,273.9814110607586,270.7826605035529,273.15997314453125,30559100
2020-10-28,268.66618613129737,269.2750167602809,262.25901349964,262.5102844238281,53413500
2020-10-29,263.82462976777094,270.09649522850515,263.3607516697765,267.1007080078125,43246300
2020-10-30,265.1195828683809,265.9893284745817,258.093934109574,260.3262939453125,65838300
2020-11-02,262.7132120581859,264.3270673627996,257.9972226197486,260.90606689453125,39987400
2020-11-03,262.81956599398757,267.51623940766655,261.7372132955642,265.4191589355469,43604100
2020-11-04,274.05869660957654,279.0645926549374,272.3965036591907,277.2671203613281,75728200
2020-11-05,283.6645554752687,285.46205684443345,282.1859794339378,284.49566650390625,52054200
2020-11-06,283.8385673696389,285.4331059191332,280.0889672219941,284.70831298828125,40959800
2020-11-09,287.64605743551107,289.08599898963547,278.43635935910754,278.89056396484375,86537100
2020-11-10,275.585592558968,277.02550497020536,271.18849807770005,273.8944091796875,69024900
2020-11-11,276.41665433779593,280.4948231442373,273.8557255890356,280.02130126953125,36102900
2020-11-12,280.98769753717005,282.25366667118294,277.5956576099085,278.7070007324219,34414600
2020-11-13,280.41751038496193,281.77045102265487,278.1947948091362,281.1519470214844,24806900
2020-11-16,280.8523991483272,283.64528181718896,280.2435684216537,283.345703125,30168400
2020-11-17,283.53895587325457,283.8675250915629,281.80910868719633,282.4469299316406,21843500
2020-11-18,281.89605303204337,283.5099082644864,280.27249496762283,280.3594665527344,28069600
2020-11-19,279.808677529354,282.8624746544085,279.1418658110282,282.55322265625,22718400
2020-11-20,282.4758138005131,283.21995305065286,280.53338975834606,280.620361328125,25907300
2020-11-23,281.6159264343047,282.91088647469917,278.38818493208476,280.6302185058594,26875600
2020-11-24,281.69314387810886,285.06586661561016,279.89567179055075,284.572998046875,24516800
2020-11-25,285.63604508000066,286.9599953366419,284.6889717798242,286.3221740722656,23326800
2020-11-27,288.28393358751885,290.0814351653389,287.8877099628817,288.9604187011719,17163100
2020-11-30,289.27924712109086,289.8880776830345,284.87251004364725,289.5498352050781,27836200
2020-12-01,291.82092142657996,294.88439208815726,290.7192221723429,293.2608337402344,27521300
2020-12-02,292.09146495118745,293.9759378121451,290.2553292998312,293.6376953125,23620000
2020-12-03,293.94696439192273,295.59948362513694,293.3284604146421,294.0532531738281,22828700
2020-12-04,294.10157996888324,295.3965690688171,293.42512437823916,295.2515869140625,19332100
2020-12-07,295.4352427472378,297.2907255543282,295.251626185894,296.9234924316406,20851000
2020-12-08,296.44995158477576,298.2281065199663,294.7007871841629,297.92852783203125,18341500
2020-12-09,297.71588317593665,297.9961151441899,290.1200396643177,291.1830749511719,48839300
2020-12-10,289.1535765349301,293.47334150600017,288.0712243305083,292.3523254394531,27519500
2020-12-11,290.6999321661132,291.83062205952194,288.438581871194,291.7049865722656,26760400
2020-12-14,292.8935940648919,295.7637747777363,292.8259691496675,293.82135009765625,28804800
2020-12-15,296.07303550095884,296.9621276855469,293.8889836609134,296.9621276855469,25709000
2020-12-16,297.3582975144847,299.378049637304,296.31457950869407,298.59527587890625,25461900
2020-12-17,300.1898950565834,300.7793791237799,298.991580236775,300.5474548339844,23730500
2020-12-18,301.18526879471654,301.49452083485187,297.2713695482542,299.6390380859375,41173400
2020-12-21,296.6968099330535,299.6109270127023,293.92793779990836,299.0784606933594,37095500
2020-12-22,299.9787918285022,300.8113797312623,297.074365952245,299.89166259765625,26176300
2020-12-23,299.9401032992736,300.298311151002,298.2265024091057,298.38140869140625,21201300
2020-12-24,298.64275735310594,300.1433656019601,298.56531899476283,299.6980285644531,16785000
2020-12-28,302.3023949194107,303.19309872265205,300.47259202219556,302.71868896484375,22497700
2020-12-29,304.0450174468872,304.664642578281,302.08938102346127,302.98974609375,25871900
2020-12-30,304.15157284244054,304.47104678502245,302.37985597932527,302.9994812011719,18138100
2020-12-31,302.9026855013199,304.2290357637168,301.8280616987738,303.7449645996094,21611400
2021-01-04,305.071236411445,305.2455244401776,295.4575926553533,299.4560241699219,45305900
2021-01-05,298.4685897434623,302.19594340517716,298.4685897434623,301.9248352050781,29323400
2021-01-06,297.2195961665382,301.9441338882329,296.2321019556657,297.7424011230469,52809600
2021-01-07,300.39518456721936,305.77805326445394,300.36614148071965,304.9454650878906,30394800
2021-01-08,307.23017070693584,309.21487948228685,305.0421603895947,308.8663330078125,33955800
2021-01-11,305.9135279564242,307.08497153497416,303.7545606025091,304.4032287597656,32746400
2021-01-12,304.44193435888496,305.52624870479366,301.28581143319,303.9191589355469,29266800
2021-01-13,304.1805196299968,306.7654420740711,303.5802763522072,305.9715881347656,22898400
2021-01-14,306.4168257428363,307.4140104394276,303.86091765914335,304.3353271484375,23500100
2021-01-15,304.1225370747564,305.08098847092174,300.6856142769227,301.9248352050781,35118700
2021-01-19,304.2386132716597,306.8332266535464,303.1446081211837,306.3298034667969,24537000
2021-01-20,309.9410218264804,314.3944517891422,306.42666132440587,313.4553527832031,30728100
2021-01-21,314.791416370408,316.7083484771748,313.4166710531678,315.9628601074219,25130600
2021-01-22,314.9268712070259,316.0595806281034,314.36533238765617,315.052734375,21609400
2021-01-25,318.43163593412686,319.7967199017761,311.1705698585587,317.6571044921875,39080600
2021-01-26,318.3735525859016,319.25456548964087,316.79547615092645,318.121826171875,25498100
2021-01-27,315.86602767429855,315.8756890037456,307.249539984331,309.25360107421875,55264000
2021-01-28,310.4541485856806,316.02096581092127,309.83452344318874,311.08343505859375,42836300
2021-01-29,309.39885072667784,310.50254694314407,302.79614381568024,304.5387878417969,55259000
2021-02-01,307.97565699810855,313.2326908464539,305.9522436350412,312.14837646484375,35646000
2021-02-02,315.1109495082248,318.3929363652849,314.9463523261116,317.2408447265625,33930800
2021-02-03,319.31261928071063,319.68051798841714,315.92412209235215,315.9822082519531,24824500
2021-02-04,317.3763206460709,319.8063369990852,316.0596321495655,319.7192077636719,22350900
2021-02-05,320.66797280716975,321.81037319928237,319.0318105738274,320.8034973144531,22732000
2021-02-08,322.4881305380413,323.10772610139503,320.8519680704715,322.95281982421875,20462800
2021-02-09,322.02344061396997,324.1436743085384,322.01374973785425,322.8851013183594,17597500
2021-02-10,324.31789017397597,324.7729181112913,319.00279986741936,322.1492614746094,28068700
2021-02-11,323.6789239561336,324.32759214036884,321.5393382627716,323.92095947265625,22046100
2021-02-12,323.07862486548237,325.8959213372135,322.03304461444054,325.7313537597656,20346800
2021-02-16,326.5252390518274,327.41594268454725,323.6885901057488,324.8503723144531,27080800
2021-02-17,321.8782685751344,324.9666448461372,319.6515531246379,323.291748046875,31360300
2021-02-18,319.7095148778247,323.2335360809982,317.89906468065965,321.8781433105469,32236200
2021-02-19,323.2239466223806,323.34980983793963,319.45788875907965,320.47442626953125,39157700
2021-02-22,316.0984716697802,317.3570448843186,311.9645145449152,312.1678161621094,47256900
2021-02-23,306.9010850029575,312.90357860980123,301.0922316590529,311.2383728027344,97241900
2021-02-24,308.5855640910335,314.11367604871,305.89413057856177,313.8038635253906,58206300
2021-02-25,311.1511841201916,313.70706373976833,301.3245187872966,302.8638610839844,110182600
2021-02-26,305.78762497172283,308.9437474743472,300.97595854773266,304.1321105957031,104739800
2021-03-01,309.0986863548367,313.6199225043149,307.8110704920777,313.28106689453125,49164500
2021-03-02,313.92004533355646,313.9974836940551,308.0047118607735,308.25640869140625,48370000
2021-03-03,307.1623773128053,308.10147616004815,299.2526743462873,299.3107604980469,86301100
2021-03-04,298.9429777231235,302.09913107047475,290.54917099589784,294.4120788574219,139131600
2021-03-05,297.0259576251309,299.7464343167037,287.97385344428346,298.8460693359375,121523700
2021-03-08,298.30397886158335,300.1821771494048,289.96828845196154,290.38458251953125,88409800
2021-03-09,297.6745871535942,303.73516482023393,297.1421209339256,301.83758544921875,80391100
2021-03-10,306.0878331967325,306.38795490696515,300.28867103051203,300.9760437011719,76798100
2021-03-11,305.71025724263603,309.6699553649419,304.81958294834607,307.907958984375,53484800
2021-03-12,303.8610012373215,308.09180614010404,301.4697191182016,305.4100341796875,69315600
2021-03-15,305.72962903843666,308.8373571812603,304.09346638127744,308.6727600097656,42955700
2021-03-16,310.8607052243403,313.871642149708,308.93411213610096,310.366943359375,54925900
2021-03-17,307.3367435684353,313.53284754502164,305.62311301915645,311.64495849609375,78258700
2021-03-18,306.7751732608116,307.75300620687557,301.6440321034834,302.09906005859375,82718100
2021-03-19,301.9345029977423,304.7034050515938,299.7949170097811,303.1640625,78446200
2021-03-22,305.5534698013982,310.9140559529081,305.5534698013982,308.84930419921875,56194800
2021-03-23,309.93513015385537,311.2534525585729,306.68775098382895,307.50201416015625,53455400
2021-03-24,308.86877378090526,308.90755666394017,302.17045810055293,302.31585693359375,64803700
2021-03-25,300.4740971153322,303.3046561849449,297.9731482079596,301.79241943359375,78729000
2021-03-26,301.5790969053566,306.6391828174355,300.183238678992,306.3193054199219,63519600
2021-03-29,305.78618658592865,307.2789873156319,302.8974683731191,306.2320861816406,54608000
2021-03-30,304.27397607290493,305.2627176647272,301.9959625409575,304.6907958984375,44635700
2021-03-31,306.4743486799786,310.9140260124671,306.135065116699,309.3533630371094,55032500
2021-04-01,313.1726923053448,314.7624351906503,312.9206479914796,314.6267395019531,55685600
2021-04-05,317.1083398561629,321.6740401855826,316.86599863468905,320.9082336425781,42172500
2021-04-06,320.5980329341779,322.6336753606198,319.90976262240673,320.6852722167969,33537200
2021-04-07,320.2102655032343,322.29442351628467,319.2796835663621,321.46075439453125,32046400
2021-04-08,324.31072970282855,324.99897052229124,323.51584335771946,324.8147888183594,29940800
2021-04-09,323.4576177958282,326.98611963222544,322.72092071316445,326.78253173828125,36664900
2021-04-12,325.74534404855524,326.7728683332673,324.47547857249293,326.3560485839844,25833000
2021-04-13,327.87793315422925,330.6309255747527,327.6646717196911,330.1656494140625,30374000
2021-04-14,330.40796702206137,330.53398916747386,325.38666492862893,326.200927734375,42564300
2021-04-15,329.07019796679765,331.5323923041741,325.91976305488686,331.1446228027344,36342800
2021-04-16,331.6681358645209,331.74570160907507,329.6615437771417,331.5324401855469,40860100
2021-04-19,329.96213303614445,331.1156500529259,326.57902941354195,328.4983825683594,34533100
2021-04-20,327.8392057974429,329.11874492322863,324.13622495146456,326.1040344238281,38081800
2021-04-21,324.82446872643175,329.0799946790539,323.7387848119833,328.89581298828125,36598100
2021-04-22,328.50811147791865,329.4871499891358,323.77760565372427,324.93115234375,45936100
2021-04-23,325.5611805627224,330.33043890861984,325.5611805627224,329.0218200683594,36381900
2021-04-26,329.2641159980773,331.44518654216074,328.51768625675356,331.1640625,30812000
2021-04-27,331.454991346691,331.66825284543745,328.7795638692136,329.7295227050781,33187200
2021-04-28,329.39992940364334,330.4080773208257,327.9652585054481,328.61474609375,33615700
2021-04-29,331.88143070521437,332.29825048050515,326.57900392431367,329.79730224609375,37708900
2021-04-30,327.3544646240433,329.83603584092134,326.72435391523015,327.63555908203125,38263400
2021-05-03,328.8376550720035,329.58405537117176,325.4448780314179,325.8907775878906,29729700
2021-05-04,323.3413342392819,323.6612412033449,316.21649673606737,320.026123046875,65147000
2021-05-05,322.07142882980395,322.934177631916,318.1745932977846,318.9500732421875,46219300
2021-05-06,318.6884031101518,321.5092584227656,316.4491726342146,321.3541564941406,46814300
2021-05-07,324.12644534204554,326.3365955065622,321.5285552435657,323.961669921875,53324500
2021-05-10,322.58526574806535,322.7597443386134,315.57674653434634,315.78033447265625,60700500
2021-05-11,309.90593294309514,316.1389413976423,309.2467424078614,315.34405517578125,71963600
2021-05-12,310.4197431979524,312.73651000523404,306.31931888089315,307.18206787109375,91164900
2021-05-13,310.1192245133992,312.52323047581723,307.19172365150604,309.5569763183594,69877800
2021-05-14,312.7170903364963,317.30216690670983,312.2130017076869,316.3909912109375,44370000
2021-05-17,314.68494115486175,316.37162666229653,311.6023677851809,314.4716796875,39395000
2021-05-18,315.4216237712998,316.64300329263045,312.0773034068647,312.3487243652344,36528500
2021-05-19,306.9590711096651,313.00789819210576,306.610084387319,312.7073974609375,66319100
2021-05-20,314.1906157389141,319.60936317146644,313.96768069580344,318.7563171386719,46466100
2021-05-21,320.3071847296511,320.7240044690414,316.63331365549334,316.9919738769531,50330400
2021-05-24,319.2796667771913,323.4479530014382,316.88533463286603,322.323486328125,32475800
2021-05-25,323.83574702943866,324.5530676062325,321.5965164232101,322.7694396972656,31280300
2021-05-26,323.4382572317026,324.3591360264829,322.7500165185231,323.89385986328125,25444900
2021-05-27,323.44799648913676,324.29133921184314,322.47863159725927,322.68218994140625,27931700
2021-05-28,323.8842244385913,325.28981550157476,323.380165295556,323.7000427246094,29927400
2021-06-01,325.02799863948223,325.5030074975126,321.2765616771264,322.6239929199219,31145400
2021-06-02,323.0408584081203,324.0974626171343,321.53835462068525,323.2541198730469,22047900
2021-06-03,320.4235502295139,321.6934158595787,318.22310259495436,319.8904113769531,37057800
2021-06-04,321.68363896048464,325.76465552324953,321.61577634064327,325.3187561035156,38736500
2021-06-07,324.78567477026974,326.346367531055,324.09743402345566,326.2882080078125,32611900
2021-06-08,328.0330718893326,328.8958208385621,324.76631695292076,326.4433288574219,27282800
2021-06-09,327.81011528704465,328.5855953125596,326.3366618228329,326.5208435058594,21485300
2021-06-10,326.86008283223407,330.02989472502594,326.41418335710034,329.92327880859375,33702100
2021-06-11,329.9329650472229,330.79571385593243,329.28350724491844,330.7860107421875,21222800
2021-06-14,331.21255267389915,333.9655451136697,330.02992645276777,333.95587158203125,27827700
2021-06-15,333.60695627915476,333.91716017662094,331.05752161544734,331.7748718261719,35963800
2021-06-16,332.2401232480019,333.3064305766439,327.11220412020464,330.5631408691406,55399500
2021-06-17,329.55501284677644,335.7686459074269,329.50655643093137,334.760498046875,59722700
2021-06-18,333.1028181318173,334.24666145193623,331.38702356897403,332.1334533691406,55414900
2021-06-21,332.3246859109161,334.5180014836792,330.1119712118141,334.1977233886719,32992600
2021-06-22,333.9939319117783,337.75943564454093,333.6930825573863,337.3130187988281,28941600
2021-06-23,337.254742209473,338.62313566064245,336.64332921884596,337.4779357910156,27188500
2021-06-24,339.4092933259272,341.08822115574117,338.86582159157274,339.5645751953125,32581600
2021-06-25,340.1273287491369,340.3699510331872,338.54542671841233,339.1471252441406,28682800
2021-06-28,340.428202252157,343.40761122051816,340.36997526919714,343.271728515625,39130300
2021-06-29,343.0970406149218,344.54306002409317,342.2624341314209,344.5139465332031,29426000
2021-06-30,344.3586792692265,344.7468986534807,343.3881900425526,343.9704895019531,32724000
2021-07-01,343.62120059607673,344.6110891554649,342.27220606826614,344.1064453125,29290000
2021-07-02,345.9989337006576,348.37664501365185,345.7660256793653,348.056396484375,32727200
2021-07-06,348.65799892493936,349.84199706760444,345.9697245818565,349.560546875,38842400
2021-07-07,351.7537988882983,352.054648150842,348.347372546427,350.2980651855469,35265200
2021-07-08,345.2418224398353,349.0364388088404,343.9607991902347,348.1824035644531,50890000
2021-07-09,347.60019796286946,350.83191460116575,347.0178984052795,350.35638427734375,35184500
2021-07-12,351.7539364988123,352.180954254699,350.18171860650807,351.7248229980469,25717700
2021-07-13,351.3463178711061,354.68480417149834,350.87078748627357,351.7248229980469,39723000
2021-07-14,354.0636320114519,354.70415856449887,351.53066891334356,352.3555908203125,35336400
2021-07-15,352.2682848385066,352.47207933812683,347.88165340008845,349.880859375,53391600
2021-07-16,350.73478306539107,351.71498661277093,346.69754453018766,347.04693603515625,47262000
2021-07-19,343.6017324357535,344.6983901077833,341.6510690390563,344.2034606933594,64404600
2021-07-20,345.1350937044425,349.64786275416617,343.359081806931,348.20184326171875,42183700
2021-07-21,347.7748438652309,350.8901062011719,347.5516206658584,350.8901062011719,30259900
2021-07-22,351.09387519602745,353.21924896165797,351.09387519602745,353.2095642089844,30252200
2021-07-23,354.5294695016737,357.6156185912099,353.18050467776334,357.3341979980469,31960800
2021-07-26,356.64514169924155,358.00385055881424,355.78142153027045,357.6156311035156,28438100
2021-07-27,357.35360868187286,357.35360868187286,349.53146647345926,353.6754455566406,57933100
2021-07-28,354.8109250486839,356.6063363341756,352.52055469944963,355.03411865234375,42066200
2021-07-29,354.47120453246976,356.82948634161215,354.47120453246976,355.6649169921875,25672500
2021-07-30,351.7441324187549,354.3935787806666,351.7150189254144,353.811279296875,36484600
2021-08-02,355.47083858690587,356.0531381213734,353.13195569506735,353.8404235839844,27334100
2021-08-03,354.50041222238866,356.10171401395365,351.31720776762677,355.9852600097656,35558500
2021-08-04,355.9464171578794,357.4506936273146,354.84007454765805,356.4996032714844,29602200
2021-08-05,357.31475398314,358.9937111841423,356.6063157279587,358.76080322265625,21443900
2021-08-06,357.4991317933084,358.46962107455283,356.0822257354465,357.1885681152344,33332100
2021-08-09,357.6446866760717,358.37255361139034,356.54805870512257,357.8485107421875,25960200
2021-08-10,358.3628485855555,358.65398349642066,354.83025370983324,356.0142517089844,35130800
2021-08-11,357.27599068075955,357.77092014732835,354.0733578121451,355.4029235839844,34249800
2021-08-12,354.89820232961824,357.04297519552864,353.5492081086965,356.68389892578125,25969200
2021-08-13,357.0333345975948,358.26584538723085,356.53837556079554,357.9358825683594,19336200
2021-08-16,356.8198477892723,358.1299847748878,352.9670037183403,358.0911865234375,34856900
2021-08-17,355.34466168634174,356.3151510147856,352.5108494327965,354.93707275390625,44793900
2021-08-18,354.4032895790549,355.80079659606537,351.19097223749185,351.52093505859375,38541900
2021-08-19,349.5897087899509,354.88857286276215,349.33737205701175,353.2193298339844,48499400
2021-08-20,354.28680192087853,357.2759253852955,353.9762382539555,356.8780212402344,39486000
2021-08-23,357.91640853616616,362.9047372880228,357.9067237836199,362.2156982421875,34034700
2021-08-24,362.80769388948636,363.923750591973,362.341848392222,363.3220520019531,21732900
2021-08-25,363.5744132863753,364.31199463604713,362.82711756621313,363.7393798828125,20441900
2021-08-26,362.8853603678298,363.56468508570066,360.9928944471551,361.42962646484375,29133300
2021-08-27,362.0604858868606,365.44748439971636,361.5752411891111,364.9428405761719,27104700
2021-08-30,365.7288667468394,369.52348313309056,365.7094380076639,369.0382385253906,27295700
2021-08-31,369.28089840437747,369.3488101474605,367.19432268536974,368.7374267578125,29628200
2021-09-01,369.79529288814643,371.41599361649696,369.14505195230834,369.3488464355469,28138300
2021-09-02,370.69780864908336,371.02777146554007,367.9610216445504,369.17413330078125,25453400
2021-09-03,368.0290360927829,370.7075966391146,368.0096369645449,370.3096923828125,24605400
2021-09-07,370.4162844282108,371.4838283957531,369.26139999291206,370.8335876464844,23970200
2021-09-08,370.65899507579223,370.65899507579223,367.28171104948837,369.5429382324219,32949200
2021-09-09,369.76613774278206,370.87248014416735,368.0289536026869,368.2715759277344,29399000
2021-09-10,369.9796779687276,370.69783063437353,365.146630181552,365.4765930175781,40249400
2021-09-13,367.80568691624063,368.232704527197,363.17646416375703,365.22418212890625,48741800
2021-09-14,366.7091314592077,367.43699855087266,363.23479223980155,364.1858825683594,41826600
2021-09-15,364.64198082794206,367.24288522558624,362.3516105190871,366.89349365234375,34097900
2021-09-16,365.56391065491147,367.71839813414806,363.6423607524732,367.14581298828125,35193100
2021-09-17,366.67024577672095,366.71875839113625,361.7595726718765,362.7979736328125,60912300
2021-09-20,357.0113567892473,358.75046688054283,350.66703692248456,355.3014221191406,76203200
2021-09-21,357.1280094341518,358.3230455927462,354.61165851630665,355.7386779785156,41927500
2021-09-22,356.65187839398413,360.51871870143844,355.55400493496865,359.0613708496094,46972900
2021-09-23,360.2175441098625,363.40427696626887,359.5763074823771,362.3744201660156,44652000
2021-09-24,360.11075012501493,363.132334277124,359.74155048747497,362.71453857421875,36056800
2021-09-27,359.6734850025232,360.69361670499325,357.2737175316514,359.8192138671875,43338100
2021-09-28,355.2723346876487,359.77065760688873,349.13203421217105,349.6372375488281,97701600
2021-09-29,350.9002374139958,353.0376631925343,348.44217849629433,349.06396484375,58076600
2021-09-30,350.7058843035633,352.3672524598552,346.94593179993717,347.7814636230469,61384600
2021-10-01,348.40338563869835,350.9780282202451,344.30337814380727,349.9384460449219,56375500
2021-10-04,348.325458531026,348.65578705920774,340.35864365472673,342.5932312011719,76766000
2021-10-05,343.6523296162224,349.4623003725709,343.4288885889361,347.2179870605469,47232900
2021-10-06,344.0119156671475,349.715030331096,343.1083668248391,349.4429931640625,56806500
2021-10-07,352.48383820617084,355.29167583028516,351.9494892129102,352.6490173339844,39411200
2021-10-08,353.7274568047057,353.96065262238324,350.3561242619187,350.8905029296875,41822300
2021-10-11,349.35541514023294,352.8725062066949,348.11181282191984,348.19927978515625,34847200
2021-10-12,349.6469428519261,350.0841294694706,346.3436265923632,346.98486328125,43905100
2021-10-13,349.28740081060675,350.4338405855879,347.2665286701431,349.7634582519531,40120800
2021-10-14,353.34864279695967,356.4187931935729,352.687985403338,356.2050476074219,43433900
2021-10-15,357.41939257925725,358.5658323417555,356.3895358909364,358.4492492675781,40419900
2021-10-18,357.1570749799005,362.2675175062636,356.5547092896847,362.05377197265625,34513500
2021-10-19,363.1224554291939,364.84211497896575,362.1023239360742,364.7935485839844,29091000
2021-10-20,365.25022970588054,365.86232053598303,362.84073729606274,364.3175354003906,31390300
2021-10-21,363.52086567008075,366.7367443478896,363.21968280779555,366.54241943359375,25469300
2021-10-22,365.2891022902149,366.2509423706017,361.8011867064768,363.4625549316406,36275800
2021-10-25,364.8810195167244,368.0968979159917,362.9378891413452,367.1836242675781,32597800
2021-10-26,369.4182966859178,371.8277597322551,367.1642580007848,368.33984375,47191300
2021-10-27,368.78675373553443,372.2552490684939,368.52444177120924,369.19482421875,45760500
2021-10-28,371.0893270341014,373.5473857182244,370.3217822509706,373.2947692871094,38007000
2021-10-29,370.2246197351638,375.2961910870078,369.87487050736155,375.1310119628906,37310100
2021-11-01,375.5682561701875,376.53982140855203,373.48912197799297,376.41351318359375,30765300
2021-11-02,375.8014354130221,378.46354442062784,375.75286900934157,377.9874572753906,25135300
2021-11-03,378.47324379942285,382.41779647294356,377.4336914813911,382.0000305175781,33748900
2021-11-04,383.2630838420163,387.8488731677204,382.719009655053,386.896728515625,40265300
2021-11-05,388.6650478197639,389.58801720000713,385.86693460211114,387.2659912109375,43383800
2021-11-08,387.23677975210165,388.25691143350406,386.10003533155617,386.74127197265625,29256300
2021-11-09,387.80990778564853,388.208253012965,382.7189164264269,384.0791015625,50490700
2021-11-10,381.3101812742508,384.1179891815818,376.51064698992576,378.4343566894531,54937400
2021-11-11,381.40741366559087,381.5822883113041,379.1436498134024,379.48370361328125,32243000
2021-11-12,380.63012828503423,384.0111862152096,379.0367766051723,383.4768371582031,34730600
2021-11-15,384.65245709370566,384.9730606264677,380.95079532997596,383.389404296875,33716900
2021-11-16,382.66061624762506,386.6148933225803,382.4663210174151,386.1194152832031,27872900
2021-11-17,386.4401304650816,388.3541154524981,385.36170712360547,386.32354736328125,28703300
2021-11-18,388.36380376999676,390.83155825697514,386.1486360963617,390.32635498046875,45721500
2021-11-19,391.9586113099856,393.7754338135081,391.1327748129784,392.502685546875,45191700
2021-11-22,394.03771684540067,397.0884162450373,387.8391259434944,387.94598388671875,61715400
2021-11-23,386.78982609208884,388.8495693207287,381.74742974006676,386.1777648925781,70098700
2021-11-24,383.70021458418785,387.70305822703176,381.37818931168243,387.42132568359375,46954400
2021-11-26,384.84668358291367,386.23604437603416,378.6869636697701,380.0763244628906,51533300
2021-11-29,384.63292407598084,389.33529563140667,383.9042502464245,388.3248596191406,54447100
2021-11-30,387.44078141295927,389.7822571763225,380.6106790288867,382.621826171875,81332700
2021-12-01,386.9550383610428,389.0924939464996,375.64603334024446,376.11236572265625,77766500
2021-12-02,374.82997036299895,380.6010719947161,373.4114929883163,378.8231201171875,84416600
2021-12-03,380.1831750070444,381.1838859743327,368.12604734982597,372.23577880859375,105349100
2021-12-06,372.7216064023511,376.57872188749616,368.5147119860262,375.2185363769531,67588800
2021-12-07,381.8543205406165,387.1299131676193,381.8154496254589,386.517822265625,56005300
2021-12-08,386.8481048239432,388.45118137491477,384.9535409410944,388.24713134765625,39204000
2021-12-09,387.02308173482663,388.8204836488228,382.3401294064192,382.5344543457031,49973700
2021-12-10,385.3421980821005,386.95499992733414,382.17488593364493,386.69268798828125,52545800
2021-12-13,386.6829763172521,387.0035798094843,380.73700162639506,381.106201171875,50166400
2021-12-14,376.28718869715664,378.9978638969991,372.72156103034786,377.16162109375,75199200
2021-12-15,376.90909348999844,386.11954439644194,372.9645402349824,385.7600402832031,73858000
2021-12-16,386.72181288136824,387.1493039329208,374.2566150073627,375.84027099609375,82591400
2021-12-17,372.4300593705942,378.1234466204989,370.91442009447013,373.96514892578125,80492500
2021-12-20,369.2479864267367,371.1254949115993,367.2050878566591,370.3375244140625,65336800
2021-12-21,373.60617144539583,378.937159569745,369.86089170437486,378.6258544921875,48899500
2021-12-22,378.3340782683433,383.44131102709355,377.6725771503509,383.2370300292969,37042200
2021-12-23,383.58724190976255,387.59519903351975,383.42188146726215,386.12628173828125,29595500
2021-12-27,387.4200560757079,392.5078430175781,387.39087307820034,392.5078430175781,32820700
2021-12-28,393.4028893001048,393.57798732130635,389.81323142700097,390.6887512207031,33113700
2021-12-29,390.82491370262477,392.08954996149595,388.25669093436284,390.6303405761719,32248500
2021-12-30,390.4163132880544,392.59541944240806,388.8792924991095,389.4629821777344,23850100
2021-12-31,388.79169097937756,390.15361358706275,386.5347736936786,387.0309143066406,34752900
2022-01-03,388.19828992742805,391.0097140063851,386.0873171654606,390.75677490234375,40575900
2022-01-04,391.3015267055708,391.3404472631714,382.5949296886275,385.6884460449219,58027200
2022-01-05,384.00549782002093,385.12424866501397,373.5867520579978,373.8396911621094,75739800
2022-01-06,372.02056019679407,376.8164876394273,369.79282568546137,373.5770263671875,70814300
2022-01-07,373.58676631105357,375.26973173594047,367.7596666339239,369.5301513671875,72652300
2022-01-10,364.6271924939485,370.28893116706166,359.2670213392742,369.7733154296875,91770500
2022-01-11,369.0437750740555,375.4934854420192,366.96198507841575,375.328125,68295700
2022-01-12,377.89632906917427,379.5890322281386,374.54016512828366,376.8165283203125,54576400
2022-01-13,378.1978779155955,378.8788541706966,366.4561289540999,367.3900146484375,77994000
2022-01-14,364.8704215155353,370.0068369648737,364.66611084234313,369.67608642578125,80121200
2022-01-18,363.86841067713556,365.9891209009165,359.71450953046275,360.4732971191406,75450900
2022-01-19,362.0298017987283,364.5007377255495,356.25133090845486,356.5140075683594,81791500
2022-01-20,359.73397518513565,363.70301100121503,351.34839137289583,351.8834228515625,88610700
2022-01-21,349.6946830737125,352.3309798433953,341.8441290801608,342.1262512207031,143388900
2022-01-24,336.5034508180747,344.35400525124277,325.06323854930025,343.6924743652344,198685800
2022-01-25,337.2427024792045,341.48412280913794,332.38837987086396,335.72509765625,124398400
2022-01-26,343.31306025257425,347.1751022863586,331.51291558684187,335.1998596191406,146559500
2022-01-27,339.8984675125725,341.7176102878764,330.80272394836476,331.8241882324219,95255700
2022-01-28,333.7017452516599,342.447264423983,328.7599022902496,342.2332458496094,108167900
2022-01-31,343.59518904683466,353.76099683287447,341.9608519381852,353.17730712890625,94326400
2022-02-01,354.51975345573044,356.2319018538568,349.3736300747479,355.5801086425781,74433000
2022-02-02,359.704782025708,360.0355325270616,354.3835316340809,358.46929931640625,78777100
2022-02-03,348.78016235408893,352.0876970855096,342.8752223288757,343.9355773925781,95384800
2022-02-04,344.4512021440884,351.5721505685939,342.3985953365478,348.27435302734375,86318300
2022-02-07,348.86764779489295,351.23155901150426,344.21763677124426,345.4725646972656,58198100
2022-02-08,344.3345030373818,350.4437252968105,343.206044188482,349.35418701171875,64720900
2022-02-09,353.8679667596408,356.8350135761256,352.2725504590075,356.7572021484375,55766400
2022-02-10,349.74321634779176,356.5236756250756,346.84427335256765,348.682861328125,112468500
2022-02-11,348.6829650660236,350.2783816942469,336.3964163917307,337.6221618652344,101569100
2022-02-14,337.0675991070054,341.43551898191356,334.53832682443243,338.0404052734375,80254400
2022-02-15,343.31299780023323,346.6788985298237,342.2526427338725,346.4454345703125,55128800
2022-02-16,344.19824898721663,347.37931413168127,341.17280668796377,346.3578796386719,58947100
2022-02-17,343.1475504259686,343.8479718752741,335.6374875425127,336.0558166503906,61801400
2022-02-18,336.98979739395264,337.3789139342087,329.9175070476172,332.2230529785156,80001500
2022-02-22,329.2851761441837,334.6842686128457,325.2577737302446,328.8863220214844,85967100
2022-02-23,332.03817840867356,332.8747773875307,320.15048692148855,320.4617919921875,86215400
2022-02-24,310.1695256086582,331.76583514902126,309.6053110745808,331.23077392578125,130614100
2022-02-25,332.0284199331353,336.5714371039434,328.2150369641801,336.36712646484375,78842100
2022-02-28,333.19579372792606,339.0618127409794,332.03815220885383,337.3691101074219,77515500
2022-03-01,336.34774671347776,338.61437211753906,329.6840182452462,332.2035827636719,67407000
2022-03-02,333.750339065548,339.11051074418504,330.98757301152676,337.77777099609375,70609000
2022-03-03,340.41404313685024,340.5210672491219,331.0945734414268,332.95263671875,71089400
2022-03-04,330.5984998691438,332.028526362809,325.8123093471127,328.1275634765625,76936300
2022-03-07,328.1178218819508,329.2754636715576,315.8215368751897,316.02581787109375,89933800
2022-03-08,315.23783128014855,324.14873946634606,311.23961212376486,314.556884765625,116153900
2022-03-09,322.72848819963866,327.23258609319413,320.14081989375154,325.88037109375,64723400
2022-03-10,321.82372966537287,323.46777439300604,317.8254810506982,322.261474609375,69362700
2022-03-11,325.2285895957447,325.5398947178909,315.0919355025774,315.5783386230469,66228400
2022-03-14,314.3428406690173,317.7087414713096,308.8173091315427,309.5177307128906,79802600
2022-03-15,312.1540286427411,320.0045810582813,310.54890450229607,319.226318359375,76471000
2022-03-16,323.13700512453204,331.1821006306383,319.4695072428963,331.06536865234375,105243000
2022-03-17,329.16842359825154,335.13173025381406,327.8746044366326,335.0733642578125,67810000
2022-03-18,333.41961616057836,342.2235308402903,332.2619743080111,341.9316711425781,85446300
2022-03-21,341.09792410133036,343.31866317461163,336.5979780751096,340.98101806640625,73799100
2022-03-22,341.47778831063994,348.5491026772083,341.09794028339115,347.6822204589844,63345900
2022-03-23,344.80881680122246,348.3639424814587,342.6270171803516,342.6854553222656,70615500
2022-03-24,344.60428887839834,350.35096436659234,342.45173783238135,350.30224609375,53555300
2022-03-25,350.24388447861514,351.29583081945475,345.7147486803651,350.0101318359375,57584200
2022-03-28,350.00033128092554,355.5229744553533,348.7633507609772,355.4255676269531,56833900
2022-03-29,359.31183941200896,362.1656780545059,356.54565799435034,361.5423278808594,68073000
2022-03-30,359.68197082403816,361.3377976846079,356.06840647526775,357.54888916015625,68757700
2022-03-31,357.69507322547497,358.0457319393923,352.27958529730734,353.11724853515625,67011400
2022-04-01,353.38020022216114,354.1593955264717,349.26988108447256,352.4451599121094,54527800
2022-04-04,353.28273195497076,359.7111961332405,353.01976027347615,359.7014465332031,45950200
2022-04-05,358.2501595469128,358.9611966423126,350.5749657641546,351.7145690917969,62738700
2022-04-06,346.4062347899626,347.50686952486234,341.448533407247,344.078369140625,90077100
2022-04-07,343.08487346263547,347.08806535874953,339.627153877945,344.89654541015625,63777400
2022-04-08,343.1627857534905,343.9127618247843,339.4420650231139,340.0751647949219,61956100
2022-04-11,335.8479128523156,336.76348334115767,331.68890670893853,332.0298156738281,66107400
2022-04-12,336.77331286308385,338.65314282857037,329.2539632767462,330.6273193359375,72790200
2022-04-13,330.96827562873204,338.3999697129645,330.24751841669115,337.3480529785156,61367800
2022-04-14,337.43560901526075,337.95183248717245,329.4195059388165,329.6337890625,73519400
2022-04-18,328.58188617241785,332.1759811486784,327.0624347689701,329.8870544433594,58560600
2022-04-19,329.2442411729046,337.8350071673093,328.2215436745014,337.2603454589844,56515700
2022-04-20,338.06872955151954,338.526514901853,331.1240416669341,332.341552734375,65500000
2022-04-21,336.21812360109845,338.8284602340918,324.53976678286665,325.4650573730469,75801000
2022-04-22,325.6208654467017,326.83837639396864,316.5138776162672,316.94244384765625,82562100
2022-04-25,315.3159863841307,321.32560607110906,314.0497566803767,321.013916015625,101755900
2022-04-26,318.95865328282736,319.14371732718405,308.62440477055,308.89715576171875,105819600
2022-04-27,308.99460490463673,314.4880299191274,306.8128342616935,308.527099609375,111204200
2022-04-28,313.4847216823124,321.31576034389815,309.26724715521,319.484619140625,99450000
2022-04-29,315.2866493407325,318.72489909461126,304.47514609679433,305.1082458496094,91977900
2022-05-02,304.69921802742374,310.4361452229706,301.60187658563825,310.202392578125,115511800
2022-05-03,310.2218488222658,312.8224657828059,307.76735698291543,310.5335388183594,78185500
2022-05-04,311.0108544289631,321.7054854289545,305.7317415644536,321.0334167480469,116083400
2022-05-05,316.71844594551925,316.79635356866515,301.57259168354466,304.86474609375,154607400
2022-05-06,302.86813813217265,306.9005203041833,297.17989889460654,301.2123107910156,139572800
2022-05-09,295.59225120251307,301.30967906735975,288.0339321273305,289.4267578125,113387300
2022-05-10,296.59537288263346,297.81288365145394,288.8617421011347,292.9428405761719,124124600
2022-05-11,290.6832255838595,296.18637005820534,283.38790825672874,284.2547607421875,140326100
2022-05-12,279.9788270613995,288.0630877961864,277.53405558723375,283.5826416015625,120910900
2022-05-13,288.03385821097976,295.12464046282736,286.43646965166005,294.0921936035156,83684900
2022-05-16,292.3487744870589,294.40394878669343,289.4072782183106,290.6832275390625,59190400
2022-05-17,296.5370143344921,298.5921587961595,292.7383559367014,298.2123107910156,62715300
2022-05-18,293.70268582770615,294.3942239034574,282.3165180984512,283.572998046875,79477100
2022-05-19,281.77108660888524,286.73853871249423,280.10550973056866,282.05352783203125,79920700
2022-05-20,285.51123134311183,286.1638006552641,272.9270233764225,281.1768798828125,91764200
2022-05-23,282.2191085702212,286.2320209059807,279.82305474608825,285.8521728515625,63648400
2022-05-24,280.6412353589031,281.3522429494565,274.9140573272363,279.77435302734375,73491100
2022-05-25,278.2839926608263,285.764401403591,278.07945917480373,283.68975830078125,67144500
2022-05-26,282.8911554322837,293.09877969872235,282.60868452032753,291.5500793457031,59462200
2022-05-27,294.6766659935086,301.21225750200745,294.5597896794027,301.066162109375,66985600
2022-05-31,301.0369313919927,303.2381712461334,296.4201090925534,300.2674560546875,60968300
2022-06-01,302.40054336965414,304.523875630762,295.8357329172192,298.0467224121094,65341700
2022-06-02,296.92656050861325,306.3841767382333,295.51423599259175,306.2088623046875,59291300
2022-06-03,300.99791722823267,302.40049218011103,296.9947556078543,298.2414855957031,60914700
2022-06-06,302.67326610201565,304.23168628909286,297.67659568206346,299.2350158691406,51785000
2022-06-07,295.9136400649913,302.59535654257195,294.8227548582987,301.8161315917969,44900300
2022-06-08,301.01746101503045,303.6180780499389,298.7967217470481,299.6441345214844,38342100
2022-06-09,297.95903181749986,301.0174039542495,291.4526602494023,291.61822509765625,55900500
2022-06-10,286.0176516344523,287.20594344916174,280.8846364355447,281.3326721191406,85963500
2022-06-13,272.47893369094703,275.0016126557796,267.39460709047296,268.2517395019531,94442000
2022-06-14,270.44331562942807,271.417324532628,266.23559003375,268.7388000488281,64697500
2022-06-15,272.15755174098666,279.37493078532503,269.4205596688989,275.4496765136719,86051400
2022-06-16,268.4271234740811,268.8849088704275,262.28112936584387,264.3363037109375,81910300
2022-06-17,265.1057045070877,269.9854980416754,263.47912647848466,267.55047607421875,82703400
2022-06-21,272.02683895071556,276.61349173532,271.9195063318225,274.3006286621094,51633700
2022-06-22,271.8023751623008,278.3017464295533,271.2071020260493,273.9005432128906,67472900
2022-06-23,276.37930737641136,278.8287787279244,273.5492578418302,277.9797668457031,57457800
2022-06-24,280.80006451551657,287.92401558987484,280.56586254296246,287.5043640136719,58422300
2022-06-27,288.8608200227862,289.42681798517424,284.26442815111665,285.3964538574219,54151500
2022-06-28,285.93324557135105,288.5193252831806,276.5159961701036,276.701416015625,61609800
2022-06-29,276.56473159358586,278.45794354155225,274.06647805469794,276.955078125,57302700
2022-06-30,273.9785321064457,277.09159421263433,269.12840338332734,273.5198669433594,79313600
2022-07-01,272.22205305536403,275.71569439598346,270.3483481823784,275.3253479003906,56675100
2022-07-05,271.5974828130593,280.15594985091695,270.0751105884705,280.0388488769531,61829300
2022-07-06,280.4194931796064,283.9326717616443,278.7019325880471,281.8345031738281,63194700
2022-07-07,282.6444176772337,288.56802247137284,282.6444176772337,287.8653869628906,56620100
2022-07-08,285.0353812475997,289.5927597706103,284.09854359020363,288.2265319824219,59895500
2022-07-11,285.8161369450939,286.0405705972896,281.1904688374721,282.0687561035156,55273900
2022-07-12,283.3178548991353,285.230573832258,277.7455514549801,279.33624267578125,55797100
2022-07-13,273.8321892938239,281.1024842041856,273.26616168838916,278.7603759765625,73939400
2022-07-14,276.16456402172145,280.62434749047134,273.0515011436686,279.7558288574219,63741800
2022-07-15,282.74204373662945,284.9377762264799,281.13181608551673,284.8304138183594,63818100
2022-07-18,287.611677482635,289.0169486418252,281.24894346518283,282.41998291015625,59519600
2022-07-19,286.0405209277583,291.39812890521887,284.44009126466915,291.1053466796875,55172600
2022-07-20,291.5249153996122,296.9019989702816,290.7441928015369,295.72119140625,67769400
2022-07-21,296.1798855228456,300.02485907162793,293.5254879934556,299.96630859375,55049400
2022-07-22,299.03921292663256,301.1080759178699,292.8814060911661,294.706298828125,57127700
2022-07-25,294.7355934056734,295.2040270459721,291.0272572099381,293.0278015136719,40582400
2022-07-26,291.32977998348684,291.58351859643307,286.4601428848884,287.2701110839844,50074100
2022-07-27,291.8275985850622,301.09847240575243,291.26157066361117,299.4101867675781,69304400
2022-07-28,299.1954599297295,302.91356549576466,295.4480791144159,302.3377990722656,55139900
2022-07-29,303.8796571496862,308.75906308524213,302.454849173802,307.8514709472656,57501000
2022-08-01,306.0851537709431,311.12070468792047,304.99217151576033,307.66607666015625,46358800
2022-08-02,305.3726912440391,310.8668761787576,304.3187231015019,306.7486572265625,48676500
2022-08-03,308.42718156480026,315.92197036204516,308.3686310866716,315.10223388671875,53735700
2022-08-04,315.1803332975884,316.88812529432516,313.0333828747934,316.5758361816406,38973700
2022-08-05,311.4915231177822,316.0195964067601,310.7108300691232,313.9897766113281,53894000
2022-08-08,314.90710902657366,318.59593879727134,311.5110317053239,312.974853515625,43878500
2022-08-09,311.0816145255079,311.3353531473063,307.81243659216807,309.432373046875,39764200
2022-08-10,316.76126202887053,318.3617214257896,314.29228388628064,318.0689392089844,51459600
2022-08-11,320.39150687223895,322.3920511229261,315.560883736056,316.2635192871094,45897700
2022-08-12,318.3129659011966,322.6166061514939,317.25902716592583,322.42144775390625,40928400
2022-08-15,321.4747855946209,325.5246864619341,321.4552489111956,325.0269775390625,38266600
2022-08-16,324.05108255008014,326.35417748127685,321.2210332564173,324.2657775878906,41186900
2022-08-17,321.1331968983646,323.436261971791,318.48853770617495,320.5671691894531,47842200
2022-08-18,320.5183981966612,322.5189425848019,318.90820030114213,321.338134765625,41937200
2022-08-19,318.3031614705781,318.9569851504218,314.31178143869266,315.0729675292969,51770600
2022-08-22,310.81805412472715,311.0522560012024,305.96792505591566,306.77789306640625,51098900
2022-08-23,306.5437988949074,309.35434152618393,305.7728444052722,306.5242919921875,39497100
2022-08-24,306.0460655965721,309.2274475970766,305.4410240635622,307.4123229980469,38057100
2022-08-25,309.1884071663571,312.8674981086766,308.1442369849633,312.84796142578125,38098300
2022-08-26,312.5551491185306,313.75549340701093,299.9370155969766,300.02484130859375,69047700
2022-08-29,297.2729198727488,299.8102168935229,295.9652426671527,297.0679931640625,48321900
2022-08-30,298.71719702917835,299.3320068591553,291.2419445706575,293.75970458984375,51184500
2022-08-31,296.6581011353187,297.555924896819,291.9446082866473,292.05194091796875,50044000
2022-09-01,289.56341798178005,292.5496115259869,285.88435725091745,292.17877197265625,57990700
2022-09-02,295.04786195450646,296.42385775688933,286.44058427059224,288.0508117675781,64666800
2022-09-06,288.5290602332811,289.44639101078417,283.85458060513645,285.98199462890625,57005400
2022-09-07,286.46015834522314,292.7545738330587,286.19665137708756,291.7591857910156,49260400
2022-09-08,289.6903525885628,294.5892657011136,288.32412480633064,293.2718200683594,55649800
2022-09-09,295.5260862300546,300.1810585439501,293.2718030746139,299.683349609375,56125200
2022-09-12,301.05930574029827,303.5770657606081,300.747016654849,303.2452697753906,45905700
2022-09-13,294.520884533157,295.7114605874526,285.7282166567736,286.61627197265625,79562200
2022-09-14,287.75801965602886,289.76833209124834,285.9916774656809,288.8900451660156,54907200
2022-09-15,286.97743988755116,289.3780997043996,282.47861131266575,284.0790710449219,65299400
2022-09-16,280.7805336223577,282.73229597764134,278.731177193004,282.3419494628906,79920400
2022-09-19,279.70137415696615,284.6970745912991,279.6427184448839,284.5406494140625,52613800
2022-09-20,282.0379303044172,284.56024547929866,279.97513463846064,282.2725830078125,51271100
2022-09-21,283.11330785148755,287.37581184198143,277.0813167842155,277.2181701660156,82931000
2022-09-22,275.6930415739473,276.70000432671964,272.58416975490826,273.80621337890625,62757100
2022-09-23,271.34249782903754,271.6358061387427,265.93617915578574,269.34814453125,74815200
2022-09-26,268.878885095722,273.2391277430711,267.4417608144934,268.233642578125,71176700
2022-09-27,271.5967278751962,273.94304548411566,266.0241974483463,268.3412170410156,69780100
2022-09-28,268.32168776244924,274.9598376182292,266.84547923320525,273.67913818359375,79652100
2022-09-29,269.6903038288932,270.0715956965803,262.8273187259255,265.78955078125,81216000
2022-09-30,264.9683567551903,269.0353210743035,261.12625917908525,261.2826843261719,78482400
2022-10-03,263.0521722036864,269.00596386306034,261.5466064329693,267.41241455078125,61267400
2022-10-04,272.75037177377175,276.5240582865972,272.75037177377175,275.8201599121094,66696900
2022-10-05,272.05626158200477,277.46258183875364,269.26023985446955,275.67352294921875,55766300
2022-10-06,274.67622596742297,277.82421076886277,273.18044612967617,273.5030822753906,53489400
2022-10-07,268.8691557371326,268.9962530554361,261.75197442759656,263.0815734863281,71354700
2022-10-10,263.2771014291403,263.6681793088625,257.7437134187237,260.4517517089844,60393000
2022-10-11,258.77996563092654,261.6444286795512,255.19203248058224,256.8735656738281,66522500
2022-10-12,257.50905437021186,259.42521062634756,256.0915015138821,256.7856140136719,50580200
2022-10-13,249.45333399672413,264.12764394193346,248.5734536032913,262.8078308105469,112894100
2022-10-14,265.13462233804114,265.7309653636263,254.32198168993213,254.90853881835938,77244300
2022-10-17,260.8720549473756,264.1960071537805,260.77428550467795,263.325927734375,64576500
2022-10-18,270.3454004390657,271.01018506656084,262.72961557378073,265.4083557128906,69781000
2022-10-19,263.89298703618215,267.55911798953014,262.0746004041456,264.4404602050781,53115400
2022-10-20,263.5507676104997,268.6931360370133,261.92792015057984,263.0912780761719,60605500
2022-10-21,261.986617180999,269.7979106618397,260.85255709108765,269.2602233886719,77897700
2022-10-24,269.52422125739656,273.15123909970674,265.88741751693567,272.2225036621094,63963600
2022-10-25,273.16088157506636,278.234807432015,271.68464381206957,277.853515625,59014500
2022-10-26,272.2322261526919,277.6287902965968,271.2252633241817,271.7140808105469,63492400
2022-10-27,270.5995535840702,272.05621993697093,266.2490666463493,266.7672119140625,57760300
2022-10-28,266.14155297108766,275.3997564380177,265.97534191478553,274.93048095703125,62651300
2022-10-31,272.68191903600575,273.5031287103649,269.8174263186617,271.7336120605469,47742000
2022-11-01,275.2041929031402,275.7614518928756,268.595372187097,268.95709228515625,45895900
2022-11-02,268.9277993452256,271.9878014034031,259.6695955048992,259.738037109375,79803100
2022-11-03,257.1277827515424,258.58444930817916,254.28286141146174,254.66412353515625,70038900
2022-11-04,259.59131030612673,260.64714253109685,253.28555529535126,258.76031494140625,78313200
2022-11-07,259.8064109324985,262.142972091056,257.67517453380106,261.6052551269531,47333800
2022-11-08,263.12073170240666,266.7477496601227,259.58166749062383,263.51177978515625,63213800
2022-11-09,261.77151778448103,262.55361373285587,257.14729418920933,257.4308166503906,64862100
2022-11-10,269.8369900252469,276.71951751892516,267.7252952822844,276.4262390136719,99256700
2022-11-11,276.24049229556425,282.18452870756767,274.90113736604735,281.51971435546875,66961800
2022-11-14,279.4666506715696,282.74173299667166,278.0784260572565,279.0560607910156,55290700
2022-11-15,285.67466264711777,286.70119711003974,279.5742309122213,282.9177551269531,73985400
2022-11-16,280.9624604558637,283.005713469215,278.23485119486327,279.0560607910156,48859800
2022-11-17,274.5981177562604,279.9164544303959,274.44169257936795,278.4402160644531,55462100
2022-11-18,281.45126632473546,281.54900592608294,276.00583391974624,278.4499206542969,53588600
2022-11-21,277.0617186327833,278.21532062913855,274.75451464007284,275.58551025390625,40083500
2022-11-22,276.3186884823213,279.711052281029,274.187422141993,279.5546569824219,41873400
2022-11-23,279.5742388647001,282.9861749393081,279.39827175235274,282.3605041503906,46390000
2022-11-25,280.7669413787728,281.47083963013006,280.0141733212983,280.50299072265625,15498800
2022-11-28,278.5281072421885,280.54203224468296,275.4583499397137,276.3870849609375,38714200
2022-11-29,276.61197244287877,277.01280626173184,272.9263002573923,274.29498291015625,35618900
2022-11-30,274.5589431887968,286.9064750158597,273.70840571881683,286.7989196777344,74718100
2022-12-01,287.12161208618227,289.13553770503285,284.3744602516807,287.15093994140625,51547300
2022-12-02,282.08675429003557,286.8869447509054,281.910757350936,286.0070495605469,53583200
2022-12-05,283.88568080095115,285.15659447763073,279.75027365012517,281.20697021484375,41482100
2022-12-06,281.05045709162715,281.1873104465043,273.9919327917334,275.3801574707031,53937600
2022-12-07,274.1972036801933,276.25024250355824,272.54499866136973,274.255859375,45614300
2022-12-08,275.6050946410666,278.46955811599247,273.53251315292846,277.501708984375,42594900
2022-12-09,276.48491532642936,279.25163871744275,275.2921995910729,275.7321472167969,47860500
2022-12-12,275.908093532643,279.2516176649539,274.87180303489004,279.19293212890625,35732500
2022-12-13,290.0153845506873,290.2402513163145,279.5155953648504,282.1943054199219,80667700
2022-12-14,281.60780109721975,284.8926708096272,276.8565084528268,280.1022644042969,64984400
2022-12-15,276.01563277082005,276.68044714031987,269.5046109553816,270.69732666015625,60554100
2022-12-16,270.0227019898152,271.5575657141248,266.51296734504245,268.1163024902344,68300400
2022-12-19,268.3858519256861,268.47404612090867,263.11357960823074,264.3483581542969,44167900
2022-12-20,263.1822522783271,265.8869945818374,261.6045058722679,264.14263916015625,51064200
2022-12-21,265.1813681287866,269.27765841529884,264.33857367332774,267.97430419921875,46394700
2022-12-22,264.9657185869975,265.093120157277,257.2043012809809,261.418212890625,60278400
2022-12-23,260.1540875111518,262.6726316300907,258.2529327193007,262.0062255859375,39373600
2022-12-27,261.39863634460903,261.50644919316005,257.7629358770659,258.3019104003906,38009000
2022-12-28,257.9001331477215,260.15406455243925,254.52901545801257,254.8916015625,47139000
2022-12-29,257.6943196587652,262.0454127740725,256.9985455070873,261.1046447753906,45893600
2022-12-30,258.34110733474483,261.07524704462577,257.03775322586284,260.9478454589844,37858300
2023-01-03,263.27044150482857,264.74040491904475,256.88101129736896,259.1839599609375,42335300
2023-01-04,261.30061125663116,262.094388805196,257.2728974856996,260.4186096191406,47754900
2023-01-05,258.7527412605254,258.919320349099,256.02841054713053,256.34197998046875,45396700
2023-01-06,258.0765705578795,264.5346059307866,255.12683454248378,263.41741943359375,54659700
2023-01-09,265.4067910335635,269.77750394716486,264.51503951345506,265.12261962890625,45568700
2023-01-10,264.0935545337913,267.4744815439094,263.5839781045529,267.3666687011719,35247800
2023-01-11,268.4348714453479,272.09996982647135,267.6508731910464,271.9921569824219,44077000
2023-01-12,272.55075772684324,274.4911198155303,268.25846062265697,273.4621276855469,60600000
2023-01-13,270.963257800599,275.5887439039788,270.6300696799657,275.34375,44802900
2023-01-17,275.147652081972,277.1860174377972,273.9814790914933,275.9022521972656,36269700
2023-01-18,277.44086582023687,278.9892439492268,272.1098262996405,272.31561279296875,47754500
2023-01-19,270.68887041099316,271.8256457334946,268.40554034607356,269.6402893066406,44150400
2023-01-20,271.2474300076123,277.3526582997376,270.189039708322,277.01947021484375,60613600
2023-01-23,277.8622856509869,284.3987060531024,277.0685078199232,283.1737365722656,52799900
2023-01-24,281.55674841928726,283.7518838905232,281.03736261916526,282.59552001953125,44875100
2023-01-25,278.08762887043525,282.5857126972859,275.54949598721333,281.9683532714844,50872000
2023-01-26,285.388429890523,287.64236129032844,282.7424844155557,287.4659729003906,51596300
2023-01-27,286.152809973951,292.28746540168373,286.0352177137922,290.3275146484375,56441900
2023-01-30,287.06425833411,288.4852349810713,284.08515390782713,284.45751953125,49405800
2023-01-31,284.4966454883634,288.81834043174297,284.38886255344715,288.7203369140625,46705100
2023-02-01,288.5145165990588,297.3538825772445,286.44675327264645,294.8941650390625,67562200
2023-02-02,301.41104382361254,307.3986792194791,300.58786806855676,305.4779357910156,83070600
2023-02-03,298.8336987253652,306.134527365596,298.44171454947156,300.0488586425781,76170800
2023-02-06,297.4323878201747,299.7843231515215,296.16821099081466,297.5107727050781,40802300
2023-02-07,297.3833489851689,304.80177050137615,296.2661924961063,303.6748046875,67584000
2023-02-08,302.36162665672765,303.30239469294725,297.58915111170046,298.2751159667969,56720900
2023-02-09,302.6555733935558,302.80256370985006,294.1886022038024,295.6389465332031,49137800
2023-02-10,293.4829821417176,295.5311267103293,291.2976266907114,293.6985778808594,50050100
2023-02-13,295.1000143482131,298.9905181113563,293.92403183643796,298.40252685546875,39636700
2023-02-14,296.82479185684485,301.55806033599276,294.8844296115814,300.60748291015625,64079100
2023-02-15,298.7944616686417,303.07694892568617,298.10849690555597,302.9103698730469,43100600
2023-02-16,298.28492218029794,302.25381065614226,297.0795416511825,297.2265319824219,59498600
2023-02-17,295.04116982572447,295.88393422598153,292.13064199756906,295.1293640136719,58230700
2023-02-21,291.30754373044596,292.74810899592325,288.00503088741164,288.1422119140625,46526700
2023-02-22,288.7203131204909,290.42546054300556,286.7015664298325,288.35772705078125,51389200
2023-02-23,292.0032780111049,292.16007766757474,286.6917980591671,290.8763122558594,69294400
2023-02-24,285.9176346594632,287.1033965295427,284.24185517881966,286.0058288574219,74332000
2023-02-27,289.1613626370489,290.5529110256689,287.4659943455708,288.0539855957031,48995000
2023-02-28,287.42674592207146,290.19028346864906,287.0935579060723,287.6815490722656,48243100
2023-03-01,287.38755155531885,288.0441182255839,284.3888296810601,285.3688049316406,58287000
2023-03-02,282.8796700562959,288.5341166983965,282.59546884913095,287.73052978515625,53565900
2023-03-03,289.4749432455241,293.9142305420157,288.9653369053291,293.67901611328125,60511500
2023-03-06,294.9138281640149,297.91255078931,293.8162603935119,294.0122375488281,56736300
2023-03-07,294.06126431559863,294.9824437058501,289.7983647809635,290.40594482421875,65955800
2023-03-08,290.8273005687011,292.4540633879132,288.97516253842946,291.8562927246094,50876300
2023-03-09,292.356034581254,294.9529931979204,285.98619477194666,286.7995910644531,71456700
2023-03-10,286.9662054618756,288.4557873254567,281.62535706186685,282.77191162109375,98593600
2023-03-13,280.9883548940412,288.573354857497,279.47918441665786,284.8690490722656,97123600
2023-03-14,288.41662124487874,291.9641281908985,287.57385656996024,291.41534423828125,73602500
2023-03-15,288.80862375608126,293.2773104562717,287.3680583128301,292.9441223144531,83631500
2023-03-16,292.0326489647935,301.0288153358868,291.2388713383132,300.6662292480469,98198100
2023-03-17,300.5780518528827,302.95938486538984,297.29512832561835,299.2452697753906,89923700
2023-03-20,298.6288768996996,300.6310997605843,296.42051907593594,300.3072204589844,56359500
2023-03-21,302.24082881743965,305.04788323131515,300.72932185078076,304.5964050292969,49757000
2023-03-22,304.5276555015175,309.4154987468772,300.28763082839566,300.4544677734375,75791900
2023-03-23,304.1841703718912,308.33586449885354,301.32802358760387,304.0173034667969,74576000
2023-03-24,303.59524962715017,305.23432523324425,301.26911732991573,305.1361999511719,57195200
2023-03-27,305.833089590293,306.9127374035687,302.19176055680384,303.045654296875,50287400
2023-03-28,302.4665286037527,302.49597217788687,299.12943045377114,301.4359436035156,48585900
2023-03-29,305.1264605600593,307.5507487684189,304.3118048316413,306.9324035644531,53274300
2023-03-30,309.40575677195426,310.46578568757917,307.0207366409696,309.8376159667969,58354800
2023-03-31,310.06333534027965,315.2259960757609,309.7590750261057,314.99041748046875,62138100
2023-04-03,312.8703585335609,314.48984514713516,311.54536759921757,314.2248229980469,47126800
2023-04-04,314.66647713252024,315.6774131311537,311.947723948201,313.164794921875,45875400
2023-04-05,312.212766553252,313.1549909553474,308.2573530230773,310.0731201171875,62795700
2023-04-06,308.4242120369294,312.6544425683742,307.0305093772387,312.1636962890625,46916500
2023-04-10,309.2389233859585,312.03618367290056,307.45259941854636,311.9870910644531,45134700
2023-04-11,311.9477260723513,312.0066431747439,309.47437592996783,309.9847412109375,40113600
2023-04-12,311.9379935140546,312.52689508007813,306.7851572287098,307.2464599609375,62813300
2023-04-13,309.00329632515286,313.7340977577321,307.8255231987492,313.26300048828125,54613800
2023-04-14,311.71216841092246,314.43089158193646,309.7688026716277,312.6740417480469,56278300
2023-04-17,312.2617937425751,313.29237871005614,310.1908592044973,312.93902587890625,43007000
2023-04-18,315.04926298343963,315.4713275158406,311.76128712291046,312.95867919921875,46746900
2023-04-19,310.55407195884237,313.87152168372256,310.4264731305352,312.8114929199219,38960100
2023-04-20,309.8473147236809,313.3610440707774,309.14063905100403,310.4263916015625,62462100
2023-04-21,310.0633393438064,311.52575377293005,308.28684008542274,310.7503662109375,59002300
2023-04-24,310.52463472855015,311.85945029215236,307.93347987763684,310.10260009765625,44043100
2023-04-25,308.4732736850432,309.1406813692748,304.15471285096964,304.2528381347656,57121600
2023-04-26,307.63897267967195,309.11121124343276,305.5778326998528,306.0980224609375,55400500
2023-04-27,309.8572082373793,314.92168340786424,309.2192141213213,314.421142578125,65430400
2023-04-28,314.1856322762991,316.6786322675272,313.05692159554974,316.5903015136719,59712600
2023-05-01,316.12889554696204,317.64040228723445,315.14740310962685,316.22705078125,41013400
2023-05-02,316.1583348327076,316.4822441061862,311.73179441549286,313.46905517578125,56519400
2023-05-03,313.83221822361713,316.5018789481338,311.3097753794873,311.4177551269531,59882100
2023-05-04,311.1919941513549,312.3403534983685,309.28789639998797,310.3184814453125,50224500
2023-05-05,312.5759436628054,317.7680478062891,310.3577608434829,316.9141540527344,51806100
2023-05-08,316.452764812765,318.0427775677644,315.3731172776518,317.6992492675781,36465800
2023-05-09,316.0405787750842,316.90429695051574,315.37317107689563,315.687255859375,31768800
2023-05-10,318.1213864238547,319.9764218717756,315.64803577940484,319.1225280761719,60446600
2023-05-11,319.67206511237754,320.70262008180055,318.1212904513617,320.1628112792969,44278500
2023-05-12,320.6928395840267,321.11490410960397,316.9631801847053,319.0144958496094,48432800
2023-05-15,319.4856037559259,320.97746143515667,317.96427254975384,320.7419128417969,33375600
2023-05-16,320.0254851709617,322.8129206513103,319.98621707890663,321.1051330566406,40019200
2023-05-17,322.16511784019536,325.5708983222604,320.9873447050186,324.9918212890625,47486100
2023-05-18,325.3844024044097,331.24391418025004,325.36478333622733,331.0279846191406,64213500
2023-05-19,331.2439787353417,331.95065471371487,329.2221060658151,330.2821350097656,61554900
2023-05-22,330.02682444746773,332.40204927029424,330.01699993843374,331.39111328125,43015900
2023-05-23,329.6735122617162,330.82184165067144,326.83698471374663,327.1903076171875,48216700
2023-05-24,325.2372071881873,326.7487142213428,323.460707928602,325.51202392578125,62891200
2023-05-25,332.8634866061335,334.69887337194683,330.43919816262166,333.4327392578125,66862800
2023-05-26,334.4533785512602,342.7862399093372,334.3552233152055,341.95196533203125,63007000
2023-05-30,346.18226337556894,347.37968560384667,342.07963129694366,343.5028076171875,72652200
2023-05-31,341.9225630348241,344.11130225670985,340.0970012254624,341.5495910644531,65105400
2023-06-01,341.2943614506893,346.82013847671067,340.24415739889935,345.4951477050781,50488600
2023-06-02,347.25205955281666,349.24448827334294,345.49520941716,348.0863342285156,53372100
2023-06-05,347.8704538202461,350.8836436269123,347.3012012279909,348.3317565917969,47266200
2023-06-06,347.7231632246743,349.2346700680704,346.3981423533168,348.2727966308594,41390400
2023-06-07,348.55747375650026,350.5106344564043,341.73608816769587,342.3642578125,69225900
2023-06-08,342.6586309114903,347.07534682770165,342.4329068233246,346.6140441894531,47153900
2023-06-09,348.06671625868603,351.04063755935596,346.49632214996257,347.9391174316406,53196900
2023-06-12,349.59783135014015,353.9163925495602,348.62616331728384,353.8182373046875,44606500
2023-06-13,356.5664003624832,357.371201406959,353.36672539225424,356.5369567871094,57097800
2023-06-14,356.5468432282925,359.4128150986078,353.7496129885948,359.128173828125,69525600
2023-06-15,357.86201338240306,364.88950420626855,357.2436981859481,363.407470703125,71138800
2023-06-16,365.82193301981806,365.9495318537329,360.67892124082596,361.1205749511719,80932000
2023-06-20,359.66995860384486,361.999282329097,357.6453125814142,360.6036376953125,49204700
2023-06-21,359.4635207098651,359.89597226269495,354.7655515621823,355.6894226074219,53378300
2023-06-22,354.44117286954963,360.0433362169983,354.0382053490681,359.8861083984375,47603000
2023-06-23,355.9940362893382,358.61822910430584,354.6279059428646,356.3183898925781,48922900
2023-06-26,355.78764942462146,358.57890804736354,351.4533266707655,351.5417785644531,52685500
2023-06-27,353.08485397686843,358.31356381466287,352.35756283184793,357.58624267578125,49428100
2023-06-28,355.76799273738425,360.23005920746044,355.68934883834453,358.2840576171875,46498000
2023-06-29,357.9892028503114,358.6280720795625,355.92526531964336,357.56658935546875,46151000
2023-06-30,361.2423581538513,364.1319063790845,360.9278725599883,363.0802917480469,58712500
2023-07-03,363.7192295463051,364.5644566744181,362.6381006665026,363.9354553222656,19432900
2023-07-05,362.3726954436045,365.6258896326675,362.3333734913829,363.9255676269531,34460900
2023-07-06,360.220251816887,361.5962201137862,358.26438224364455,361.1539306640625,49374700
2023-07-07,360.92798708833965,364.12221392967695,359.7289222742984,359.9549560546875,47133700
2023-07-10,359.67971589726346,360.7510067003448,357.1734886966623,360.0728454589844,48498800
2023-07-11,360.49545377279605,362.30387357517714,358.3626803681237,361.8517761230469,38214100
2023-07-12,365.9501931335994,367.7684509021404,363.9451935946004,366.4219665527344,61975400
2023-07-13,369.59659519062916,373.4689832631112,369.01672377795046,372.6434020996094,46960000
2023-07-14,373.0758237437194,376.28969622897483,371.6900172609404,372.56475830078125,55148500
2023-07-17,373.28223122359674,376.91874743367106,372.8006497232177,376.04400634765625,40868900
2023-07-18,375.4051399126897,380.48643025096686,373.4787840563649,379.1202697753906,55262000
2023-07-19,380.18167275640934,381.32176924654425,377.70490003879127,379.03173828125,54093000
2023-07-20,376.0439248109553,377.5083749640253,369.2721813289526,370.2943420410156,71941700
2023-07-21,372.67281210959555,373.40013322351746,368.7512948627566,369.1837463378906,60499600
2023-07-24,370.156820667256,371.1003377122522,367.9159489392237,369.7735290527344,40380100
2023-07-25,370.48111172850344,373.9406936381096,370.46143575568584,372.2796936035156,38894400
2023-07-26,371.23793110681225,372.73183551991457,368.7415117640106,371.0413513183594,47075700
2023-07-27,376.49612252032574,378.10796279614465,368.86928269570615,370.15679931640625,63940200
2023-07-28,374.20610964254416,377.92123984671184,373.6950441625476,376.89910888671875,56902900
2023-07-31,377.20370891876894,378.27499960431606,375.7785806707894,377.0955810546875,44019900
2023-08-01,375.74917375026934,376.97772249392557,374.15697937750934,376.220947265625,41060600
2023-08-02,372.7514469360487,372.7514469360487,366.7266403892012,367.96502685546875,72687100
2023-08-03,365.5570778539925,369.49827117137113,365.3899820551256,367.3753356933594,47666400
2023-08-04,369.30171945598914,371.6113968871545,365.1541380670017,365.6553955078125,61702800
2023-08-07,367.4638261668701,368.84963266580394,365.13450268771936,368.7513427734375,37230400
2023-08-08,366.2451201913258,366.2647661725059,362.49066820926964,365.6160888671875,44726500
2023-08-09,365.9010606122795,366.0583184175493,360.8394468552102,361.5962219238281,51150900
2023-08-10,364.6036873595908,367.93549508025467,360.7411383228196,362.2645263671875,72035300
2023-08-11,359.70924629766154,361.6847623421875,358.4315675586734,359.9549560546875,48707200
2023-08-14,359.15883439674536,364.1123511595301,358.4413811511349,363.9944152832031,42130800
2023-08-15,363.02135465299926,363.8174817408834,359.4634827031511,360.1318359375,45539900
2023-08-16,359.59122992630523,361.12445606745706,356.2201000129945,356.3183898925781,53190500
2023-08-17,357.71400821234437,358.058007797812,352.01355505893343,352.42633056640625,62604300
2023-08-18,349.16338776854,353.2421635617153,348.6228083299143,351.984130859375,61191400
2023-08-21,353.4484804799617,358.3331904607531,352.98654504940504,357.655029296875,50696500
2023-08-22,360.2595642550805,360.269402241501,356.4559827490985,357.14398193359375,44530200
2023-08-23,358.32343624575765,363.8666627083653,358.1072104618857,362.77569580078125,51770600
2023-08-24,366.24509019972004,366.3433500914388,354.81466936489005,355.02105712890625,66842500
2023-08-25,355.85649237018794,359.4634943837441,352.42636416855237,357.77301025390625,69960500
2023-08-28,360.69203716817907,361.39968237368765,357.9990681887623,360.46600341796875,40910000
2023-08-29,360.2694622029247,368.6923996492779,359.94513852953935,368.33856201171875,58492400
2023-08-30,368.4466070521001,370.97250991801434,367.44409229932364,370.3926086425781,41731500
2023-08-31,370.471296535716,373.2035874718416,370.402490614343,371.5032653808594,35730700
2023-09-01,373.87188211383943,374.2944956090259,369.6260112017312,371.110107421875,39801200
2023-09-05,370.30423102924976,372.8006504322317,369.38035999020605,371.5819396972656,32344200
2023-09-06,370.805440073003,371.149439669224,366.3040513379726,368.30902099609375,42998700
2023-09-07,363.85676044832894,366.45146939646156,362.8149536720257,365.6750183105469,52060700
2023-09-08,365.6258703550477,368.4171289383869,365.22290284914124,366.1860656738281,35800100
2023-09-11,369.21327685540757,371.0118589039647,367.24759899108267,370.50079345703125,39936600
2023-09-12,368.8299383335772,370.4811304591035,366.10748541432696,366.39251708984375,41391000
2023-09-13,366.62837381440505,369.39014857434654,365.49811513938084,367.7881164550781,46300700
2023-09-14,369.53756076360116,371.77843208818126,367.47362322311847,370.79559326171875,48039400
2023-09-15,369.45898724728664,369.8619548094555,363.5127937007819,364.4465026855469,69811200
2023-09-18,363.5075090480625,365.93863645323245,363.22206476755633,364.826416015625,36903500
2023-09-19,363.50752673963694,364.8461081913443,361.0271681103356,364.0488586425781,37621700
2023-09-20,365.11185487592627,365.46617463630355,358.7239766256181,358.802734375,45514200
2023-09-21,355.1215757656396,355.9090030735523,352.0605365859801,352.22784423828125,69734800
2023-09-22,353.970000227177,356.10583105545084,351.9620981742192,352.2770690917969,51589700
2023-09-25,351.3124427906293,354.0388663136453,350.3281813107885,353.95025634765625,39168000
2023-09-26,351.37159191779904,351.9129539017413,347.6510837106729,348.6353454589844,53657700
2023-09-27,349.78694641677345,351.3617712282636,345.8301949477779,349.4523010253906,56066000
2023-09-28,348.536874378989,354.50152754238655,347.68057155948935,352.3755187988281,56453300
2023-09-29,355.84993269784667,357.23774510147166,351.4010512242257,352.6313781738281,64829600
2023-10-02,352.89720875090916,356.9720366898679,352.28697128485175,355.57440185546875,51625100
2023-10-03,353.13337228482897,355.3282864453552,347.7199335363626,349.3341369628906,60478500
2023-10-04,350.17073233689933,354.9345547909679,349.70812819170675,354.0881042480469,54786700
2023-10-05,354.0782318748588,354.48178270513296,349.5506528835014,353.0447692871094,45897400
2023-10-06,350.0526198848716,360.1511531623578,349.2652226471083,358.960205078125,75049100
2023-10-09,356.5980204354887,361.33231705565373,355.10195338712657,360.7909851074219,45304800
2023-10-10,361.12553610202554,365.43660625124284,360.6235831654883,362.7889404296875,46968800
2023-10-11,364.11774034197475,365.5646061019628,362.39528253424044,365.3775939941406,38215100
2023-10-12,365.8795991738275,367.8579446931247,361.7161615216667,364.10791015625,49587900
2023-10-13,364.7377571173589,365.31846774351976,358.1333414438218,359.531005859375,52469900
2023-10-16,360.84997115156034,364.649236422345,360.7023379238582,363.5960693359375,44201100
2023-10-17,360.05269096797355,364.0980212855741,357.9365347853642,362.40509033203125,50999100
2023-10-18,359.9149426875973,362.1196789996307,356.32236391560224,357.651123046875,54280500
2023-10-19,359.06847962452343,360.2594277757286,353.50740747223784,354.3046569824219,72274200
2023-10-20,353.80263100200693,354.37351949388653,348.7927435626663,349.0191345214844,72559700
2023-10-23,347.70019204469355,353.6057604492584,345.59385822917375,350.072265625,60665200
2023-10-24,351.88334538295214,354.2455670218574,350.1904143682358,353.47784423828125,47082100
2023-10-25,351.08615280605477,351.2633126992723,344.24552212419906,344.82623291015625,71190500
2023-10-26,343.6253716602287,344.5604321044559,336.9619320878897,338.2513122558594,78621400
2023-10-27,340.97779561555586,343.3498700707274,338.66477446322807,339.87542724609375,63476700
2023-10-30,342.3556989748793,345.02306953665595,340.9974431987372,343.70416259765625,55298500
2023-10-31,343.7336964353076,345.72189409468723,341.1647579872037,345.3478698730469,47671900
2023-11-01,346.18448935280355,351.9030468160759,346.0860571858595,351.3420104980469,58992700
2023-11-02,355.8499407400772,357.95624490601404,354.62943595313834,357.72003173828125,58162400
2023-11-03,359.0094151473788,363.21220132553935,358.7830241681351,361.9228210449219,53280500
2023-11-06,362.6905309181117,363.96023673494824,361.1354108770652,363.3992004394531,38848700
2023-11-07,364.44251116996185,367.7004144783928,363.24171088450566,366.83428955078125,50777400
2023-11-08,367.20830712864307,367.90715449646547,364.7870319858255,367.0705261230469,35663400
2023-11-09,367.759487325637,368.90120425160836,363.7535357458132,364.24566650390625,53859400
2023-11-10,365.96817762056844,372.5824171770866,365.43666791374335,372.4347839355469,58309800
2023-11-13,370.85991188861345,372.3264519626699,369.33428848820785,371.2732849121094,40733500
2023-11-14,377.67097358036534,380.1808584398654,377.1493161843345,379.2654724121094,67792600
2023-11-15,381.155284969226,381.6474157438796,378.19264809388204,379.5509338378906,54141400
2023-11-16,378.78321698316876,380.11197610306954,377.52336338174916,379.8757629394531,45343500
2023-11-17,379.14740152203535,380.9781437125755,378.241897673309,379.96435546875,46571900
2023-11-20,379.9742034582197,385.2498615978395,379.9742034582197,384.59039306640625,44429600
2023-11-21,382.8876498600651,383.10418863348156,380.61400775783403,382.35614013671875,43337000
2023-11-22,384.4230645764553,386.8837186036944,382.9171455132762,383.92108154296875,44121000
2023-11-24,383.51751122375975,384.1080741677964,382.3856164361023,383.3797302246094,15718800
2023-11-27,382.8876500230149,384.9939544223412,382.16912817517203,383.0451354980469,34139700
2023-11-28,382.2970268974436,384.62972193238,381.9426771250106,384.04901123046875,35491100
2023-11-29,386.50966582887696,387.93685707414187,383.3304902471519,383.67498779296875,38811700
2023-11-30,383.9407150661645,384.40331917550225,379.747781475712,382.71038818359375,52834400
2023-12-01,381.64741281860364,384.39351093056035,379.9938606373886,383.8029479980469,40490100
2023-12-04,380.0135992281183,380.51558231111704,376.6375887787075,380.239990234375,51186900
2023-12-05,378.3403190869991,382.38561971941857,378.1631291761713,381.1946716308594,42933000
2023-12-06,384.12777611720855,384.2262082878161,378.64546165801414,378.98992919921875,41994100
2023-12-07,381.96240485355264,385.1120239390845,380.86985886236414,384.2852478027344,49593500
2023-12-08,382.552918112793,386.44073289033656,382.36590603082794,385.9978332519531,46687500
2023-12-11,385.5746278679813,389.56090535273165,385.36794134333326,389.2951354980469,41198000
2023-12-12,389.3345300600356,392.5137059555065,388.20263518688597,392.3955993652344,39221200
2023-12-13,393.3306498850675,397.99604066159475,392.56292697200246,397.38580322265625,55408100
2023-12-14,398.60629321740066,399.90549576506845,394.039304750529,397.04132080078125,55447800
2023-12-15,397.818824291693,400.14169715869406,397.2184391667707,398.9605712890625,62896600
2023-12-18,399.3531274608477,402.3709814532671,399.0276856016672,401.4735107421875,46610000
2023-12-19,401.92718799546697,403.6432143177387,401.739802351394,403.5248718261719,35711900
2023-12-20,402.7260335176809,404.8168311468239,397.3510812317631,397.5285949707031,54042400
2023-12-21,401.4537785755834,402.5189211694134,398.8994528678763,402.15399169921875,45568900
2023-12-22,403.36704094129067,404.3236828046268,400.8817585167201,402.7555847167969,34314000
2023-12-26,403.61363564115584,405.8918189348546,403.5150068640605,405.22119140625,22722500
2023-12-27,405.5034136279449,406.33227692599,404.64491903161536,406.0461120605469,31980500
2023-12-28,407.20062265458364,407.447309237934,405.49354065707996,405.8487548828125,27029200
2023-12-29,405.8289987195395,406.18424303030133,402.1780255292888,404.0923156738281,42662100
2024-01-02,400.46110631543075,400.7077928852175,394.93532112958644,397.2541809082031,58026900
2024-01-03,394.62945935762554,395.68528517613936,392.61651849103555,393.0506591796875,47002800
2024-01-04,391.1856539968472,394.29389840935306,390.8106856341957,391.02777099609375,39432800
2024-01-05,391.19559581132245,394.2643624530388,390.1002917227411,391.4916076660156,44922800
2024-01-08,392.7151105086331,399.86902045875746,392.56710460125134,399.5828857421875,42473800
2024-01-09,396.5832122441471,401.2998583916522,396.38585093731285,400.372314453125,39132900
2024-01-10,400.68809010616457,404.09234688237234,399.8000244303325,403.08587646484375,33962800
2024-01-11,404.35876183167534,405.7500776839411,398.8823019732114,403.9245910644531,54536200
2024-01-12,404.96069926457324,405.79943969142045,402.7405199592706,404.1318359375,39595000
2024-01-16,402.8983611364545,405.67111570510156,401.43796583773303,404.0923156738281,43903000
2024-01-17,400.78676327938865,402.1879261807825,397.57983776151127,401.8129577636719,54386000
2024-01-18,405.0790624458076,408.0985035821571,403.7371019910327,407.5163269042969,59562500
2024-01-19,409.71680918810495,415.7556918630463,409.13463247146666,415.5978088378906,70325100
2024-01-22,417.79826002605955,419.10077238644385,415.53860253748337,416.1405334472656,44880600
2024-01-23,416.8312688317537,418.0844560150282,414.9959350071137,417.86737060546875,33003800
2024-01-24,421.77483440398146,424.1528965640352,419.6927840841391,420.1861572265625,46948000
2024-01-25,422.68264997969175,423.3536603803969,418.360726282685,420.6993103027344,44367200
2024-01-26,418.81458709390614,420.5611171421055,417.54167598048286,418.19293212890625,37137000
2024-01-29,418.6468527875806,422.6727946600037,417.995596599009,422.4754333496094,38694700
2024-01-30,421.43936949466547,422.0116691243493,418.7554182347818,419.6632080078125,36739000
2024-01-31,415.272214756942,417.2654315784379,411.26602691421135,411.4436340332031,64010600
2024-02-01,413.2395011756799,416.7819168628328,412.2724789381055,416.2885437011719,51008600
2024-02-02,418.18309593751326,424.53774491430374,417.18650258936236,423.3240661621094,59602400
2024-02-05,423.38320116850315,423.9160224374684,419.36713688926557,422.77142333984375,39889200
2024-02-06,423.91612959375783,424.51806058943816,419.58432832007696,421.92291259765625,35846100
2024-02-07,424.70551086208974,427.0934202261627,423.4029984199902,426.2645568847656,37712700
2024-02-08,426.382944683857,427.8137389159285,425.70211741625366,427.053955078125,29889900
2024-02-09,428.1887101367379,432.04689194825363,427.3993251082334,431.2574768066406,36943900
2024-02-12,431.14899075209667,433.3198449595482,428.8893329788555,429.5701904296875,33203300
2024-02-13,421.6169602202019,425.55406834305234,419.69279287918516,422.8701171875,64491700
2024-02-14,425.5442569952469,427.90256520413857,423.19579577332206,427.478271484375,45092700
2024-02-15,428.16901342001694,429.2149622005433,425.6133137308573,428.7511901855469,38796100
2024-02-16,429.1260933343297,429.2247438693549,424.15288377696066,424.86334228515625,53716500
2024-02-20,422.8700811679179,424.3798016822506,417.8870247947105,421.6564025878906,53999500
2024-02-21,418.9231370059664,420.05791936146005,416.04185462250535,419.9690856933594,49779000
2024-02-22,428.731438553029,433.3000792548435,427.9617775568409,432.2640075683594,53887800
2024-02-23,433.82301548242646,434.75055943637386,430.01418912468716,430.9910583496094,39853900
2024-02-26,431.8002008373945,432.7869471692382,430.5766149089948,430.76409912109375,33043200
2024-02-27,431.86928088648324,432.185016827134,429.2642561126333,431.8002014160156,33713200
2024-02-28,429.6589511430398,430.88253708025496,428.5439229619259,429.5010681152344,32938800
2024-02-29,432.4218872525922,434.2572211088349,429.2544096158732,433.1816711425781,42495200
2024-03-01,434.06966686859715,440.6611245537349,434.01046450298435,439.7039794921875,43853000
2024-03-04,439.7040243935232,440.1283482078863,437.88841473208,438.1351013183594,34325700
2024-03-05,435.0959562616823,435.1058333617922,427.9025666362307,430.270751953125,57917100
2024-03-06,434.48414693490355,436.13199642628683,431.09961428378455,432.97442626953125,46234500
2024-03-07,436.55630255352224,440.7992995133113,435.0169506522898,439.546142578125,44526700
2024-03-08,439.901370869489,442.6938797953184,432.53037471556775,433.20135498046875,72096000
2024-03-11,431.71139180076773,432.8461440453612,429.6688196926347,431.5929870605469,45860000
2024-03-12,433.901940644511,438.1350603881726,430.67526112502065,437.77984619140625,55300900
2024-03-13,436.78322405350747,436.8029782510088,433.30001097548626,434.4150390625,37928700
2024-03-14,435.6485619267617,436.1715363458412,430.6063019723449,433.3198547363281,52195200
2024-03-15,430.29044372372584,433.0533211737261,427.0045618535446,428.1689453125,73069800
2024-03-18,433.4876884393745,435.77008416544805,432.01547173361786,432.25262451171875,47323800
2024-03-19,430.24684485265067,433.7346638779125,428.15215128325195,433.3295593261719,43004100
2024-03-20,434.52512339661354,438.80337150894667,432.82567425217115,438.4674377441406,43653500
2024-03-21,443.51637126483735,443.97086631640985,440.34473575766197,440.5423278808594,39345700
2024-03-22,440.0285427517674,442.1429563269523,439.17880316614946,441.0462341308594,28253900
2024-03-25,438.2500236979711,440.9276637079466,437.2521126584658,439.4455871582031,27789200
2024-03-26,440.96713872520985,441.88604904952297,437.79550353364715,438.02276611328125,34142000
2024-03-27,441.1055485052493,441.2043596487488,436.64942826389364,439.5147705078125,41359200
2024-03-28,439.46534778476365,440.3150873730311,438.3488452662453,438.7045593261719,36839600
2024-04-01,439.6530509460299,442.18245907233614,437.726339451207,439.63330078125,38729000
2024-04-02,434.8214810155187,436.15535592740196,432.7959884791613,435.83917236328125,44259700
2024-04-03,433.71485768745384,438.6946431607458,433.7049976814608,436.8173522949219,39949800
2024-04-04,440.9968560724856,441.6094731133344,429.9109209744225,430.13818359375,57267700
2024-04-05,431.5609373498813,437.8745980464935,430.7507282504202,435.20684814453125,54744600
2024-04-08,436.1355849917124,437.2125569373429,433.9520007772844,435.33526611328125,28144900
2024-04-09,437.66705870710007,437.9437117785747,432.21302808963225,436.94580078125,39443600
2024-04-10,431.7783632408433,433.9915882227058,431.06696518911195,433.1319885253906,61502200
2024-04-11,434.9993827274123,440.99682993017785,432.7268471276374,440.0483093261719,45474600
2024-04-12,435.82934357135736,436.95570613893716,431.6597667487768,433.03314208984375,53665000
2024-04-15,436.77792637404156,436.86684736680775,425.0695132129361,425.90936279296875,63453600
2024-04-16,425.7512302498661,428.57707219015,424.56558697347117,425.9488525390625,47619000
2024-04-17,427.9249391300538,427.9446892970782,419.82290801689595,420.7516784667969,56880500
2024-04-18,421.39386130267076,423.1229505525132,417.7775910246494,418.3506774902344,46549400
2024-04-19,417.17492743365193,417.69859329896826,408.13426609892537,409.69537353515625,75231000
2024-04-22,412.3235850098198,416.1473377835961,408.9938577655325,413.8155517578125,47807700
2024-04-23,415.74220734573504,421.1863779906692,413.8649164811478,419.9908447265625,44384700
2024-04-24,423.08344383076087,424.59516063166745,419.13123989083005,421.41363525390625,48440300
2024-04-25,414.23052802555014,420.23789551957753,413.1436959522945,419.3782958984375,57392200
2024-04-26,422.5103887021801,427.381473182625,421.81877105316397,425.8500061035156,41874900
2024-04-29,427.9545352500877,428.5770122057127,424.84218062488617,427.5790710449219,30022200
2024-04-30,425.9982451797064,427.39140091265017,419.43760125575835,419.5166320800781,43665900
2024-05-01,418.0938044365129,425.00030192305,415.6335669199923,416.4832763671875,52251700
2024-05-02,420.2180930266731,422.6981107728826,415.6039115799332,421.7989807128906,36559000
2024-05-03,429.2488772612245,431.26450973657217,427.45061721118805,430.2764587402344,48515300
2024-05-06,432.07470879916997,435.0783924110158,431.3040301921814,434.9894714355469,30227200
2024-05-07,435.4341190165748,436.6889330215927,434.32747648868434,435.05865478515625,30996100
2024-05-08,432.44030104834115,436.20477300365775,432.32170959807235,434.8017272949219,24896700
2024-05-09,435.068517003567,436.3233611678897,433.22086631601803,435.7502746582031,24580100
2024-05-10,437.25210737649155,439.0009468290101,435.23647485037026,436.77783203125,27116600
2024-05-13,438.6847746021528,438.78358573741383,436.3727387710848,437.78564453125,22994200
2024-05-14,437.36078681259016,441.1351490219814,437.1730547027617,440.6015930175781,34478300
2024-05-15,443.071661962316,447.7352634597143,441.559945277403,447.4882507324219,41464700
2024-05-16,447.300603706104,449.25695573333155,446.41136374933757,446.579345703125,34780400
2024-05-17,446.70776275246817,447.31048959544074,444.1684943734974,446.3619689941406,35803700
2024-05-20,446.5793218760035,450.1362815132888,446.39158976534486,449.47430419921875,24474200
2024-05-21,447.62663741534305,450.54136979919565,447.42901515243744,450.3536376953125,23167700
2024-05-22,450.6105638917276,451.3614923460644,447.6661608786562,450.2647399902344,25120000
2024-05-23,455.04691409303155,455.0765544193966,446.4508877649814,448.2392578125,40899200
2024-05-24,449.8498077178615,453.74273158486886,448.1503585670211,452.47802734375,29669500
2024-05-28,453.6932913505319,454.24659754757704,451.23305379035156,454.18731689453125,26216800
2024-05-29,450.0374719321695,452.76447213726425,449.8991303213493,450.9859924316406,29739200
2024-05-30,450.0572940426685,450.195635675604,444.8304950718889,446.15447998046875,30536800
2024-05-31,446.3817152995183,447.07336311604297,437.76590868384545,445.3244934082031,55941300
2024-06-03,449.13840270768463,450.1363138301229,442.54808850150624,447.7156066894531,32997500
2024-06-04,447.458658340774,450.13626814861834,445.7394592236012,448.94073486328125,23767400
2024-06-05,452.5076010658575,458.0703027841876,448.9802518119225,457.99127197265625,33817400
2024-06-06,458.67307087921665,458.9892544596683,456.6673284046728,457.8332214355469,21966800
2024-06-07,457.46763107031757,460.17488126832046,456.32148824669326,457.4281005859375,25829700
2024-06-10,456.3017739959468,459.6315014350847,456.015230729256,459.2757873535156,20660800
2024-06-11,458.0012236295698,462.5462648024494,456.5092567926191,462.42767333984375,22053300
2024-06-12,466.3502419815798,470.80636221517653,465.658624284143,468.48443603515625,34532600
2024-06-13,472.0117938199952,472.6738013539068,468.75123710526043,471.02374267578125,25859000
2024-06-14,470.8260932107854,473.5333736936647,470.36170799369097,473.4642028808594,23372600
2024-06-17,473.7309160310512,481.04248727720847,472.42671164925935,479.2640075683594,37054500
2024-06-18,479.2146698362232,480.0940196286849,477.6535322250408,479.4122619628906,24438600
2024-06-20,480.60784514761326,481.02280973763214,473.8890793547214,475.71697998046875,33918700
2024-06-21,475.4403240994677,476.77419915118367,472.9504461150781,474.4423828125,37456800
2024-06-24,473.2171889334799,474.9490265120443,468.90245380557906,469.0409851074219,37751000
2024-06-25,471.129140230183,474.70165954196335,470.1889876740023,474.40478515625,29014700
2024-06-26,473.58334212660935,475.92877037792846,473.16771802191516,475.38446044921875,22737100
2024-06-27,475.1370763918568,478.0861593754013,474.32557950230506,476.6116027832031,26222100
2024-06-28,477.4033117975724,482.1436072423702,473.49429478929665,474.1375427246094,34881600
2024-07-01,475.0579027852008,477.48245728594264,471.3171348061598,476.91839599609375,24898300
2024-07-02,475.42405251727433,481.98524767467785,475.2953968944467,481.9258728027344,26723600
2024-07-03,481.17377316359585,486.0724117323164,481.17377316359585,485.9437561035156,18064900
2024-07-05,486.78488656227495,491.4459949155481,486.4879820207779,491.01055908203125,28495900
2024-07-08,491.3767232735326,492.7324997890288,490.35741441728845,492.1783142089844,22109400
2024-07-09,493.6925021081496,494.8107793015075,491.08979257688713,492.6039123535156,25614500
2024-07-10,494.5237508797434,498.29420637540426,493.2174734535237,497.7400207519531,28046900
2024-07-11,497.84889132768484,498.05670338480786,485.6369657380776,486.8244934082031,49966600
2024-07-12,487.3984860685638,494.43468031357077,486.9333627636992,489.68450927734375,37109400
2024-07-15,491.45598043046874,495.8103397388106,488.9621448091182,491.0007629394531,31151400
2024-07-16,492.4554961793261,493.2669931402223,488.03188641552396,491.18878173828125,25950600
2024-07-17,483.2123425264367,483.7269347890986,476.70064691464466,476.7698974609375,56268800
2024-07-18,480.4909641521686,480.6690887882238,471.32705866428927,474.5136413574219,49347400
2024-07-19,474.1771324025522,476.690779451391,469.0212128794801,470.3077087402344,42042900
2024-07-22,476.16627496100256,478.3335484183621,472.7520687745181,477.3142395019531,40300000
2024-07-23,476.41373700871543,479.40238336168676,475.1569284518494,475.6319274902344,23282500
2024-07-24,468.9025449410825,469.2687001252942,457.709926316869,458.5708923339844,58818600
2024-07-25,458.9073044861217,463.08350861797516,450.9012698036603,453.51385498046875,59256800
2024-07-26,457.848383450134,461.0943407799324,454.9982686823399,458.1650695800781,39992100
2024-07-29,460.87660060595,463.05377989321454,456.8290524680878,459.08538818359375,28218500
2024-07-30,461.01518280406907,461.7178056143378,449.4365991488919,452.7815246582031,41317200
2024-07-31,463.01422923671885,467.88318054552457,461.56939023161044,466.1810302734375,44552100
2024-08-01,466.8638300127631,470.6144736045948,451.2476045693235,454.889404296875,56653900
2024-08-02,446.21045588905764,448.86263428021607,439.85707252429887,444.0926513671875,66323200
2024-08-05,420.3021625718776,437.69972643798087,419.05525994795903,430.8515319824219,87483500
2024-08-06,432.6922358150409,442.4301081222253,430.04993302092026,434.9683532714844,63164400
2024-08-07,441.85608592677744,444.3400455113918,429.8618783945526,430.2577209472656,54929200
2024-08-08,436.48245194310226,444.33014311023425,432.61302829327946,443.4197082519531,47890100
2024-08-09,442.10351876153544,447.36831262214395,440.985241585035,445.7354431152344,33574000
2024-08-12,446.7052488965294,449.6543015423584,443.8946973509151,446.6953430175781,27795000
2024-08-13,451.0892326243312,458.0462698402238,450.95067113228396,457.779052734375,40084500
2024-08-14,458.6995159420648,460.2828863360715,453.6425338785786,457.9276123046875,34733700
2024-08-15,463.89498501162524,469.8920888985799,463.5189240086724,469.4962463378906,38280600
2024-08-16,467.71489267478665,471.46556648913753,466.75495864422777,470.0998840332031,38383600
2024-08-19,470.2384190047046,476.3146787618839,468.45708234495805,476.27508544921875,23737700
2024-08-20,475.364666553884,477.9277824691398,473.58332983459263,475.2756042480469,29209300
2024-08-21,476.0574073595781,479.34295796614543,474.3453815043976,477.49237060546875,25658800
2024-08-22,479.8081238986909,480.50087108600786,468.89259906395546,469.92181396484375,37739600
2024-08-23,474.2662190268282,477.72989443042314,470.3473261692852,475.0183410644531,36061500
2024-08-26,474.47403729011756,475.3943780311616,468.32846606891127,470.40667724609375,27452600
2024-08-27,468.77380546465093,472.8807286031664,466.8143440444415,471.81195068359375,27510000
2024-08-28,471.346801146548,472.0692054646564,463.0339871430499,466.45806884765625,37372400
2024-08-29,468.36807210677364,472.9698061378377,464.4986483367516,465.7752685546875,41081500
2024-08-30,470.1098112366977,471.9504927515124,465.626826998042,471.3270263671875,33466500
2024-09-03,468.28892418329235,468.41754961460447,454.6420347086688,457.0171203613281,44985200
2024-09-04,453.9097517280565,459.6297633575337,452.9795050096939,455.82958984375,32505100
2024-09-05,454.2065727199707,460.5302382843721,453.18726380172785,456.2550964355469,34452400
2024-09-06,455.55247378914544,456.43325146305574,443.53848390385747,444.0332946777344,50624400
2024-09-09,448.3578832044554,450.7329685991711,445.15151943163164,449.74334716796875,32981200
2024-09-10,451.50488306344096,454.40449687986967,447.53652156460316,453.8997802734375,29680300
2024-09-11,455.1367841888939,464.49859422789,446.59634662801955,463.7563781738281,57843000
2024-09-12,463.7860775972892,469.1201516067789,462.0047711018316,468.30865478515625,40067800
2024-09-13,467.57637427019046,471.5843292398022,467.34875045430647,470.40667724609375,29111800
2024-09-16,468.2789916995769,468.94202118034616,465.0132528878114,468.3284606933594,22585600
2024-09-17,471.3468249743636,472.6432267020708,466.08203143235426,468.57586669921875,30084400
2024-09-18,469.7733253245315,473.8604366394035,465.9434648552166,466.5471496582031,39909200
2024-09-19,477.60122868202563,481.18368396372693,475.50323588556273,478.34344482421875,52782500
2024-09-20,477.4824829122334,478.6700408299841,473.335966280543,477.4330139160156,34577700
2024-09-23,478.60935989339436,479.7886668451641,477.271487358506,478.69854736328125,24843000
2024-09-24,480.10574366251944,481.9589315670274,475.85432326157445,481.007568359375,25952600
2024-09-25,480.3832116885974,483.40581684032236,480.2048367630411,481.4535217285156,26549900
2024-09-26,488.93568125355074,489.2627322137733,481.4337116875212,485.07073974609375,32020200
2024-09-27,486.0914480623736,486.23020427686686,481.1958457378582,482.3751525878906,22851100
2024-09-30,481.41389274489046,484.0202596018101,478.5796124436247,483.6833190917969,30281100
2024-10-01,483.31665887950265,483.61395044024334,473.109215140219,476.9444274902344,42735400
2024-10-02,476.0426111384499,479.53099347672526,473.42635462803594,477.61834716796875,23744000
2024-10-03,475.42815712622803,480.19492312784206,474.6848980169124,477.26153564453125,25337200
2024-10-04,483.0688998990654,483.4950278786583,478.0543806808698,482.9400634765625,30686600
2024-10-07,481.0273755179477,482.1967625321667,476.5479814908954,477.7669372558594,24975100
2024-10-08,480.3039411365778,485.5860224668313,479.5012237331116,484.9022216796875,28272000
2024-10-09,484.6049568617026,489.29245536882917,483.5644061682119,488.7176513671875,24995000
2024-10-10,486.43830727293584,490.0257663240612,485.130164010439,488.16265869140625,25750400
2024-10-11,486.32930368033,489.9465223032904,485.7644497271091,488.9257507324219,20644500
2024-10-14,491.3141024770898,494.3465973585844,490.808706825702,493.028564453125,26060100
2024-10-15,493.355600435728,494.019591930527,484.28784466660454,486.4383544921875,34784500
2024-10-16,486.76533460642946,487.2707604745814,483.18779530560226,486.4977722167969,22996800
2024-10-17,491.97807225486406,492.02761076485535,486.7752584875692,486.834716796875,27210700
2024-10-18,489.61946873591097,491.1159067857121,488.8662898112495,490.0257873535156,25335000
2024-10-21,488.81674495745733,491.7699720639436,486.894178959246,490.9672546386719,30336500
2024-10-22,488.301460782079,492.9790396580823,487.5482818189782,491.5024108886719,26685800
2024-10-23,489.1537078148346,489.80777949555636,480.6904551648371,483.970703125,39346600
2024-10-24,487.6870072609626,488.56902265027605,485.0410215796077,487.8951416015625,22024900
2024-10-25,490.6897586206183,495.7835452221233,489.9861182359376,490.8681335449219,38762100
2024-10-28,493.9799130042475,494.0393713144082,490.65012666208736,490.9474182128906,20477800
2024-10-29,491.2645459528903,496.84394921613693,489.4113580647336,495.6646423339844,28014100
2024-10-30,494.90162723594295,495.8529905378008,491.43308432455694,491.9186706542969,29756000
2024-10-31,487.954583939498,488.00412245137545,479.40214395365643,479.5012512207031,41245200
2024-11-01,481.13639556987664,486.33920932217706,480.83910402420423,483.0490417480469,33655800
2024-11-04,482.4445631601672,484.9815519553387,479.8976545652101,481.641845703125,23291600
2024-11-05,483.2274099331328,488.450063211135,483.13822247067543,487.78607177734375,24353600
2024-11-06,496.0610489877298,501.8584762261197,495.10968577343385,501.0359191894531,43082200
2024-11-07,503.83056030755586,509.70728521710686,503.7711019992823,508.9243469238281,32853100
2024-11-08,508.4288323181187,510.29193992816494,507.8044898484447,509.51898193359375,22924500
2024-11-11,510.73798855974053,510.9461229115346,506.3280021058684,509.2217712402344,24167500
2024-11-12,509.1523347344934,510.0342895835151,505.24771417717085,508.3000183105469,25835300
2024-11-13,507.7946721174008,510.3514400261562,505.36668014613633,507.64599609375,24567400
2024-11-14,507.30904134011206,508.1811066415075,503.2062364575977,504.11798095703125,28679500
2024-11-15,498.4196764454938,498.8061554755535,490.0456112891242,492.10693359375,51461100
2024-11-18,493.6529424943126,497.6269113394485,492.26553137733686,495.52593994140625,27080800
2024-11-19,492.94927544853863,499.4205835584643,492.612304704476,498.9349670410156,24523000
2024-11-20,498.63769372570533,498.9548248827178,492.0970072679585,498.6476135253906,29565500
2024-11-21,501.6900305990874,502.40356062716495,493.0880515474197,500.4413757324219,34526700
2024-11-22,499.8863672514566,501.9773883931018,498.2610927916357,501.2440490722656,23826600
2024-11-25,505.31708246990956,506.85316942781503,499.727789745264,502.0368347167969,26375200
2024-11-26,503.5134355358176,505.55494837109245,502.6710994101925,504.7323913574219,26557100
2024-11-27,503.60262241026015,503.67197027101724,497.41868646059413,500.7583923339844,24957400
2024-11-29,501.38281512252433,505.7531827283563,500.7683923728992,505.1585693359375,15334000
2024-12-02,506.417129810714,511.6199436122003,506.03062055439545,510.65863037109375,25147200
2024-12-03,509.33074852467934,512.5019997630951,508.755944494111,512.2244873046875,18597900
2024-12-04,515.6434288103802,518.8146796626284,514.9298686374995,518.5570068359375,26086200
2024-12-05,518.6065744020088,519.3299939278061,516.733546890651,517.1200561523438,18169600
2024-12-06,517.7839983547849,521.9858801083601,517.6551619389516,521.748046875,23762600
2024-12-09,520.8264281316256,521.6192257616104,516.5353285463648,517.6849365234375,20674400
2024-12-10,518.9137744707876,520.6579655236552,514.4938385293885,515.9208984375,24350000
2024-12-11,520.2814024633593,525.8409663614733,519.8751140774373,525.1571655273438,32168600
2024-12-12,522.9372703487448,524.2057949010591,521.2922168369533,521.7678833007812,23577500
2024-12-13,525.6922796121901,528.3778835858818,522.560647627192,525.7616577148438,28780400
2024-12-16,528.2887292324265,534.3041797331767,528.2094313308821,533.3329467773438,31979900
2024-12-17,531.5393394651472,532.6492683954417,529.3294014053522,530.984375,28579100
2024-12-18,530.3401310230003,532.0545625405334,510.3811335079535,511.8279724121094,54703200
2024-12-19,516.5056307829288,517.0705149732767,509.21179579232137,509.5487060546875,46441800
2024-12-20,505.852260942774,520.1030209685301,504.71260298135905,513.9983520507812,60530000
2024-12-23,515.7106302984251,519.3833002478667,512.3159202923702,519.006103515625,29672800
2024-12-24,520.9516062143355,526.1330021589947,520.316321172994,526.043701171875,17558200
2024-12-26,524.4158916610216,527.3142968325767,522.4207352238725,525.6864013671875,19090500
2024-12-27,522.1228199982326,522.559570841844,514.0330238895601,518.6983032226562,33839600
2024-12-30,511.7005373751371,515.5220627362082,508.04770850678767,511.7997741699219,34584000
