Date,Open,High,Low,Close,Volume
2015-01-02,170.47254275626065,170.88554919758974,168.6553043312476,169.6878204345703,121465900
2015-01-05,168.64711237367317,168.81231249174675,166.3177617197252,166.62338256835938,169632600
2015-01-06,166.92893414109756,167.4493262708284,164.2609161597577,165.05389404296875,209151400
2015-01-07,166.3755058100245,167.44932502984875,165.9294644192436,167.11065673828125,125346700
2015-01-08,168.51487082072038,170.2908059455661,168.49835963917315,170.07603454589844,147217800
2015-01-09,170.48905745841736,170.5055812455194,168.10188068241575,168.713134765625,158567300
2015-01-12,168.84530078782205,169.0022452562674,166.78852411875266,167.39151000976562,144396100
2015-01-13,168.60576096190292,169.72913908899594,165.62385367921945,166.9207000732422,214553300
2015-01-14,164.91348263853635,166.111211515272,164.0213997320499,165.9129638671875,192991100
2015-01-15,166.54899117615352,166.86286751898896,164.2774556177399,164.39309692382812,176613900
2015-01-16,164.18656833404498,166.7059099032591,164.004844509121,166.54896545410156,211879600
2015-01-20,167.18501618298058,167.44934637710867,165.34301083199585,166.9041748046875,130991100
2015-01-21,166.44164760507718,168.22583901130292,165.9790822636024,167.7467498779297,122942700
2015-01-22,168.49841437027467,170.37345500531438,167.12722961914895,170.24130249023438,174356000
2015-01-23,169.98521597655784,170.24129060330148,169.17572673589194,169.30789184570312,117516800
2015-01-26,169.09313463881273,169.79523815908667,168.3827629216211,169.70437622070312,92009700
2015-01-27,167.65583025769982,168.60573999976427,166.63983797473307,167.46585083007812,134044600
2015-01-28,168.64702190748716,168.74613940437015,165.1282121246431,165.3181915283203,168514300
2015-01-29,165.5165384563441,167.10248237800533,164.11230585336608,166.84642028808594,173585400
2015-01-30,165.67343415017112,166.99504739330268,164.48397340858196,164.748291015625,197729700
2015-02-02,165.24388830461308,166.87939036836673,163.43491798072392,166.7885284423828,163107000
2015-02-03,167.68062446617702,169.20875342530874,167.30892116918625,169.2004852294922,124212900
2015-02-04,168.4405873095906,169.64657196321926,168.101918918727,168.5562286376953,134306700
2015-02-05,169.21704055366874,170.40650140888124,169.1427024012078,170.2578125,97953200
2015-02-06,170.62130196063555,171.18299754792872,169.2666406787623,169.7870330810547,125672000
2015-02-09,169.1426798861956,169.86130713891177,168.622287680321,169.02703857421875,87219000
2015-02-10,170.05954231341522,171.08379025750745,169.068316736097,170.82772827148438,96164200
2015-02-11,170.66259272275832,171.3564408059999,170.01830341632518,170.92691040039062,91087800
2015-02-12,171.71982537678446,172.62844463006107,170.95989500311532,172.57061767578125,97545900
2015-02-13,172.69452848136683,173.3305493595107,172.43845388699384,173.28099060058594,93670400
2015-02-17,172.9671293090362,173.72707241390395,172.71933547479566,173.55360412597656,76968200
2015-02-18,173.18185657165742,173.64442174946387,172.91752641065045,173.57008361816406,80652900
2015-02-19,172.9753918948121,173.80966051892923,172.83497119197804,173.4462127685547,91462500
2015-02-20,173.0331782281016,174.56130712996128,172.41366855501633,174.48696899414062,140896400
2015-02-23,174.2391617104285,174.46218872070312,173.85919023381086,174.46218872070312,74411100
2015-02-24,174.3879040955802,175.15610293156425,174.09053883712855,174.95785522460938,72472300
2015-02-25,174.8339377101534,175.31302682594247,174.4704899254886,174.8091583251953,73061700
2015-02-26,174.7182566612815,174.87520113297848,173.99961684898244,174.6026153564453,72697900
2015-02-27,174.50344308833775,174.76777320923932,173.95828427089756,174.00784301757812,108076000
2015-03-02,174.10707055309138,175.1643664970403,174.05751177508782,175.10655212402344,87491400
2015-03-03,174.67695747104125,175.15604648882834,173.52879998833052,174.38784790039062,110325800
2015-03-04,173.79316120112242,173.86751196341103,172.68630660836746,173.65274047851562,114497200
2015-03-05,173.9748954523809,174.12358438184387,173.338874365786,173.84274291992188,76873000
2015-03-06,172.98366399574914,173.41319434208773,171.067320134475,171.39772033691406,188128000
2015-03-09,171.5959539499552,172.46325756122909,171.4390094552801,172.1080780029297,89818900
2015-03-10,170.74511230031905,170.82770601836518,169.27479791321812,169.31610107421875,157121300
2015-03-11,169.57217657973325,169.7456448282181,168.8370256294043,168.9196319580078,110145700
2015-03-12,169.5474329380123,171.13337647061587,169.497874171987,171.0673065185547,93993500
2015-03-13,170.7947190412468,171.75288458432593,168.98574847515465,170.0182647705078,162410900
2015-03-16,170.74515462838175,172.3806568570192,170.0430385291803,172.289794921875,136099200
2015-03-17,171.55466762970326,172.1576536807261,170.96819276629859,171.77769470214844,94510400
2015-03-18,171.30687635619972,174.51181159260238,170.67084266564368,173.84274291992188,228808500
2015-03-19,173.4296999300412,173.85096203452886,172.6615012642596,173.0497283935547,117917300
2015-03-20,173.99648273888036,175.08338827650132,173.81394763146972,174.5772705078125,177715100
2015-03-23,174.58554843804865,175.15804371276005,174.23707580566406,174.23707580566406,71784500
2015-03-24,174.11261643600022,174.56894148177798,173.1916485785176,173.25802612304688,77805300
2015-03-25,173.46534160452757,173.69765653348944,170.67754979677102,170.71902465820312,159521700
2015-03-26,170.05534076691788,171.22520830472868,169.35838305008411,170.3125457763672,153067200
2015-03-27,170.19641226043072,170.87675986583287,170.00557209213895,170.70252990722656,118939000
2015-03-30,171.73129641311075,173.08371141679822,171.7147115290507,172.78501892089844,96180400
2015-03-31,171.96363121206426,172.66058888963727,171.21690621635824,171.2749786376953,126768700
2015-04-01,171.24180662976426,171.26669662045506,169.6819663586385,170.6693115234375,137303600
2015-04-02,170.60294970108774,171.73134247042432,170.4204146457377,171.28330993652344,86900900
2015-04-06,170.39548636758687,172.950963908092,170.26274398824668,172.43655395507812,114368200
2015-04-07,172.461467457011,173.20819250095542,171.94705743385904,171.98023986816406,81236300
2015-04-08,172.20423971106177,173.00074463141883,171.81427969330997,172.56100463867188,89351900
2015-04-09,172.3950959634002,173.5566711080269,171.90557591389464,173.32435607910156,85548900
2015-04-10,173.5732271988262,174.31165964872955,173.3741073131458,174.27017211914062,72722900
2015-04-13,174.12914439239796,174.75972452913572,173.4321993930522,173.4819793701172,74436600
2015-04-14,173.28289617370427,173.9964388699827,172.6606210081203,173.81390380859375,75099900
2015-04-15,174.27851832960081,175.09991337221425,174.195543250851,174.5937957763672,99529300
2015-04-16,174.26189611739576,175.05010861308017,174.0627635527124,174.5439910888672,68934900
2015-04-17,173.35754046703426,173.5981479249098,171.7562126949012,172.5361328125,191113200
2015-04-20,173.45707874305626,174.44442376168223,173.37411633977555,174.112548828125,92189500
2015-04-21,174.79293925483387,174.95058431814448,173.60647404818283,173.90516662597656,72559800
2015-04-22,174.24531243943684,174.94227014118775,173.3243448273341,174.75973510742188,78264600
2015-04-23,174.36145775052785,175.84662790681259,174.24530025173053,175.199462890625,102585900
2015-04-24,175.6143536888242,175.87155873444283,175.1580160303617,175.60604858398438,61327400
2015-04-27,176.17027656329202,176.29472655151122,174.68510584935564,174.87594604492188,79358100
2015-04-28,174.85103608471604,175.4816037200731,173.68115568812917,175.43182373046875,86863500
2015-04-29,174.54404127335286,175.3073640004478,173.90518118255187,174.70999145507812,125684900
2015-04-30,174.13749290674085,174.52745303792176,172.26236223504856,172.95932006835938,161304900
2015-05-01,173.73921654071185,174.87591442186115,173.63965656814005,174.8344268798828,103399700
2015-05-04,175.25756223646033,175.91303245626554,175.14970982400388,175.33224487304688,70927200
2015-05-05,175.09162144791608,175.44839909533542,173.183308572984,173.32435607910156,113326200
2015-05-06,173.87195706754807,174.17894206411373,171.5487941735033,172.61080932617188,135060200
2015-05-07,172.51122599256044,173.7225935877157,172.1793510498914,173.2994384765625,88244900
2015-05-08,174.96717621586973,175.78027883907203,174.8842011346324,175.58114624023438,155877300
2015-05-11,175.53965118852454,175.8051486295798,174.66846357652057,174.74313354492188,75708100
2015-05-12,173.91344347223256,174.7597411434483,173.0920357919156,174.22042846679688,119727600
2015-05-13,174.62697884122056,175.2492539083147,174.02130132077684,174.2536163330078,94667900
2015-05-14,175.2658989110078,176.16197676947698,174.99209628812372,176.07070922851562,95934000
2015-05-15,176.2615509033203,176.40259844881396,175.7803231632827,176.2615509033203,76510100
2015-05-18,176.09555469393385,177.05799719315343,176.02917716636372,176.80909729003906,74549700
2015-05-19,176.92531076274923,177.1991134030024,176.468973028994,176.75106811523438,72114600
2015-05-20,176.85058157999936,177.37329672479893,176.31128154758866,176.62657165527344,76857500
2015-05-21,176.48551842661584,177.34840098253736,176.31956827412938,177.14097595214844,64764600
2015-05-22,176.75933987553972,177.17419001036424,176.65148744943588,176.71786499023438,57433500
2015-05-26,176.228266945015,176.6514220283665,174.4029295598266,174.81777954101562,124308600
2015-05-27,175.2741711023209,176.70954893500715,174.86761343770593,176.47723388671875,93214000
2015-05-28,176.17021111534228,176.38592856818985,175.58942361904656,176.278076171875,74974600
2015-05-29,176.21169390832307,176.2531687810571,174.9173639056266,175.182861328125,124919600
2015-06-01,175.84665786635355,176.17853287368334,174.75144755376922,175.5396728515625,93338800
2015-06-02,175.08330724450371,176.05405477905722,174.46103221002957,175.3654022216797,91531000
2015-06-03,175.89644040068288,176.45233800913786,175.34054279222792,175.83006286621094,87820900
2015-06-04,175.12479923909686,175.78025672160754,174.02958907362384,174.34487915039062,151882800
2015-06-05,174.19554356303513,174.71825870761285,173.39073340655372,174.04620361328125,121704700
2015-06-08,173.9383003357597,174.0876529129266,172.901175378439,172.97584533691406,89063300
2015-06-09,172.9509735107422,173.49028614130725,172.32040602815917,172.9509735107422,105034700
2015-06-10,173.71435575987715,175.4069515395513,173.65628331951808,175.02528381347656,134551300
2015-06-11,175.46495390674622,175.971071417342,175.23263891764168,175.58941650390625,73876400
2015-06-12,174.7680459769165,175.46499109192928,173.97152823103042,174.24533081054688,135382400
2015-06-15,173.1086208896227,173.78067591599498,172.40337077095992,173.4985809326172,124384200
2015-06-16,173.3492325606859,174.52741782155275,173.17500263268036,174.44444274902344,85308200
2015-06-17,174.7265625,175.33225276281615,173.70603479640596,174.7265625,126708600
2015-06-18,175.3239341446082,177.00822441202155,174.75974412764305,176.54359436035156,165867900
2015-06-19,176.30185435107938,176.37688755239955,175.3847394844856,175.75991821289062,130478700
2015-06-22,176.67697185866155,177.24390614570285,176.45185961090112,176.66029357910156,70696000
2015-06-23,176.8687485589522,177.11887189486686,176.39352567033555,176.78536987304688,68476800
2015-06-24,176.5185779533559,176.89375658989982,175.47640800639996,175.5014190673828,92307300
2015-06-25,176.00165632585197,176.1267116240838,174.8927860349281,174.9678192138672,97107400
2015-06-26,175.32636882131126,175.5681594282429,174.38425562567184,174.9345245361328,104174800
2015-06-29,173.45873569419442,174.9427844001069,171.19097330097563,171.26600646972656,202621300
2015-06-30,172.80010020136746,172.8501350423014,171.14930666095873,171.62454223632812,182925100
2015-07-01,173.19195405817197,173.44207737125143,172.21648458678231,173.0001983642578,135979900
2015-07-02,173.47542902098317,173.64217365104963,172.4249136801449,172.84178161621094,104373700
2015-07-06,171.55786786015534,173.12528295856598,171.35776663146783,172.34991455078125,117975400
2015-07-07,172.54998831500768,173.55880163478903,170.17383589953536,173.43374633789062,173820200
2015-07-08,172.0997778121791,172.3832449894244,170.29057227957045,170.52401733398438,164020100
2015-07-09,172.61671425266942,172.87518312654962,170.72414249051633,170.83251953125,144113100
2015-07-10,172.82510865174763,173.40038845669895,170.87416970419113,172.9835205078125,129456900
2015-07-13,174.2425243385516,175.00121457418837,174.20083498626724,174.89283752441406,106069400
2015-07-14,174.85107946681126,175.959949648478,174.79271185218707,175.65145874023438,81709600
2015-07-15,175.69318389756324,176.15174124239255,175.11790402148668,175.5931396484375,97914100
2015-07-16,176.64359271808092,177.00210571289062,176.40181494346828,177.00210571289062,106683300
2015-07-17,176.99376406880003,177.2105435146903,176.58524167640402,177.1521759033203,89030000
2015-07-20,177.37731254025718,177.73581287041966,176.92710075231818,177.24391174316406,70446800
2015-07-21,177.11052872219872,177.36899756318357,176.24344889766735,176.54359436035156,77965000
2015-07-22,175.8599302436575,176.56027815967443,175.82658640089568,176.22677612304688,88667900
2015-07-23,176.36018313968574,176.4602273932913,174.87613400945932,175.23463439941406,90509100
2015-07-24,175.33464818245892,175.39300307541941,173.08356397825546,173.41705322265625,117755000
2015-07-27,172.53330165520254,173.04188104088917,171.9663546525979,172.40823364257812,132361100
2015-07-28,173.2420249526405,174.66771933333678,172.41663432543018,174.52598571777344,123544800
2015-07-29,174.65099030361242,175.95161625375798,174.5092567292299,175.7265167236328,105791300
2015-07-30,175.21795021419427,175.9349636396938,174.6009810316665,175.76821899414062,91304400
2015-07-31,176.26845462172625,176.2934656827091,175.21795189504306,175.5014190673828,103266900
2015-08-03,175.46809922643948,175.52645413611395,173.95902625052986,174.90948486328125,113965700
2015-08-04,174.8344311081119,175.29298843792213,174.08407382064158,174.56764221191406,81820800
2015-08-05,175.45974010894733,176.1767535837583,174.85944916623106,175.14292907714844,85786800
2015-08-06,175.32631450183948,175.4347042383865,173.1252522637311,173.70887756347656,116030800
2015-08-07,173.55051743255973,173.70058383084157,172.47499069099115,173.37542724609375,117858000
2015-08-10,174.48430293888842,175.64319569501873,174.48430293888842,175.55982971191406,80270700
2015-08-11,174.22580081719414,174.64266878819345,173.21697472978343,173.97567749023438,126081400
2015-08-12,172.6750071402225,174.36748965037035,171.21596961617797,174.18406677246094,172123700
2015-08-13,174.02570109250638,174.7093706772288,173.42541019141387,173.96734619140625,89383300
2015-08-14,173.77557948836994,174.67601584894675,173.63384590223302,174.60098266601562,72786500
2015-08-17,174.00903163484438,175.57644653320312,173.5504743287551,175.57644653320312,79072600
2015-08-18,175.301331420975,175.65149902362893,174.83444128410312,175.06788635253906,71692700
2015-08-19,174.32583589007928,175.09287138975742,172.87514356925766,173.68386840820312,172946000
2015-08-20,172.1748126984539,173.65886172552786,169.99876128116887,170.05712890625,194327900
2015-08-21,168.18955347177467,170.0321155609395,164.67953216633668,164.93798828125,346588500
2015-08-24,156.31713079104918,164.64614334806805,152.0734058714553,157.99293518066406,507244300
2015-08-25,162.937051181498,162.953729466756,155.8419610598146,156.13377380371094,369833100
2015-08-26,160.14398522546526,162.40340227776665,157.05081959287378,162.12828063964844,339257000
2015-08-27,164.26270444964496,166.26366617713524,162.75364401124043,166.13861083984375,274143900
2015-08-28,165.49659854882236,166.61380175279606,165.0130301347587,166.14691162109375,160414400
2015-08-31,165.17142653523922,166.02184075075263,164.25431191833255,164.80458068847656,163298800
2015-09-01,161.01109506866067,162.3867671258326,159.0184665026377,159.88555908203125,256000400
2015-09-02,162.26167538279665,162.96202320130396,160.42745896303018,162.9203338623047,160269300
2015-09-03,163.62899367032688,165.12138796903685,162.54514724058606,163.03704833984375,152087800
2015-09-04,160.78600864944872,161.62807751318965,159.75217132697426,160.56922912597656,207081000
2015-09-08,163.362203403593,164.7545407372646,162.72022324123685,164.60446166992188,116025700
2015-09-09,166.18026284486263,166.3053181540487,162.03659397647715,162.40342712402344,149347700
2015-09-10,162.21165920366735,164.42939981290357,161.9532031029294,163.2871856689453,158611100
2015-09-11,162.89532399093918,164.09590572079074,162.18664338818505,164.02920532226562,119691200
2015-09-14,164.20430715869924,164.25432928458272,162.9370248418414,163.42059326171875,79452000
2015-09-15,163.92082498705662,165.90512061114862,163.37890171043026,165.46324157714844,113806200
2015-09-16,165.76340900711406,167.08904628489455,165.42157417041264,166.89727783203125,99581600
2015-09-17,166.76382417716863,169.1566416498652,166.1468551574897,166.52203369140625,276046600
2015-09-18,164.01876403278732,166.5078213622885,163.3902112311698,163.8008575439453,223657500
2015-09-21,164.6305281045718,165.66972706910326,163.59970523919577,164.6472930908203,105726200
2015-09-22,162.48512807068556,162.97121054142366,161.37886876736252,162.51026916503906,153890900
2015-09-23,162.67782322819664,163.14714054084763,161.67214144566768,162.2504119873047,92790600
2015-09-24,161.03526539096694,162.1247597604628,159.70273616704816,161.663818359375,159378800
2015-09-25,163.12205844777677,163.42376437043987,160.75031715338602,161.62191772460938,155054800
2015-09-28,160.72512624676162,160.83407948138324,157.2555156054115,157.5655975341797,178515900
2015-09-29,157.78353990565944,159.01550458938314,156.6605156934075,157.65782165527344,159045600
2015-09-30,159.54352522992565,160.76711415656476,158.76412556749034,160.59950256347656,163452000
2015-10-01,160.97658756861168,161.32019955209685,159.08255279057036,161.01849365234375,131079000
2015-10-02,159.04063173097632,163.44887766254922,158.495878269638,163.42373657226562,211003300
2015-10-05,164.64728578119457,166.55808491469153,164.53833255732263,166.33180236816406,126320800
2015-10-06,166.19774784370665,166.7592535071073,165.09987760721134,165.76194763183594,110274500
2015-10-07,166.6922352386378,167.47164753708097,165.50217653537078,167.11965942382812,124307300
2015-10-08,166.73408101910707,168.91306888019523,166.4323752043093,168.6281280517578,153055200
2015-10-09,168.77058954139574,169.20637686021877,168.1001307897503,168.7286834716797,107069200
2015-10-12,168.80414255469205,169.08908342854323,168.3767312439153,168.88795471191406,56395600
2015-10-13,168.15881617556323,169.42431063021064,167.65598162169104,167.82359313964844,88038700
2015-10-14,167.76490977995587,168.34318034427724,166.72571077201667,167.01902770996094,99106200
2015-10-15,167.68113366653773,169.59193322957273,167.3123806301731,169.58355712890625,134142200
2015-10-16,169.98580024510346,170.37130542131746,169.22315320406815,170.35455322265625,114580100
2015-10-19,169.7092829967101,170.4384002685547,169.39920099152405,170.4384002685547,76523900
2015-10-20,170.00255007098087,170.83223140854628,169.75112644616777,170.22044372558594,78448500
2015-10-21,170.63953499864772,170.79038155042025,168.9969111921257,169.16453552246094,102038000
2015-10-22,170.11152414267062,172.23184120585051,169.16451329798593,172.02232360839844,174911700
2015-10-23,173.69006531550164,174.27671195318962,172.89390110807238,173.907958984375,144442300
2015-10-26,173.73202980492053,173.79068809444453,173.11185298629266,173.48060607910156,69033000
2015-10-27,172.8101650689932,173.4806241450167,172.46655303418896,173.14540100097656,77905800
2015-10-28,173.480587526555,175.13996347879436,172.81851748104603,175.1148223876953,135906700
2015-10-29,174.61199670168938,175.38302003999266,174.49466734125065,175.01426696777344,90525500
2015-10-30,175.20704895599116,175.52551989679264,174.10080234195664,174.26002502441406,131076900
2015-11-02,174.58681062981634,176.51436208500124,174.46109241234478,176.3216094970703,86270800
2015-11-03,175.96967410022543,177.3860153733307,175.74339147149564,176.8328857421875,95246100
2015-11-04,177.1261725166253,177.2518779531897,175.76011376224523,176.29647827148438,96224500
2015-11-05,176.3551879167048,176.81612929827372,175.2321763964768,176.1205291748047,78408700
2015-11-06,175.77687892154736,176.2629612566358,174.70414990202073,176.02828979492188,110471500
2015-11-09,175.4165194582403,175.56737878519792,173.43867273416632,174.3856964111328,131008700
2015-11-10,173.90801773697598,174.82152436849697,173.6398418068349,174.78799438476562,75874600
2015-11-11,175.05613820965038,175.10642038441057,174.03369136306415,174.10073852539062,67846000
2015-11-12,173.0615183821333,173.53083570794695,171.6535664046923,171.67031860351562,121315200
2015-11-13,171.25967005237672,171.5278458972901,169.6589527183827,169.7427520751953,153577100
2015-11-16,169.5584435170665,172.3827372401027,169.4411013610799,172.32406616210938,117645200
2015-11-17,172.6341033533533,173.5140669260381,171.7038448214845,172.19830322265625,121123700
2015-11-18,172.6760538291458,175.07293615993984,172.63416053119036,174.9304656982422,121342500
2015-11-19,174.81308872002745,175.1986067021689,174.4862417997517,174.77957153320312,88220500
2015-11-20,175.5338332443972,176.09533884752574,175.03937480420112,175.41650390625,94011500
2015-11-23,175.4751928567913,175.97802744813458,174.75445176671988,175.21539306640625,64931200
2015-11-24,174.20971963158328,175.85234352208911,173.82421434316055,175.4500732421875,98874400
2015-11-25,175.5757580407517,175.77689955099623,175.16509891948007,175.42491149902344,51980100
2015-11-27,175.51711484805486,175.8272096574253,175.0394212687719,175.62606811523438,37317800
2015-11-30,175.78526418784404,175.9025935308499,174.78795837832422,174.89691162109375,112822700
2015-12-01,175.5254827993396,176.68202415007264,175.24891800729733,176.56468200683594,97858400
2015-12-02,176.5143660168775,176.83283682937392,174.51137847141774,174.76280212402344,108441300
2015-12-03,175.0142928223939,175.2824687767535,171.5949630856936,172.31570434570312,166224200
2015-12-04,172.31562763233055,175.96961449785195,172.31562763233055,175.67628479003906,192913900
2015-12-07,175.34943158713938,175.76846670439733,173.64815003410706,174.6119384765625,102027100
2015-12-08,173.05315446089486,174.5616708891859,172.458118874404,173.43865966796875,103372400
2015-12-09,172.80172035190606,174.88850725265175,171.11719083392987,172.08935546875,162401500
2015-12-10,172.1564553948511,173.8409726411973,171.9217966576867,172.53358459472656,116128900
2015-12-11,170.42161596421371,171.08368593413098,168.8795567545404,169.1896514892578,211173300
2015-12-14,169.3489225829156,170.1702281432619,167.57220431685354,170.0445098876953,182385200
2015-12-15,171.55300981600035,172.7346921593939,170.01933943609507,171.82957458496094,154069600
2015-12-16,172.95258061456695,174.64548636656923,171.63681676475792,174.34378051757812,197017000
2015-12-17,174.65388239389682,174.72092956664895,171.67035354010022,171.68711853027344,173092500
2015-12-18,170.94695057401952,171.08183013755726,168.4683568893084,168.6285400390625,251393500
2015-12-21,169.80035600673932,170.1965943918638,168.6875130023776,170.01954650878906,99094300
2015-12-22,170.9047174300948,171.85737707901342,169.91834112162374,171.5623016357422,111026200
2015-12-23,172.5655598272645,173.72898408993737,172.4728229242392,173.68682861328125,110987200
2015-12-24,173.43389126673273,173.9481571567803,173.180971296144,173.40016174316406,48539600
2015-12-28,172.7088460910262,173.04606411357548,171.93323434792845,173.00392150878906,65899900
2015-12-29,174.09994421962654,175.17905768630865,174.0662275518134,174.8502655029297,92640700
2015-12-30,174.60577723904296,174.69008820124438,173.46764356955748,173.6109619140625,63317700
2015-12-31,172.93649841504953,173.57721788903368,171.87423706054688,171.87423706054688,114877900
2016-01-04,169.02469215873788,169.47993778922142,167.422874343536,169.4715118408203,222353500
2016-01-05,169.79192589823398,170.2134550219774,168.6538049825555,169.75820922851562,110845800
2016-01-06,167.2120832422844,168.66214370715946,166.58822869477297,167.61676025390625,152112600
2016-01-07,164.67452645671497,166.45337941363837,163.20760085423277,163.5954132080078,213436100
2016-01-08,164.55651679400643,165.11293824156806,161.51307646082637,161.79971313476562,209817200
2016-01-11,162.71864708325168,163.0558780579135,160.02930242058451,161.95989990234375,187941300
2016-01-12,163.4015244612569,164.0169532623226,161.14212210067134,163.26663208007812,172330500
2016-01-13,163.93270144490674,164.27835847235212,158.81534370434633,159.19471740722656,221168900
2016-01-14,159.80168151270632,162.92942017466441,158.20830205788596,161.8081512451172,240795600
2016-01-15,157.45797250848364,159.13564997514615,156.40414983282272,158.33474731445312,324846400
2016-01-19,160.14736603081948,160.27381963470282,156.97745847695202,158.54554748535156,195244400
2016-01-20,155.99104099867043,158.07339555861964,152.61038261004657,156.51373291015625,286547800
2016-01-21,156.98594522119058,159.2284712870121,155.6623370642165,157.39060974121094,195772900
2016-01-22,159.99557812528212,160.82177152815098,159.23683091955206,160.61944580078125,168319600
2016-01-25,160.11360839355606,160.3075081734972,157.997536987637,158.19143676757812,130371700
2016-01-26,158.84899758001725,160.62785059511515,158.51177950278483,160.34963989257812,141036800
2016-01-27,159.82693898727493,161.49619024417947,157.70242920136823,158.60450744628906,185681700
2016-01-28,160.1472990063032,160.34962468783962,157.78673409737553,159.43069458007812,143798800
2016-01-29,160.19791755880993,163.45212261959614,160.07988992920824,163.31723022460938,210529300
2016-02-01,162.31400336657373,164.0422753468065,161.73229111753486,163.2582244873047,136061600
2016-02-02,161.83345580102923,161.84188175187165,159.7932436610134,160.31594848632812,182564900
2016-02-03,161.369775492127,161.6817029141604,157.7361966556225,161.27703857421875,205054900
2016-02-04,160.77963173464707,162.49946476772794,160.14733809741855,161.5299530029297,139531800
2016-02-05,161.01567798450176,161.58895134209288,157.82048044601333,158.45277404785156,180788300
2016-02-08,156.6148843982992,156.90994697259362,154.11100117094557,156.31980895996094,191526700
2016-02-09,154.5831537838088,157.60130371702277,154.44826138293897,156.32827758789062,184513100
2016-02-10,157.1544910391713,158.781587282469,156.06693869578498,156.1934051513672,148214100
2016-02-11,153.72322723314252,155.20701788010714,152.66940449594475,154.16162109375,219058900
2016-02-12,155.9320298374662,157.35678720240546,155.0889717482724,157.33993530273438,127632400
2016-02-16,159.14412120444007,160.02089618899345,158.18303524304264,159.99560546875,120250700
2016-02-17,161.15902381299634,162.98003278427333,161.03255735262937,162.6090850830078,136009500
2016-02-18,162.87884935997835,162.93786961150857,161.63112676698148,161.94305419921875,102343000
2016-02-19,161.16743240085756,162.01891654044448,160.56042947582927,161.86717224121094,114793000
2016-02-22,163.4437207844097,164.35422536050385,163.37627457165644,164.21090698242188,103640300
2016-02-23,163.55330991621312,163.8230947464884,162.01893763813206,162.13697814941406,111455300
2016-02-24,160.71213205970443,163.1569948311797,159.60772826574748,162.8787841796875,150812200
2016-02-25,163.32567486757412,164.86004709204892,162.56692757101848,164.8516082763672,110728300
2016-02-26,165.71997983614435,165.81270390168882,164.3120611239384,164.4722442626953,129833700
2016-02-29,164.48906992628648,165.43329090200194,162.9884275052904,163.1823272705078,125918100
2016-03-01,164.4047791383236,167.1025757382741,163.93266859254652,167.0182647705078,141799700
2016-03-02,166.70632132039938,167.81915137646766,166.29321820053025,167.76856994628906,102415000
2016-03-03,167.5915001214029,168.44299696468073,167.0182268357516,168.42613220214844,95172200
2016-03-04,168.62003825160113,169.7497458306991,167.79384495325377,168.97412109375,129293600
2016-03-07,168.05521656875482,169.5137165001027,167.97934441899835,169.10903930664062,100219000
2016-03-08,168.0383659502354,168.54419314985492,167.10257083728501,167.2627410888672,123974900
2016-03-09,168.07204820145247,168.4345569770791,167.28799754972553,168.0889129638672,94801200
2016-03-10,168.5779422396233,169.51373746114254,166.40285029598266,168.22384643554688,156838700
2016-03-11,169.6738589665338,170.9806015203438,168.2069461885924,170.93844604492188,137964500
2016-03-14,170.43257119356207,171.17445332419678,170.10377915983813,170.71920776367188,73612000
2016-03-15,169.75819548969022,170.74457201573492,169.49684951236813,170.44107055664062,93169100
2016-03-16,169.96053148155067,171.8321216399689,169.91837600042388,171.4274444580078,129303200
2016-03-17,171.34313387955126,173.02081127539734,170.94689554110465,172.51498413085938,134278500
2016-03-18,173.01497108735393,173.531889532325,172.70143484267174,173.19293212890625,138372400
2016-03-21,172.93017796358086,173.66741717092629,172.70137468425617,173.43861389160156,72926700
2016-03-22,172.66753124752051,173.91321974650177,172.5065348857441,173.345458984375,97471900
2016-03-23,172.96406108126294,173.1504914593035,172.03190919106012,172.20140075683594,81052500
2016-03-24,171.17609207919185,172.15908660234746,170.955771071062,172.12518310546875,84360900
2016-03-28,172.5404191676539,172.7522707695527,171.77775857297658,172.2268829345703,62408200
2016-03-29,171.82015774642338,173.9302048376433,171.51509085287833,173.82003784179688,92922900
2016-03-30,174.8199143203331,175.30292916554708,174.21825018534045,174.5826416015625,86365300
2016-03-31,174.48943875381522,174.91314191454202,173.99794153572478,174.15895080566406,94584100
2016-04-01,173.16749404386812,175.5317520880499,172.85394489943778,175.34532165527344,114423500
2016-04-04,175.26908520458323,175.47246741634427,174.47252103818187,174.777587890625,63497000
2016-04-05,173.43865755883377,174.78603056334993,172.7776816347166,173.0319061279297,99662200
2016-04-06,173.03194835987722,174.98098604302,172.85398729207458,174.92166137695312,91839800
2016-04-07,173.83695269721892,174.1928618424129,172.09976694798488,172.8285369873047,113859000
2016-04-08,174.00645032583586,174.43863592304353,172.7607617169382,173.2946319580078,95040600
2016-04-11,173.93018479648154,174.62506433575481,172.794663185393,172.88787841796875,83757500
2016-04-12,173.05730624126357,174.77753990260072,172.6166513686354,174.49789428710938,115350600
2016-04-13,175.41312217712402,176.34527437534416,175.2775340518565,176.26052856445312,96336400
2016-04-14,176.31986770012065,176.76899208786213,175.92158563093162,176.26901245117188,65212900
2016-04-15,176.2690118023422,176.40459993824712,175.75209334830146,176.07411193847656,75761600
2016-04-18,176.07406054605502,177.3451698557611,175.41308473943926,177.311279296875,82531000
2016-04-19,177.73499977198375,178.12479942403957,177.0570721544678,177.87057495117188,88316100
2016-04-20,177.91296612418077,178.73495134365143,177.4384206222998,178.0400848388672,81100300
2016-04-21,178.05704707885053,178.16721405999155,176.8113585073525,177.08253479003906,85695000
2016-04-22,176.7266256168106,177.35369814232877,176.18428598183434,177.08253479003906,99251700
2016-04-25,176.4808836141633,176.81985399272102,175.87074986315722,176.77748107910156,66166500
2016-04-26,177.1417541678741,177.5485183798382,176.56552426317677,177.04006958007812,75864200
2016-04-27,176.65884960996,177.794371316427,176.30294040033888,177.40457153320312,77329400
2016-04-28,176.65033756160483,177.75195549817673,175.37922800673414,175.79444885253906,97216200
2016-04-29,175.17580955389846,175.5232491969226,173.74369101639257,174.84532165527344,142424100
2016-05-02,175.34535849252697,176.4130860705998,174.91318581505888,176.23513793945312,62188000
2016-05-03,175.0063607445574,175.24363348503738,173.95557222929278,174.7012939453125,106422100
2016-05-04,173.70988307735092,174.43865326842055,173.22685511018216,173.72682189941406,92243800
2016-05-05,174.1928224068987,174.54873147151844,173.2691527203575,173.69285583496094,67619200
2016-05-06,172.92176284461493,174.3708336030968,172.7692358860361,174.32846069335938,89315000
2016-05-09,174.20134033716386,174.90467627236418,174.02337930329685,174.47250366210938,74374900
2016-05-10,175.1758212505375,176.65878218986694,175.10802719880667,176.64183044433594,77472200
2016-05-11,176.18422572525807,176.71808283731846,174.9893798828125,174.9893798828125,81727000
2016-05-12,175.65890163549375,175.82839329326183,174.03188257802506,175.04029846191406,89586300
2016-05-13,174.74367267247877,175.29448163900955,173.1929174688306,173.51492309570312,96474600
2016-05-16,173.68441173226154,175.70123005894357,173.62508708098525,175.2266845703125,77486800
2016-05-17,174.95549581119738,175.2436108258989,173.06577060975354,173.59117126464844,114924900
2016-05-18,173.24380770655097,174.8199845028028,172.55741042809268,173.64208984375,120062100
2016-05-19,172.9217383836145,173.32848981268344,171.83705928583413,173.04037475585938,115430500
2016-05-20,173.65048663677024,174.6504327323409,173.5996443307976,174.13351440429688,104990400
2016-05-23,174.15045176211112,174.43009737301395,173.70980982710645,173.896240234375,58682600
2016-05-24,174.70972644521828,176.4638634029026,174.68430529485113,176.1503143310547,93537800
2016-05-25,176.82828119514468,177.76043335068047,176.1503535302454,177.34519958496094,76621400
2016-05-26,177.48074187887926,177.7095451544151,177.08245996347625,177.39599609375,55280700
2016-05-27,177.55705770486466,178.16719133268288,177.5062153909457,178.15872192382812,64211200
2016-05-31,178.42988153996555,178.54004850476804,177.26045662250806,177.8197479248047,109879400
2016-06-01,177.20964832225997,178.36212171316362,177.01474844207405,178.18417358398438,69936200
2016-06-02,177.78586458863467,178.74342502410155,177.31131907541297,178.7264862060547,63044700
2016-06-03,178.16722105071435,178.54008198883983,176.98932650367107,178.19264221191406,101757100
2016-06-06,178.548497626974,179.45522853801452,178.38748836760095,179.0993194580078,64887000
2016-06-07,179.25183101075677,179.93822795837676,179.2264098593925,179.37893676757812,60974800
2016-06-08,179.5145293053772,180.09077225481346,179.38742354540955,179.96365356445312,66170900
2016-06-09,179.23489823755855,179.83656238777846,178.96373495084086,179.71792602539062,73786900
2016-06-10,178.34516695298538,178.6841243604403,177.47232641451623,178.01467895507812,113829200
2016-06-13,177.41297323608163,178.26884889469594,176.55709757746735,176.64183044433594,117751200
2016-06-14,176.2604972572832,176.88758252746695,175.34529696987707,176.2943878173828,125059300
2016-06-15,176.29440241797562,177.41298494979887,175.86222985634978,176.0486602783203,109124500
2016-06-16,176.0486783356093,176.74355778520848,174.2182774214604,176.57406616210938,149533100
2016-06-17,176.47011618017717,176.49566953304955,175.26054315288454,175.91644287109375,117055700
2016-06-20,177.8756679387866,178.54859475858052,176.96422142590865,177.04940795898438,82789600
2016-06-21,177.43270284148394,177.96082289803414,176.98975631147866,177.5519561767578,72461700
2016-06-22,177.73084655371028,178.4548930850924,177.11753991475223,177.26235961914062,95560500
2016-06-23,178.71895691353055,179.62187698505792,178.2589834234159,179.57077026367188,102731400
2016-06-24,173.454750008894,179.60484320130777,172.67959677050362,173.12254333496094,333444400
2016-06-27,171.71704230971076,171.72556876131333,169.2127090948055,170.02194213867188,230775800
2016-06-28,171.623305065418,173.1139780365979,171.31665182001268,173.0884246826172,159382400
2016-06-29,174.48545991975706,176.26574686941075,174.38324646738008,176.0357666015625,137328600
2016-06-30,176.504213883724,178.4889271454984,175.9505275208487,178.4378204345703,165021900
2016-07-01,178.4378830968603,179.29822302506847,178.27603645699372,178.81268310546875,106055300
2016-07-05,177.98638642688363,178.09712631512292,176.93014625342386,177.5264129638672,109803700
2016-07-06,177.0323211874561,178.71039406322262,176.37642144980018,178.5911407470703,96021500
2016-07-07,178.76999049839642,179.43440359987767,177.71375069482878,178.48037719726562,85593800
2016-07-08,179.77522885512255,181.3851557345207,179.5452355873109,181.13812255859375,133971000
2016-07-11,181.59805826929212,182.34765804487338,181.3936184220505,181.7769317626953,73633900
2016-07-12,182.7394995083198,183.39539936460767,181.8024997136228,183.09725952148438,101275600
2016-07-13,183.51460168940503,183.5231151405761,182.58612860397926,183.0716552734375,87324100
2016-07-14,184.3323481790319,184.56234135354606,183.7020148085183,184.09384155273438,91230900
2016-07-15,184.65605216198605,184.85196554560372,183.4038858015429,183.84683227539062,107155400
2016-07-18,183.96611194887564,184.50275846526557,183.71056536975473,184.34091186523438,58725900
2016-07-19,183.9235254473303,184.18758548966142,183.6765053102707,184.1535186767578,54345700
2016-07-20,184.15346318478564,185.15859633305274,184.15346318478564,184.9200897216797,58159500
2016-07-21,184.80940237275158,185.0308691313322,183.77870265512237,184.22164916992188,67777300
2016-07-22,184.3409060500352,185.09901931234043,184.07684602574125,185.04791259765625,62787500
2016-07-25,184.84347369635424,184.89458041130248,183.96610709603976,184.5453338623047,55873100
2016-07-26,184.44309323845644,184.98825311359136,183.78719349883522,184.6304931640625,70080500
2016-07-27,185.00528351202541,185.07343011762134,183.6679307477728,184.4345703125,84083900
2016-07-28,184.23867279264252,184.93716586113342,183.77869937989922,184.64755249023438,65035700
2016-07-29,184.38349187444857,185.3034386969352,184.1023919573851,184.9456787109375,79519400
2016-08-01,185.00528114651027,185.39710787663188,184.3408679974903,184.79232788085938,73311400
2016-08-02,184.54523210148326,184.6985651594166,182.77347297127008,183.60824584960938,92295500
2016-08-03,183.548737525343,184.20463744599286,183.25061065060416,184.14500427246094,53993600
2016-08-04,184.25572533964777,184.65607861415472,182.5009920927308,184.34091186523438,46585500
2016-08-05,184.34090225224605,185.89119555549402,184.34090225224605,185.84860229492188,71892200
2016-08-08,186.03601136483033,186.13823779474342,185.4738244896835,185.73788452148438,39906500
2016-08-09,185.806022031988,186.34265552275468,185.52492210937768,185.84860229492188,51251700
2016-08-10,185.95935469412962,186.0360147697383,185.0393947939079,185.38864135742188,57941100
2016-08-11,185.91674052230485,186.49598024514216,185.65268051536748,186.2489471435547,72504300
2016-08-12,185.942323242528,186.30009627357856,185.68678964554863,186.08714294433594,61313500
2016-08-15,186.45341923045174,186.97302588150868,186.44490577630455,186.623779296875,49813500
2016-08-16,186.20635372599986,186.27448733786065,185.66119384765625,185.66119384765625,53213600
2016-08-17,185.6953007652244,186.14676077773237,184.86052736442625,186.01046752929688,75134300
2016-08-18,185.98487945182433,186.46189273466416,185.87415258107467,186.42782592773438,52989300
2016-08-19,185.95934477450407,186.33414467656135,185.47381799057598,186.15525817871094,75443000
2016-08-22,185.91675056339253,186.3767369854356,185.55047711402338,186.14674377441406,61368800
2016-08-23,186.76006735483244,187.05820721101114,186.46192749865375,186.5215606689453,53399200
2016-08-24,186.37672479739823,186.4704247663063,185.1501117490151,185.5675048828125,71728900
2016-08-25,185.18418122816422,185.85712092302123,185.03086109372353,185.43972778320312,69224800
2016-08-26,185.62716170076396,186.64933511037958,184.20463498108924,185.09051513671875,122506300
2016-08-29,185.2183016414599,186.2660284494212,185.1842218279096,186.00196838378906,70502200
2016-08-30,185.9167334635116,186.19783336276384,185.14159337511722,185.6952667236328,58114500
2016-08-31,185.3630428835759,185.48229619359975,184.39197650262852,185.16712951660156,85269500
2016-09-01,185.1586345348241,185.46528781237726,184.01720794523555,185.17567443847656,97844200
2016-09-02,186.0275074347612,186.43637418242812,185.43975417381776,186.01046752929688,79293900
2016-09-06,186.29156241038206,186.64932242955953,185.57604237202705,186.57266235351562,56702100
2016-09-07,186.41079634401157,186.73448951712933,185.95082293799388,186.55560302734375,76554900
2016-09-08,186.22339967997087,186.49598614584542,185.8230464317414,186.12969970703125,74102900
2016-09-09,184.81787478821167,184.868981490564,181.64912926601133,181.6746826171875,221589100
2016-09-12,180.91659072552463,184.68160321216067,180.84844411519546,184.28125,168110900
2016-09-13,183.00357638087698,183.26763643886903,181.0103362679948,181.6321563720703,182828800
2016-09-14,181.6832181629531,182.88427780483661,181.0102915040864,181.56396484375,134185500
2016-09-15,181.40217203040726,183.76168559041375,181.22328551258488,183.3783721923828,134427900
2016-09-16,182.7636068591937,182.94339693441927,181.984551368659,182.66943359375,155236400
2016-09-19,183.32015528309017,183.96224239525162,182.37842229326847,182.70375061035156,80250500
2016-09-20,183.55985516954945,183.71394979635636,182.67805663625666,182.71229553222656,69665300
2016-09-21,183.41431802619306,184.94676009783961,182.7294225333122,184.76698303222656,110284400
2016-09-22,185.77719504411826,186.23093553533752,185.52892712117182,185.93128967285156,76678700
2016-09-23,185.53743652724677,185.67441820469017,184.81830231560664,184.9124755859375,73630900
2016-09-26,184.08206079798262,184.26183783747967,183.2173753018055,183.41429138183594,89827300
2016-09-27,183.2516479102736,184.6471082252483,182.8835112062276,184.55294799804688,78494800
2016-09-28,184.77551177596033,185.62307129089558,183.81666606772146,185.46896362304688,87411000
2016-09-29,185.26352112161058,185.6658967386846,183.24308657792002,183.79100036621094,128070600
2016-09-30,184.62140374429694,185.879895265527,184.37313586079327,185.17788696289062,117202900
2016-10-03,184.76696374787355,184.95529725204656,184.09918124112315,184.7327117919922,83512100
2016-10-04,184.84403258789584,185.0666180738813,183.20029122302313,183.79100036621094,119948100
2016-10-05,184.41596250490633,185.0323671094434,184.34747165292507,184.60430908203125,72816000
2016-10-06,184.3817010923231,184.95529725204656,183.84235688848102,184.7327117919922,62927400
2016-10-07,185.0066914120333,185.1779120165763,183.37150655256386,184.0991973876953,89788300
2016-10-10,185.0580596923828,185.52035663948527,184.91252152267842,185.0580596923828,51855000
2016-10-11,184.63000405030357,184.6984949069336,181.99316485487475,182.72085571289062,130367400
2016-10-12,182.85779797705706,183.48277201024095,182.36124917108424,182.96054077148438,73866100
2016-10-13,181.63357631731463,182.8578159446073,180.82026871823211,182.36126708984375,101357000
2016-10-14,183.337212137685,183.79952203251673,182.37836652365132,182.45541381835938,93346200
2016-10-17,182.42974969872841,182.68658710349447,181.64212457052741,181.82191467285156,58275700
2016-10-18,183.41428116838685,183.47420249045146,182.5838476729331,182.96054077148438,76869700
2016-10-19,183.2259466513188,183.75673438142863,182.86637950544184,183.4485321044922,66519200
2016-10-20,183.097540097914,183.6625798404998,182.44689658612387,183.10610961914062,73639800
2016-10-21,183.10606190251767,183.27728245960162,182.14720326892362,183.19166564941406,89089100
2016-10-24,184.0649374413789,184.3389008279515,183.61975346984508,183.97076416015625,60146600
2016-10-25,183.79096929824388,184.04780670068533,183.19169073474242,183.35435485839844,66542300
2016-10-26,182.53252658412072,183.56841979028252,182.29280204849215,182.98626708984375,75705500
2016-10-27,183.70544872699656,183.7396876332898,182.42127419656921,182.49832153320312,77220200
2016-10-28,182.47258296054287,183.14890892401726,181.24834322181863,181.9589080810547,140623200
2016-10-31,182.29279876235523,182.51539731357715,181.8048193679365,181.9674835205078,61272500
2016-11-01,182.2927891440418,182.34416708158656,179.44193411679908,180.6490478515625,122781800
2016-11-02,180.34086915477957,180.72613188868763,179.12518573960872,179.5618133544922,103330800
2016-11-03,179.77582014393815,179.98984916370236,178.4659635880447,178.7399139404297,88939300
2016-11-04,178.85120155849046,179.690191603582,178.3974611112159,178.54299926757812,109122100
2016-11-07,178.54307366185037,182.51545314252263,178.54307366185037,182.481201171875,109794900
2016-11-08,182.08728033009285,183.86800284714064,181.82188650948365,183.30296325683594,106772100
2016-11-09,181.8133351814696,185.86277292051915,181.78765274873078,185.24636840820312,258429000
2016-11-10,186.03400745605103,186.89867990417122,184.2532846271845,185.70867919921875,172113300
2016-11-11,184.98957855253008,185.52036638324668,184.33893498380345,185.28065490722656,100552700
2016-11-14,185.80290172208976,186.00837431716855,184.6813915667905,185.42620849609375,94580000
2016-11-15,185.81148840693052,186.87307739257812,185.606028841727,186.87307739257812,91652600
2016-11-16,186.25656357218344,186.7531123363409,186.13670787485518,186.52195739746094,65617700
2016-11-17,186.67611427140054,187.54078681133552,186.56481500049895,187.48086547851562,69797200
2016-11-18,187.54934800622104,187.720568602341,186.88156547375317,187.0613555908203,86265800
2016-11-21,187.63493274925955,188.49960516314167,187.48939460414826,188.4739227294922,72402600
2016-11-22,188.7821676498624,189.02187912694623,188.11439809751522,188.84210205078125,67429000
2016-11-23,188.3283587340298,188.99612804384225,188.13145574864689,188.94476318359375,56620200
2016-11-25,189.28723768592408,189.68104369898273,189.21017732398442,189.6468048095703,37872300
2016-11-28,189.3385742306771,189.61252449487654,188.65367897524277,188.75640869140625,76572500
2016-11-29,188.7907185282828,189.5783437413918,188.49107267987097,189.12460327148438,69886700
2016-11-30,189.74104372210638,189.90370789549405,188.61096403117952,188.6708984375,113291800
2016-12-01,188.97050173292382,188.97050173292382,187.61783673708024,187.9774169921875,79040500
2016-12-02,188.0630225212601,188.55957142791652,187.71201178431926,188.0715789794922,74840300
2016-12-05,188.90201429267543,189.54410137465365,188.70511124525808,189.20166015625,67837800
2016-12-06,189.39004745119223,189.83523158143706,188.91062441706606,189.8009796142578,59877400
2016-12-07,189.6468220127813,192.34358221640227,189.5269662940269,192.28366088867188,110738100
2016-12-08,192.2579808058571,193.2253830250353,191.99257386659514,192.7545166015625,99714400
2016-12-09,192.9771035152016,193.93594921927246,192.94285156103166,193.9188232421875,88005800
2016-12-12,193.82467072858418,194.304106695277,193.27675697280102,193.69625854492188,102016100
2016-12-13,194.35549606822372,195.48556261678567,194.33837008714514,194.989013671875,110477500
2016-12-14,194.68932715558245,195.3913354266373,192.942843339538,193.3794708251953,142501800
2016-12-15,193.6191890299093,195.0317751413727,193.38803406253228,194.1756591796875,124972600
2016-12-16,194.63121133752213,194.69149898252175,193.47725745596665,193.79588317871094,156420200
2016-12-19,193.97675592107728,194.63985439307436,193.83035994627357,194.21788024902344,90341100
2016-12-20,194.75179627515462,195.11349590689724,194.51929197797907,194.9670867919922,89838800
2016-12-21,194.8379146533777,195.010144436063,194.424560546875,194.424560546875,67909000
2016-12-22,194.27818658290144,194.39874875846775,193.69258948708537,194.08872985839844,56219100
2016-12-23,194.13177206117248,194.38151643666708,193.94232848222345,194.37290954589844,36697800
2016-12-27,194.63982731069177,195.25124493566398,194.62260039243822,194.85511779785156,42672500
2016-12-28,195.1134995195581,195.1307133002148,193.13282409992078,193.24476623535156,64095000
2016-12-29,193.31364806068328,193.66672764527488,192.76250488924578,193.2017059326172,48696100
2016-12-30,193.52898224710808,193.6151037253256,191.80665780509864,192.49559020996094,108998300
2017-01-03,193.79594246656237,194.47626798685826,192.79700426633804,193.9681854248047,91366500
2017-01-04,194.2953794720281,195.26849680321703,194.28677258194588,195.12210083007812,78744400
2017-01-05,194.85514465863406,195.12210279706622,194.17481926686474,194.9670867919922,78379000
2017-01-06,195.0790604986911,196.12967937135483,194.53652414010315,195.66465759277344,71559900
2017-01-09,195.4063039034097,195.54409299917106,194.98432972524992,195.01878356933594,46939700
2017-01-10,195.03599735108756,195.87132567623993,194.63125009497077,195.01878356933594,63771900
2017-01-11,194.93265109478259,195.56991577148438,194.26955260662038,195.56991577148438,74650000
2017-01-12,195.05320671675017,195.26849723189008,193.7270229252161,195.07904052734375,72113200
2017-01-13,195.25130776674516,195.82828488116763,195.21686705944367,195.52688598632812,62717900
2017-01-17,194.88961929074637,195.29436658409256,194.45043129043768,194.83795166015625,61240800
2017-01-18,195.08765908587074,195.31156964479436,194.53651585975967,195.2685089111328,54793300
2017-01-19,195.34600995331297,195.48379904463542,194.11455444288248,194.54513549804688,66608800
2017-01-20,195.2254033426013,195.75071263593273,194.59675882444665,195.25985717773438,129168600
2017-01-23,195.2599114531842,195.32018597098931,193.99400203606893,194.75181579589844,75061600
2017-01-24,194.967083306671,196.41384238690753,194.855141175314,196.00048828125,95555300
2017-01-25,196.9478014011602,197.697021484375,196.78417847332832,197.697021484375,84437700
2017-01-26,197.55056992098218,197.8175411955517,197.21471724555164,197.49029541015625,59970700
2017-01-27,197.56778761210302,197.71418357760163,196.99941752937463,197.18026733398438,59711100
2017-01-30,196.49135954736528,196.51719335976878,194.97571894509807,195.9574432373047,79737300
2017-01-31,195.46657427051073,196.00050372017813,194.898217258071,195.94021606445312,75880800
2017-02-01,195.94015300677572,196.8529824575381,195.4320706732815,196.0176544189453,79117700
2017-02-02,196.0176989136226,196.43106615293237,195.32877979535274,196.14688110351562,69657600
2017-02-03,197.05112178644802,197.67976645215273,196.74110289892536,197.49891662597656,80563200
2017-02-06,197.09416062482688,197.4903009625108,196.80997556219742,197.1458282470703,57790100
2017-02-07,197.53328644143232,197.77441068023577,196.9649165327018,197.1543731689453,57931200
2017-02-08,197.1544447735918,197.54196507382068,196.61190846909716,197.4127960205078,51566200
2017-02-09,197.41278823132038,198.88536794214565,197.41278823132038,198.58396911621094,65955200
2017-02-10,198.92842684589928,199.59152528133336,198.60118107303498,199.36761474609375,66015900
2017-02-13,199.8584633988888,200.7110184448176,199.83262959206868,200.45266723632812,55182100
2017-02-14,200.27183115065384,201.2621753275736,199.92737160929255,201.25355529785156,71109000
2017-02-15,201.03828987887738,202.49365593222012,200.98662225525658,202.30419921875,86785800
2017-02-16,202.3300674218224,202.51091727552614,201.38279683374938,202.1320037841797,84722400
2017-02-17,201.46888297145847,202.4506072998047,201.45165604912492,202.4506072998047,77204100
2017-02-21,202.8208456477435,203.82840345059273,202.81222561932992,203.6561737060547,88946100
2017-02-22,203.251490149344,203.6992849971404,203.08786724175664,203.4753875732422,62115200
2017-02-23,203.99207258780973,204.00928636796786,202.85533236344304,203.6131591796875,74615900
2017-02-24,202.76923455546964,203.91456858901134,202.72617382226116,203.87152099609375,82381600
2017-02-27,203.78537731620193,204.36235428548795,203.53564611528,204.19012451171875,56515400
2017-02-28,203.81126790769045,204.0523922862032,203.25151770192008,203.6390380859375,96961900
2017-03-01,205.29245650216862,206.9545063824952,205.2752295788725,206.48947143554688,149158200
2017-03-02,206.2999495025957,206.3085695316657,205.1373887832171,205.18905639648438,70246000
2017-03-03,205.10297729567483,205.4818907249212,204.7240638664285,205.31826782226562,81974300
2017-03-06,204.52602881279873,205.05994518838477,204.10405459126903,204.70687866210938,55391500
2017-03-07,204.40546264673017,204.75854230642355,203.88876006472563,204.09544372558594,65103700
2017-03-08,204.38822766273705,204.64657894355068,203.57873311499068,203.71652221679688,78168800
2017-03-09,203.83706442731702,204.30209931528373,203.01035617805067,203.974853515625,90683900
2017-03-10,204.93071475412785,204.97377548062298,203.7423070323635,204.68959045410156,81991700
2017-03-13,204.62925435949782,204.83593791356543,204.30202182424793,204.79287719726562,57256800
2017-03-14,204.25038638137607,204.3020671365696,203.39784445486842,204.00926208496094,59880800
2017-03-15,204.57768905340063,206.1966781857777,204.34517158134187,205.7747039794922,96081800
2017-03-16,205.91247041032932,205.98997184571738,205.0427014191847,205.36993408203125,78344000
2017-03-17,205.6320431803841,205.82232414995448,205.00930786132812,205.00930786132812,89002100
2017-03-20,205.00931060056578,205.29473205873504,204.39523280666853,204.78443908691406,52537000
2017-03-21,205.3898998671677,205.510986574851,202.0254050635454,202.15513610839844,131809300
2017-03-22,202.18968445195426,202.91620449898713,201.56694921236672,202.6307830810547,97569200
2017-03-23,202.63074737271714,203.54754820347628,202.04261597089257,202.41452026367188,100410300
2017-03-24,202.71725794521547,203.28808752371825,201.4890894619878,202.2675018310547,112504900
2017-03-27,200.59820862722134,202.31938117796201,200.32144478844586,202.05990600585938,87454500
2017-03-28,201.75725376032582,203.95411602548558,201.64481140746744,203.5303192138672,93483900
2017-03-29,203.24489184712067,203.95411008941994,203.02000714794914,203.7205810546875,61950400
2017-03-30,203.65998362917261,204.56814009591145,203.48700458728308,204.36920166015625,56737900
2017-03-31,204.03193003110582,204.55952479613492,203.84164908650794,203.8935546875,73733100
2017-04-03,203.94544852350572,204.14437380427063,202.31077181340237,203.5389404296875,85546500
2017-04-04,203.25351822724852,203.75516679210006,202.8729563368468,203.66867065429688,56466200
2017-04-05,204.34323198658012,205.3205825972771,202.8555886418277,203.06317138671875,108800600
2017-04-06,203.20156378227185,204.15295502034064,202.7604520905961,203.63401794433594,69135800
2017-04-07,203.38325034394884,204.11842792690598,202.94215171264923,203.42649841308594,74412300
2017-04-10,203.56486351066155,204.3432758756478,203.01996693669741,203.5475616455078,67615300
2017-04-11,203.16704662245124,203.40922000059405,201.81779117352434,203.30543518066406,88045300
2017-04-12,203.02861106024082,203.21889197199712,202.1896488213487,202.41452026367188,81864400
2017-04-13,202.07717359496428,202.8123509249832,201.09982299804688,201.09982299804688,92880400
2017-04-17,201.61878926097052,202.88156127929688,201.4198640325367,202.88156127929688,68405400
2017-04-18,202.14640731501228,202.81239052775499,201.59286642580503,202.27613830566406,83225800
2017-04-19,202.83830791464553,203.21021216665906,201.67932070713752,201.90420532226562,68699900
2017-04-20,202.51831842688946,203.98867342346213,202.19830650755497,203.5475616455078,92572200
2017-04-21,203.4696921736506,203.52158456378126,202.50099903133335,202.8988494873047,110389800
2017-04-24,205.13900016923373,205.33793863462017,202.87294402881207,205.13035583496094,119209900
2017-04-25,205.77041834716968,206.66991752867415,205.68392220391834,206.32395935058594,76698300
2017-04-26,206.28933907936556,207.17154951947384,206.15096373769677,206.19419860839844,84702500
2017-04-27,206.51418983204485,206.66986701489674,205.83090478075857,206.36715698242188,57410300
2017-04-28,206.6266222370468,206.65256843460105,205.7876599895779,205.9174041748047,63532800
2017-05-01,206.4363250732422,206.86013492902634,206.02117274759829,206.4363250732422,66882500
2017-05-02,206.57474266484968,206.69582932677102,206.1076978824263,206.5142059326172,57375700
2017-05-03,206.51421282157696,206.60935328750722,205.588754362305,206.2633819580078,73137700
2017-05-04,206.5660888673445,206.6439274612729,205.65793234581244,206.5055389404297,61462700
2017-05-05,206.87748962303496,207.33589012408044,206.43637779177612,207.31858825683594,62001300
2017-05-08,207.3618199234985,207.50885278980158,206.86017139275205,207.2839813232422,48385700
2017-05-09,207.5434450706046,207.7423703261031,206.74771765369846,207.09368896484375,51363200
2017-05-10,207.05046951495123,207.4656219482422,206.8428866995768,207.4656219482422,54293800
2017-05-11,207.01586288180906,207.20614381507636,205.96067341458388,207.04180908203125,62358300
2017-05-12,206.79092596505467,207.08499162490673,206.427666056275,206.69578552246094,53912700
2017-05-15,207.11961833133617,207.95858054618077,207.10231646782097,207.83749389648438,61918900
2017-05-16,208.1316092876825,208.15755549042336,207.25805633467112,207.6472625732422,51241800
2017-05-17,207.64724366280345,207.64724366280345,203.90218810458956,203.96273803710938,172174100
2017-05-18,203.88492663738796,205.63204592794244,203.62545138473777,204.78443908691406,107047700
2017-05-19,205.268726412231,206.7823162173544,205.21683401621968,206.1163330078125,115011400
2017-05-22,206.62666576766244,207.32725284158846,206.55748469124688,207.1629180908203,61010600
2017-05-23,207.5348112360203,207.78564211492287,207.15424934903544,207.62130737304688,48341700
2017-05-24,207.85480369589155,208.2094061280343,207.51747673301352,208.10562133789062,46927700
2017-05-25,208.61594932157783,209.37707310415792,208.40837970629798,209.1002960205078,64071700
2017-05-26,208.90997604809624,209.22134361030675,208.83213745690742,209.05702209472656,46629900
2017-05-30,208.73696245907712,209.12616854806876,208.5812853024617,208.87535095214844,35201900
2017-05-31,209.16945969341108,209.20406342253426,208.13157217646426,208.82350158691406,91796000
2017-06-01,209.28190858500193,210.5014327244796,208.9964871993291,210.484130859375,68962000
2017-06-02,210.53604147612447,211.34041330489234,210.24197573118028,211.18472290039062,88666100
2017-06-05,211.01170509458183,211.29712645256342,210.83006852224628,211.0290069580078,44698800
2017-06-06,210.46687556555,211.02041659427644,210.2765945996635,210.3544464111328,50375400
2017-06-07,210.69168365933325,210.96844747433232,210.02570052088976,210.7435760498047,54144300
2017-06-08,210.83873725835193,211.32308388038217,210.31978690763057,210.84738159179688,65950700
2017-06-09,211.11549039214944,211.91120454476018,209.26458692472863,210.52735900878906,132256400
2017-06-12,210.28520560176892,210.53602325723256,209.63652423363692,210.484130859375,86108100
2017-06-13,211.0203777650746,211.56527435779938,210.67441963482645,211.5133819580078,60067000
2017-06-14,211.78149355764182,211.79013789146447,210.42358089248344,211.24525451660156,78602300
2017-06-15,209.89598483832128,210.95983177720848,209.61922098575457,210.8387451171875,66464900
2017-06-16,210.99778680066592,211.0499322546097,210.00698339029083,210.88479614257812,84553100
2017-06-19,211.71045520387923,212.70125857570505,211.61485078809721,212.6404266357422,65123800
2017-06-20,212.28412717005747,212.29281365996601,211.18903265983135,211.20640563964844,56906400
2017-06-21,211.59748345778655,211.7104608526788,210.68489823948386,211.1542205810547,55977600
2017-06-22,211.1629284400103,211.65832352725792,210.8848016626108,211.05862426757812,44148100
2017-06-23,211.11944486480266,211.64091261892133,210.7370272213611,211.31065368652344,66986800
2017-06-26,211.97990513698605,212.39709532104865,211.24115571861205,211.44973754882812,56700500
2017-06-27,211.2324448471982,211.52795786080534,209.7288600990162,209.74624633789062,82247700
2017-06-28,210.76311067350048,211.82344573453494,210.52844287820562,211.62355041503906,70042600
2017-06-29,211.77132102248703,211.82346647947858,208.55555631046235,209.76364135742188,106949700
2017-06-30,210.57193157446784,210.94566280210128,209.96354578022047,210.15475463867188,86820700
2017-07-03,211.0934061863297,211.52796934909023,210.51109313964844,210.51109313964844,39153800
2017-07-05,210.8760950787334,211.2063540181552,210.06780081302975,210.99777221679688,54427600
2017-07-06,210.2329855748634,210.3546627410907,208.88583699475083,209.068359375,65400800
2017-07-07,209.64194027036658,210.57189842478374,209.0770002732185,210.4241485595703,57972300
2017-07-10,210.42419365296854,211.02389299205186,210.11999410763698,210.65016174316406,36663300
2017-07-11,210.6501650267731,210.8066146776675,209.32910242406086,210.4937286376953,50354600
2017-07-12,211.45842825120994,212.24063660467954,211.45842825120994,212.07550048828125,59610400
2017-07-13,212.0842090236191,212.54484491380276,211.85822769210736,212.43185424804688,39471600
2017-07-14,212.43188011754648,213.7790287344336,212.33627567991405,213.4226837158203,60262700
2017-07-17,213.34446098258874,213.72687872498506,213.2227838156278,213.3966064453125,33531900
2017-07-18,212.98807096128579,213.5616974536571,212.64911226339612,213.50955200195312,42742500
2017-07-19,213.82248890102755,214.6742290926207,213.81378914912898,214.66554260253906,51034300
2017-07-20,214.91756003256464,215.03923718954388,214.21356981991232,214.76112365722656,47135200
2017-07-21,214.1874828271371,214.59597324018205,213.9615015064993,214.5699005126953,82340800
2017-07-24,214.4916752404168,214.65681136046095,214.04842559857326,214.51776123046875,46622300
2017-07-25,215.26519841336034,215.36950258874876,214.81326227999904,215.0392303466797,54915600
2017-07-26,215.32603937745765,215.36079859402545,214.7871853188609,215.04791259765625,47575400
2017-07-27,215.50858225374023,215.54334147361757,213.52696191351524,214.84803771972656,70766600
2017-07-28,214.37005742866415,214.72640249563074,213.91812117291101,214.59603881835938,50088400
2017-07-31,214.9957873263703,215.09139175817583,214.26572435357318,214.4743194580078,65838700
2017-08-01,215.07402396682556,215.10878318749505,214.430865659001,214.9523468017578,55050400
2017-08-02,215.08268283502977,215.19567349587365,214.12663861669216,215.05661010742188,47211200
2017-08-03,214.94366690067366,214.96973963403775,214.36135375251345,214.6394805908203,40856000
2017-08-04,215.12613725672801,215.3607918002414,214.64811515765828,215.03053283691406,60191800
2017-08-07,215.1000846337351,215.4303436279297,214.9957804539439,215.4303436279297,31995000
2017-08-08,215.11745858993362,216.33424343971365,214.52645903629823,214.90017700195312,61719400
2017-08-09,214.21357724405223,214.94364021122985,213.85723224990033,214.89149475097656,62632600
2017-08-10,214.05714999118095,214.18752691726706,211.8061156426909,211.85826110839844,120479500
2017-08-11,212.08422263855766,212.762140152982,211.84955480300584,212.17112731933594,74869900
2017-08-14,213.4487314454998,214.491680385441,213.4139722276217,214.27439880371094,73291900
2017-08-15,214.65681195914163,214.6741981986198,213.94413528231837,214.24832153320312,55242700
2017-08-16,214.76982020562247,215.16962417546023,214.19619361221802,214.6220703125,56715500
2017-08-17,214.0137270563806,214.32661314574534,211.27597045898438,211.27597045898438,128490400
2017-08-18,211.1108015904025,212.23198209604297,210.50241575027266,210.9456787109375,136748000
2017-08-21,210.88476501122332,211.3714735252687,210.18077496327828,211.11073303222656,65469700
2017-08-22,211.6931125941719,213.47481101197403,211.67572635376834,213.31837463378906,63140100
2017-08-23,212.35363249443412,212.97940449734378,212.20588261344366,212.55352783203125,50203800
2017-08-24,212.93596411886358,213.09240050234038,211.8495561386653,212.0581512451172,50741700
2017-08-25,212.84902759401217,213.46611310809237,212.40577795104076,212.55352783203125,64445900
2017-08-28,213.08367786795816,213.10975059411498,212.14501994087084,212.5622100830078,40565600
2017-08-29,211.24984420711982,213.0663150587926,211.1368535401398,212.8055877685547,51135700
2017-08-30,212.7882037622832,214.0832067852587,212.6056813953853,213.8137664794922,62030800
2017-08-31,214.430836191857,215.34342143536554,213.84852317749608,215.10006713867188,103803900
2017-09-01,215.47378279149711,215.83012774424623,215.25650122447658,215.4042510986328,62007000
2017-09-05,214.9002184582473,215.126199840903,212.89253831989768,213.85726928710938,91398800
2017-09-06,214.53516532697782,214.9175830790108,214.0049976728988,214.58731079101562,57916900
2017-09-07,214.891429390133,214.90881562553457,214.15266689640274,214.5611572265625,58034700
2017-09-08,214.2743705912912,214.76977889807915,214.06578878785504,214.30914306640625,63832800
2017-09-11,215.57809645054567,216.67320415146062,215.56072347185696,216.59498596191406,71364800
2017-09-12,216.96002648847752,217.35981720404104,216.7775041101089,217.32505798339844,56896000
2017-09-13,217.03820188154188,217.46407850587528,216.92521122855646,217.42930603027344,59228000
2017-09-14,217.10777668488015,217.55972612475762,216.93395405779384,217.3598175048828,95446300
2017-09-15,217.21571546411664,217.73977127387886,217.11090696769054,217.65243530273438,95432400
2017-09-18,218.01923179186971,218.4646811341499,217.7309951606429,218.1153106689453,46235200
2017-09-19,218.35988131876667,218.42102848279805,218.01051083970842,218.33367919921875,47108100
2017-09-20,218.42103540568147,218.52584388719498,217.41657192320085,218.41229248046875,59574100
2017-09-21,218.25504699942346,218.34238294503282,217.65237166591905,217.82705688476562,48211400
2017-09-22,217.53014764359605,218.03674424025084,217.50394552028905,217.87078857421875,51214000
2017-09-25,217.61748127360232,217.96686512666057,216.68290778788798,217.42532348632812,57064400
2017-09-26,217.85328643262474,218.09784843533004,217.32048778509616,217.5563201904297,54082000
2017-09-27,218.25514232103114,218.787941134168,217.37295958998192,218.40362548828125,81001400
2017-09-28,218.1240620366598,218.74421000106764,218.03672607545622,218.6656036376953,44778800
2017-09-29,218.65691949537174,219.51290010764632,218.4735045981942,219.4342803955078,85578000
2017-10-02,219.66131981077575,220.3862762451172,219.48662123661734,220.3862762451172,59023000
2017-10-03,220.38628914782512,220.8841427959599,220.30766945379898,220.85794067382812,66810200
2017-10-04,220.70947739668037,221.3645571641749,220.59592597213907,221.1199951171875,55953600
2017-10-05,221.45186859770155,222.447589200853,221.15490233464226,222.4301300048828,63522800
2017-10-06,221.98461533953676,222.46500966891753,221.72259418499033,222.17677307128906,80646000
2017-10-09,222.4039128546295,222.46504669165515,221.5479325152339,221.80996704101562,35803100
2017-10-10,222.37777395454302,222.77081919113954,221.83623222660475,222.39523315429688,43057400
2017-10-11,222.29913560726172,222.74459838867188,222.13319325771235,222.74459838867188,47674300
2017-10-12,222.43017699506535,222.77954757510355,222.1768719960493,222.41270446777344,47065100
2017-10-13,222.84938156164074,222.96293297578225,222.41266175664202,222.6834259033203,54800400
2017-10-16,222.91052901548102,223.1725502367093,222.56988810025342,222.9803924560547,38221700
2017-10-17,222.92800395792347,223.18130892651027,222.70964403972255,223.13763427734375,31561000
2017-10-18,223.51318501846194,223.55685966334508,223.1638145146575,223.35597229003906,40888300
2017-10-19,222.5786196871285,223.45205930604234,222.15937240178653,223.4171142578125,61903800
2017-10-20,224.21193583581314,224.59625135770185,223.39963015043398,224.5700225830078,89176400
2017-10-23,224.89321349255337,224.91941561151043,223.617972622621,223.6965789794922,63915300
2017-10-24,224.1246056918486,224.32547973958586,223.73154721149646,224.08966064453125,66935900
2017-10-25,223.75775317683716,223.87130459112328,221.85366122188066,222.9803924560547,103715300
2017-10-26,223.5918279839053,223.86257882405025,223.14636521841157,223.26864624023438,69798000
2017-10-27,224.01104443027998,225.2513403305325,223.2773584004407,225.09410095214844,85562500
2017-10-30,224.01103797268954,224.99802890928333,223.95863373315882,224.25559997558594,54285700
2017-10-31,224.63118258968325,224.858285407945,224.30801421308635,224.60498046875,60304800
2017-11-01,225.38235477957573,225.72298235215794,224.5351173279343,224.90194702148438,54202700
2017-11-02,224.8320756098468,225.1290418553702,223.7664783028467,224.98928833007812,56449500
2017-11-03,225.14648888383707,225.7841093106653,224.7359712552437,225.74044799804688,59589700
2017-11-06,225.60942075481384,226.2208390901341,225.53955732047456,226.08982849121094,49652600
2017-11-07,226.19459255753182,226.52650377980652,225.4259616544228,225.9325714111328,57502200
2017-11-08,225.75792233683754,226.41300200160703,225.47841528260687,226.31690979003906,50469600
2017-11-09,225.1115189286519,225.68799206155296,223.91488470498115,225.49583435058594,95085500
2017-11-10,225.11164563856462,225.60076978629652,224.79719345487018,225.4260711669922,59984700
2017-11-13,224.74476699576226,225.8627687451596,224.7098219443005,225.6356658935547,50228600
2017-11-14,224.83211094747693,225.2164265386195,224.05473683871833,225.1116180419922,61315200
2017-11-15,224.14207601909382,224.66614513383567,223.27737930569037,223.98486328125,80811500
2017-11-16,224.9281576360003,226.2558028958665,224.8844963178253,225.88894653320312,67777000
2017-11-17,225.5395802985394,225.86274869389405,225.1465218064658,225.22512817382812,75756800
2017-11-20,225.46967865833645,225.80156326810715,225.22509001652006,225.60940551757812,48075500
2017-11-21,226.3780416549843,227.2689669982189,225.57449224745827,227.0855255126953,69176800
2017-11-22,227.09427576911906,227.22528636639564,226.71870317183996,226.88465881347656,45033400
2017-11-24,227.37377301865303,227.513526534814,227.23401950249206,227.40869140625,27856500
2017-11-27,227.4524550718516,227.74942139680508,227.09434156536653,227.2952423095703,52274900
2017-11-28,227.75812937033317,229.62727634177566,227.6620371490641,229.60107421875,98971700
2017-11-29,229.7320525704751,230.264864537519,229.01585242326902,229.46128845214844,77512100
2017-11-30,230.37841544790612,232.37857274930585,230.2998090900364,231.47021484375,127894400
2017-12-01,231.25183970097865,231.7322207413393,227.75808186488112,230.9897918701172,164390900
2017-12-04,232.60569136026692,233.03366822283851,230.65791150982508,230.71034240722656,94040600
2017-12-05,229.88052368164065,231.59245748583294,229.74951309935017,229.88052368164062,77994500
2017-12-06,229.97662909551735,230.3522283702102,229.46130294566018,229.92422485351562,75898600
2017-12-07,230.64920043945312,230.96362589938755,229.662209431446,230.64920043945312,77218600
2017-12-08,231.60122748092607,231.91565291517546,230.61423655354508,231.9069366455078,76563900
2017-12-11,232.605712890625,232.66686006386954,231.88076970373237,232.605712890625,83077500
2017-12-12,233.39177744765638,233.48786966002598,232.64063222031234,233.01620483398438,85195800
2017-12-13,233.2607543511489,233.69747410791436,232.9026409519702,232.989990234375,102905400
2017-12-14,233.28697607926028,233.40052749040524,231.9855596243915,232.0379638671875,100666700
2017-12-15,233.0396690986028,234.43553349269078,232.98699699252464,233.97024536132812,144610300
2017-12-18,235.36609217204557,235.80504421757664,235.26074796775922,235.45388793945312,83653600
2017-12-19,235.69975033749483,235.74363483481503,234.47945053044936,234.54969787597656,82382900
2017-12-20,235.5153197895893,235.56799189149214,234.1282431203036,234.42672729492188,76751500
2017-12-21,235.05009009619357,235.62074932777256,234.66381005859233,234.9096221923828,67032300
2017-12-22,234.92715268868957,234.96227635583207,234.31260907548216,234.84814453125,78720900
2017-12-26,234.44429552333253,234.78669100611233,234.3038544340734,234.5672149658203,45244400
2017-12-27,234.73397702859452,235.04124878849487,234.40915683354422,234.68130493164062,57751000
2017-12-28,235.1817292803327,235.20806533022463,234.795449354247,235.16415405273438,45116100
2017-12-29,235.74363881357894,235.7611872545007,234.0844136307907,234.27752685546875,96007400
2018-01-02,235.1378554585482,235.98942359604385,234.751575470931,235.9542999267578,86655700
2018-01-03,236.12110292886277,237.59600232641256,236.12110292886277,237.44674682617188,90070400
2018-01-04,238.08757744045107,238.93035778564,237.50815758078866,238.44749450683594,80636400
2018-01-05,239.2376944978411,240.1594832389474,238.74607026371623,240.03659057617188,83524000
2018-01-08,239.9399285214409,240.6334801496035,239.6502320036782,240.4754638671875,57319200
2018-01-09,240.89690172182273,241.64312563339757,240.6159659541577,241.0198211669922,57254000
2018-01-10,240.2647516047838,240.91441875952185,239.59756280712446,240.65103149414062,69574300
2018-01-11,241.20416646404138,242.40689086914062,241.0373625313552,242.40689086914062,62361500
2018-01-12,242.67031094880144,244.15394452208946,242.37179991942867,243.98716735839844,90816100
2018-01-16,245.2425689643196,245.89220956615077,242.45960057454664,243.1531524658203,106555100
2018-01-17,244.08371774989664,245.85707469136239,243.15314138747772,245.47079467773438,113258800
2018-01-18,245.35669651890993,245.7780734245086,244.56656123788784,245.05821228027344,100728000
2018-01-19,245.6375450366647,246.17308044433594,245.05815193414344,246.17308044433594,140920100
2018-01-22,245.96235907082655,248.17466735839844,245.9096601861562,248.17466735839844,91322400
2018-01-23,248.21861368775413,248.99117363539048,247.89379343511357,248.70147705078125,97084700
2018-01-24,249.34229457344156,249.93928967925865,247.42847020558543,248.6048583984375,134816100
2018-01-25,249.46521648794092,249.5617730729087,247.92009679641455,248.710205078125,84587300
2018-01-26,249.54427764501574,251.63369400129739,249.28967791641975,251.58978271484375,107743100
2018-01-29,251.01905651431508,251.45800846574423,249.76366036318794,249.9216766357422,90118300
2018-01-30,248.0957738388967,249.97447521002843,246.88426155330453,247.35833740234375,131796400
2018-01-31,248.2098613943564,248.71024642133222,246.41014172914782,247.48118591308594,108364800
2018-02-01,246.75246726177753,248.49948753204228,246.41007186467925,247.20018005371094,90102500
2018-02-02,245.88333751606618,246.01504454765396,241.7835408895909,241.81866455078125,173174800
2018-02-05,240.0629426086258,242.16990757960036,231.16098010750332,231.7052764892578,294681800
2018-02-06,228.20241370210414,236.7707670349998,227.11382109691172,236.27035522460938,355026800
2018-02-07,235.71735744032244,239.10605593875323,234.90967351482837,234.98870849609375,167376100
2018-02-08,235.28713497845715,235.42760287843112,226.13936058005805,226.1744842529297,246449500
2018-02-09,228.95735588832179,231.42426402168795,222.03948137455444,229.5718994140625,283565300
2018-02-12,231.61744087262778,234.4091964404118,229.71240386406902,232.94308471679688,143736000
2018-02-13,231.74034719721283,234.06678771243006,231.16092727411035,233.52249145507812,81223600
2018-02-14,232.0387713882642,237.03404658744557,232.02998377622166,236.67410278320312,120735700
2018-02-15,238.41245071551432,239.70297096491808,235.95430287347807,239.69418334960938,111200300
2018-02-16,239.07089448024806,241.70460725988548,239.02698319234702,239.76441955566406,160420100
2018-02-20,238.81629808944345,240.25607395574437,237.47310562466865,238.26321411132812,86369700
2018-02-21,238.7020848614056,241.17778049482195,236.98140057622757,237.0779571533203,98883700
2018-02-22,237.99981276687265,239.711709729396,236.7180802507282,237.38526916503906,110511300
2018-02-23,238.6055114138271,241.16897583007812,238.13143580038297,241.16897583007812,92766400
2018-02-26,242.2400107099597,244.06606578006836,241.65183011473735,243.969482421875,86491400
2018-02-27,244.15388299543363,244.86500992560363,240.8617428010588,240.92320251464844,99099200
2018-02-28,242.02071171331724,242.46845159193248,238.16672480099788,238.48275756835938,121907800
2018-03-01,238.2719705350681,239.8170904251165,233.52250582934735,235.01495361328125,176855100
2018-03-02,233.34691584624574,236.78831195402194,232.48658691293335,236.2264404296875,139083200
2018-03-05,235.041236149635,239.57122378460642,234.9358651698893,238.95668029785156,97307400
2018-03-06,239.9312506039078,240.0102855727528,238.0700976494251,239.5625457763672,79213200
2018-03-07,237.4028145444429,239.82581139761658,237.2096745902801,239.4746551513672,87063500
2018-03-08,240.1506510839523,240.75640704428025,239.15864197545773,240.63351440429688,66901200
2018-03-09,242.0381499475418,244.8210906982422,241.72209056756208,244.8210906982422,113625300
2018-03-12,245.11077368566734,245.7340779380159,244.12749883651864,244.51377868652344,71924800
2018-03-13,245.67268078019714,246.17309254848522,242.32786829365196,242.93362426757812,91968900
2018-03-14,243.8905597991625,244.07491217662238,241.1339545863704,241.68701171875,105895100
2018-03-15,242.19612843214787,242.83698112256823,240.92315708044916,241.42356872558594,83433000
2018-03-16,241.9498248244349,242.73430164877234,241.63252649019114,241.68540954589844,100343700
2018-03-19,240.93625086908648,241.8617314494688,236.76712305431,238.41537475585938,109208400
2018-03-20,238.81197797211732,239.45542436621005,238.14209004943496,238.82080078125,59757300
2018-03-21,238.77669527306645,240.86565656743832,238.15089454536155,238.3624267578125,78709600
2018-03-22,236.14132741776228,236.98748341572107,232.1308487161802,232.40411376953125,148785900
2018-03-23,232.84478414512185,233.17090531261704,227.25655645235332,227.45046997070312,183534800
2018-03-26,231.0466640245638,233.95533970718193,228.6492001841799,233.67327880859375,141956100
2018-03-27,234.60762172890932,235.13645231917573,228.1467967301256,229.69810485839844,129941400
2018-03-28,229.8303276361625,231.49622480159888,227.91763387941825,229.0194091796875,146452300
2018-03-29,230.15647280673,233.80556589293712,229.02825585763088,231.9457550048828,111601600
2018-04-02,231.41685743848606,231.92809620608446,224.4712755675117,226.9392547607422,186286300
2018-04-03,228.17319250128392,230.32385946643203,226.38391096621766,229.84788513183594,119956900
2018-04-04,226.30464403356794,233.01223907187764,226.17243637884116,232.30711364746094,123715300
2018-04-05,234.0611056703616,235.02187728674107,232.97697612149102,234.1404571533203,82652600
2018-04-06,232.18373580132868,233.67331128789823,227.40642617564995,228.92247009277344,179521200
2018-04-09,230.37681089226027,233.43534029483922,229.11638636610888,230.05068969726562,105442900
2018-04-10,232.93290306078362,234.4930340065151,231.79589038705828,233.70855712890625,103529000
2018-04-11,232.22776380815478,234.14045733463442,232.15726203290197,232.48338317871094,91140200
2018-04-12,233.80552068394104,235.3391831575739,233.6292258920898,234.39605712890625,68890500
2018-04-13,235.7005753585113,235.81516428659432,232.70375210342695,233.70855712890625,85079200
2018-04-16,235.33919382812687,236.39690882957498,234.51947949635002,235.6300506591797,63405300
2018-04-17,237.3928893273972,238.75028395961277,236.88167744967973,238.1509246826172,64682000
2018-04-18,238.5916400362949,239.12929345575915,237.86886900462565,238.3272247314453,57303900
2018-04-19,237.67494221124622,237.8776785328516,235.97380774780348,237.0050811767578,77655900
2018-04-20,236.93457291245892,237.15492797278438,234.1140173807684,234.9954376220703,99953100
2018-04-23,235.56837191092225,236.1236709422671,233.88485609641046,234.96018981933594,65558000
2018-04-24,235.98262893542974,236.20298397525707,230.2974581483618,231.79588317871094,112885500
2018-04-25,231.7341204615188,232.8094538680215,229.9183975306899,232.36874389648438,103840900
2018-04-26,233.3912690074155,235.559555230159,232.95055889473045,234.73101806640625,67731900
2018-04-27,235.33921256954207,235.6388922340953,234.01708216184804,234.95138549804688,57053600
2018-04-30,235.5684066465393,236.12370575976553,233.0739720424936,233.14450073242188,82182300
2018-05-01,232.58040146260402,233.66455826063844,231.02909291884416,233.5587921142578,74203400
2018-05-02,233.3647897889404,234.1756812019906,231.60194962289327,231.98977661132812,86368900
2018-05-03,231.16129352643733,232.13083432497558,228.33191503251203,231.4785919189453,136311500
2018-05-04,230.50899674677927,235.15409832989712,230.18287558263515,234.4753875732422,91222100
2018-05-07,235.24221997236103,236.23820207584941,234.55468648152564,235.26866149902344,55304900
2018-05-08,234.89845322694333,235.6300200638076,233.70853072952212,235.26866149902344,67499200
2018-05-09,235.93856383142008,237.86887631255698,235.41852911669892,237.54275512695312,59666100
2018-05-10,238.2831971756624,240.0901252067452,238.17743102727061,239.76397705078125,72063900
2018-05-11,239.88727092768787,240.75986812188881,239.37603226329256,240.49545288085938,59871500
2018-05-14,240.9273599609338,241.57960220851348,240.06355860426416,240.6100616455078,54790600
2018-05-15,239.3849054726918,239.40252419286875,238.00989213222624,238.95301818847656,87036100
2018-05-16,238.98826881675424,240.4161651346409,238.96180038979318,239.9578094482422,53942600
2018-05-17,239.69346684548864,240.8305066984586,238.9795184700651,239.7551727294922,56536400
2018-05-18,239.41133531592274,239.7727208029804,238.80315326438767,239.1557159423828,64368000
2018-05-21,240.63655903279187,241.4915377795711,240.2487319580376,240.953857421875,58025900
2018-05-22,241.47382746719947,241.72944681135456,239.9577839171706,240.28390502929688,52966400
2018-05-23,239.01472187827835,240.971475752457,238.85604580289476,240.94500732421875,64694200
2018-05-24,240.54840148842243,240.8216396115561,238.67097206902508,240.45143127441406,76043800
2018-05-25,239.8785400390625,240.50434094850192,239.37612398978206,239.8785400390625,56374800
2018-05-29,238.25674504247283,239.01478057026313,236.00913379265558,237.1197052001953,115908600
2018-05-30,238.42412164985015,240.7246150508308,238.35361988187896,240.28390502929688,69678400
2018-05-31,239.87847674018641,240.17815634870945,238.21260672533674,238.8119659423828,93519900
2018-06-01,240.10766305948604,241.45623479489305,240.03713438510212,241.15655517578125,71258400
2018-06-04,241.97630799995767,242.55804861167155,241.73833420831608,242.30242919921875,45385200
2018-06-05,242.4346573498942,242.85774880293667,241.66782594654146,242.47874450683594,51135000
2018-06-06,243.0868621885617,244.61170177943262,242.4698573456426,244.5059356689453,62732200
2018-06-07,244.99071562514888,245.28157240851118,243.57161534586987,244.47947692871094,72969400
2018-06-08,244.02121630582116,245.2551993504634,243.85374429631833,245.2023162841797,72139700
2018-06-11,245.42270675257052,246.24242129699317,245.30811779282647,245.52847290039062,58892500
2018-06-12,245.94269221780678,246.20710753428884,245.2023024328456,245.8457489013672,72329000
2018-06-13,246.08368408186067,246.3393034469007,244.85849721046816,245.0612335205078,79070600
2018-06-14,245.9251261155662,246.20716021388853,245.08776593618862,245.67832946777344,77097600
2018-06-15,244.89555787415404,245.7012550888403,243.78883538468264,245.36480712890625,120041600
2018-06-18,243.91279219287506,244.98411909558473,243.43470749636697,244.8601531982422,52917600
2018-06-19,242.59354872798747,244.14296007935235,242.17742002712302,243.92161560058594,97531500
2018-06-20,244.60341697386283,245.00184795767245,244.0013663037661,244.3378143310547,53785500
2018-06-21,244.32895813740058,244.34668299377168,242.31029694175825,242.8061065673828,71061400
2018-06-22,244.06335437668065,244.17845786417627,243.02745000881802,243.24879455566406,54898500
2018-06-25,242.09788662449515,242.25724826151045,238.2553473764694,239.93756103515625,137854200
2018-06-26,240.50412691413,241.31865965839233,239.7515501037426,240.4687042236328,68547400
2018-06-27,241.0531081863732,242.47855430114694,238.32612785087287,238.47665405273438,105110700
2018-06-28,238.42346234970134,240.60148478447195,237.71514369883715,239.84007263183594,76650500
2018-06-29,240.9290475001636,242.2925371316784,240.07022979337452,240.18533325195312,97592500
2018-07-02,238.61828121441778,240.85828692224064,238.3792118140002,240.6988983154297,63554800
2018-07-03,241.59310330365744,241.69050893899274,239.42394330078528,239.84890747070312,42187100
2018-07-05,240.9733724606823,241.86758597984274,239.90204549181354,241.80560302734375,56925900
2018-07-06,241.83219950579445,244.22270428564602,241.4514663685335,243.85086059570312,66493700
2018-07-09,244.85136471793945,246.09975139725194,244.80710660957607,246.046630859375,50550400
2018-07-10,246.49810394762574,247.02933617681353,246.20591406275534,246.9319305419922,51966800
2018-07-11,245.38251487407948,246.1705142878191,244.82472239371876,245.12574768066406,77054700
2018-07-12,246.38308537516556,247.40126507051315,245.78103458378126,247.34814453125,60124700
2018-07-13,247.17109444348375,247.8439636395255,246.7195428230264,247.54293823242188,48216000
2018-07-16,247.5871628642055,247.72879959326502,246.87884412092146,247.321533203125,48201000
2018-07-17,246.55121965832532,248.71154420050541,246.4980991384023,248.3219757080078,52315500
2018-07-18,248.40165608107782,248.9505861324455,247.9589670693822,248.84434509277344,44593500
2018-07-19,248.18030302892774,248.5610090811737,247.4277263310422,247.9058380126953,61412100
2018-07-20,247.70225464991242,248.33089263963382,247.46321225779238,247.62257385253906,82337700
2018-07-23,247.41895887666095,248.2866122554626,247.0736483951872,248.08299255371094,47047600
2018-07-24,249.49067214292117,250.17240347028664,248.4636304289784,249.33128356933594,68026900
2018-07-25,249.08346445678782,251.77502204570084,249.0392063497694,251.456298828125,78882900
2018-07-26,250.73909822087222,251.54476854513118,250.64169257599485,250.863037109375,57919500
2018-07-27,251.1906436131456,251.28804926613427,248.24234607162958,249.16314697265625,76768700
2018-07-30,249.24280576177932,249.40216734030946,247.3392211685941,247.8616180419922,63742500
2018-07-31,248.62307858662624,249.69437876553906,248.24237240183263,249.08346557617188,68570500
2018-08-01,249.28710347754523,249.79177557602364,248.02101903646468,248.66732788085938,53853300
2018-08-02,247.36580775888575,250.19013912469651,247.1621610627142,250.02194213867188,63426400
2018-08-03,250.14587016215646,251.14635172489284,249.96878373668994,251.09323120117188,53935400
2018-08-06,251.1286143607923,252.32385297597003,250.73904590176275,252.0139923095703,39400900
2018-08-07,252.67800972347698,253.22693969372204,252.54518142392368,252.84620666503906,43196600
2018-08-08,252.6780800759013,253.13846698115805,252.27964910548545,252.7400360107422,42114600
2018-08-09,252.80205708931322,253.19162569081698,252.261989312447,252.39479064941406,35717000
2018-08-10,250.96042626495432,251.5004939215106,249.99534038558284,250.7036590576172,77076000
2018-08-13,250.97816157511463,251.58907469989234,249.47300781443937,249.76519775390625,65732900
2018-08-14,250.49118768395763,251.59791032549649,250.1016191525683,251.3588409423828,43842000
2018-08-15,250.01305901813416,250.15472274901578,248.0475186589918,249.48182678222656,102925400
2018-08-16,250.91618119228193,252.36821443698148,250.88075849812859,251.5005340576172,69967900
2018-08-17,251.29682433852633,252.82853799635836,250.889558026464,252.38584899902344,65618500
2018-08-20,252.83742114482646,253.19156696780135,252.38586968426674,252.92596435546875,39807500
2018-08-21,253.4395147594175,254.37801350839973,252.9614029564797,253.51919555664062,67272000
2018-08-22,253.1119156264762,253.891052739408,252.8462859636508,253.36868286132812,44993300
2018-08-23,253.19160341162674,254.0504213412442,252.71349162101544,253.03224182128906,49204900
2018-08-24,253.6077231096326,254.69674797691286,253.55460258143327,254.55508422851562,57487400
2018-08-27,255.75035100152513,256.6711519566475,255.5909893995617,256.5649108886719,57072400
2018-08-28,257.0253248860289,257.13159298478024,256.2284897728139,256.68890380859375,46943500
2018-08-29,256.9013321766645,258.3002177918885,256.6622897986318,258.0700378417969,61485500
2018-08-30,257.5919235454238,257.96376724094705,256.4320803195823,257.0252685546875,61229500
2018-08-31,256.61792892076545,257.4767465699944,256.13098188051356,257.0340576171875,66140800
2018-09-04,256.61799092686505,256.94557650796173,255.59094906584016,256.5914306640625,57594400
2018-09-05,256.23725057590366,256.4408972432379,254.8914857411,255.9008026123047,72452400
2018-09-06,256.007069863912,256.3080951728007,254.1035123702836,255.13055419921875,65909900
2018-09-07,254.08582026001167,255.608671693143,253.84675087727635,254.63475036621094,73524800
2018-09-10,255.6440968788717,255.90972655484634,254.8826845841951,255.0774688720703,50210900
2018-09-11,254.43111974684635,256.36123766786574,254.0858363116095,255.91854858398438,50530500
2018-09-12,255.92736349015473,256.58253456637283,255.1925116359852,255.98048400878906,59810800
2018-09-13,257.04304329604304,257.68051677454054,256.759715745688,257.49456787109375,51034200
2018-09-14,257.69824102558806,257.8841629284876,256.75974206100244,257.53887939453125,55079900
2018-09-17,257.48566226721647,257.52105793665976,255.90082792279205,256.17529296875,68244000
2018-09-18,256.38773979012984,258.15849572409456,256.36117953190404,257.5653076171875,61930400
2018-09-19,257.6184077230567,258.2558808895619,257.4944418480969,257.8397521972656,49080600
2018-09-20,259.0970906351815,260.2480714927518,257.8575395336768,259.9293212890625,100360600
2018-09-21,260.6702248801384,260.78584944072276,259.53181151286344,259.69189453125,105479700
2018-09-24,259.11374214506895,259.25604717756437,258.25103654562844,258.8291320800781,53409600
2018-09-25,259.28270927831363,259.38943125963567,258.3488647998379,258.5889892578125,44370000
2018-09-26,258.7313131778317,259.9141847464246,257.3972340300499,257.81524658203125,79739700
2018-09-27,258.2865870236804,259.6206660004718,258.0108795398294,258.5356140136719,59249500
2018-09-28,257.9130857394722,259.0604014939994,257.8775298349885,258.5623474121094,70091400
2018-10-01,259.7986373779872,260.5279407094553,258.7936535873556,259.460693359375,62078900
2018-10-02,259.3092956542969,260.020793366136,258.9357688552456,259.3092956542969,47258200
2018-10-03,260.358885266842,260.7768978308185,259.0959721701713,259.45172119140625,64694600
2018-10-04,258.97141213367536,259.02477312297555,255.840783146468,257.42388916015625,111545900
2018-10-05,257.64619471868883,258.1620265805854,254.56002466570538,255.98304748535156,105951700
2018-10-08,255.2982029949872,256.3387964047874,253.91966575395975,255.98304748535156,87742200
2018-10-09,255.6006521845047,256.9080235309674,255.04921007260296,255.60952758789062,74339000
2018-10-10,255.10260623888726,255.17377232722666,247.1426168317317,247.51614379882812,214731000
2018-10-11,246.43108606352877,248.04977526262698,240.4544104484742,242.06422424316406,274840500
2018-10-12,246.1553929525463,246.44000303227887,242.2420993529125,245.42611694335938,183186500
2018-10-15,245.07035032111582,246.39555418191674,243.95861759938708,244.0475616455078,102263700
2018-10-16,246.00420892011994,249.7574194733854,245.53283535702332,249.3838653564453,118255800
2018-10-17,249.4193811470977,250.05083752922465,246.857945441356,249.42828369140625,110626000
2018-10-18,248.49454458914414,249.09044539526639,244.55456951201742,245.82638549804688,134557500
2018-10-19,246.47553508012004,248.40548741105457,244.99915113163212,245.69287109375,139901600
2018-10-22,246.35994223177246,246.68010818995015,244.0564355596308,244.59007263183594,82415800
2018-10-23,240.9792119371778,244.4655907891369,238.89802425628625,243.34495544433594,146352700
2018-10-24,243.09584079161823,243.47829736383906,235.42046312583076,235.9718780517578,177806700
2018-10-25,237.8040269298721,241.7440002948675,236.78123848445856,240.20535278320312,138061500
2018-10-26,236.50558142545964,241.0236512105069,233.27710529716651,235.98081970214844,201574600
2018-10-29,239.06692370520128,240.35654414200332,231.1069360307844,234.67335510253906,160749100
2018-10-30,234.5044631035441,238.46221527012418,234.0152844254869,238.1509246826172,157116000
2018-10-31,240.71232751034958,243.0069587045786,240.2409539924511,240.69454956054688,128296300
2018-11-01,241.55728117758088,243.4516779994685,240.47222900054206,243.25601196289062,99495000
2018-11-02,244.35883203457692,244.78574713551563,239.76959648164814,241.81520080566406,122634100
2018-11-05,242.3043795007196,243.70072235454933,241.3349517957428,243.14930725097656,65622500
2018-11-06,243.08695198751172,244.8479186355636,243.02468846268695,244.68783569335938,60085900
2018-11-07,246.8580138331892,250.0064483555935,246.43109871665462,249.92640686035156,102752100
2018-11-08,249.12595045751826,250.11318323351344,248.33441086918774,249.4728240966797,65584900
2018-11-09,248.165399233387,248.35216271227114,245.6306434523214,247.035888671875,98812600
2018-11-12,246.52889591785222,246.7690203554735,241.90407807858057,242.41993713378906,99673600
2018-11-13,242.88240555311336,244.8746213934451,241.24593866399726,241.96633911132812,98176600
2018-11-14,243.83406416161853,244.23427156850525,238.75567780247712,240.31210327148438,125335900
2018-11-15,239.04914185232997,243.2826274347736,237.4749385755685,242.82012939453125,135101400
2018-11-16,241.72627930015418,244.35885481323828,241.21042011236045,243.45169067382812,126668000
2018-11-19,242.84684454276717,243.1403571320243,238.41771948586543,239.3337860107422,103061700
2018-11-20,236.00746255389294,237.46606866293442,234.0419270384769,234.90463256835938,136021300
2018-11-21,236.45217444737756,237.599490110918,235.69621797932788,235.70509338378906,75563700
2018-11-23,234.06861109703652,235.527217228284,233.97079166091788,234.13087463378906,42807900
2018-11-26,236.3810366819656,238.13312838545468,235.98970462643132,237.91078186035156,79981400
2018-11-27,236.87903362796823,238.71116638183594,236.27425773952518,238.71116638183594,75502400
2018-11-28,239.7785158641876,244.2076416015625,238.64897806215677,244.2076416015625,127629600
2018-11-29,243.43376815232799,245.07023468954867,242.29535546809186,243.67391967773438,82346400
2018-11-30,243.5227586144501,245.71954294084406,243.20259270869448,245.1592254638672,98204200
2018-12-03,249.27715631925628,249.3838783176685,246.8135663828676,248.40554809570312,103176300
2018-12-04,247.57840882114908,248.00532392800807,240.04530733134203,240.35659790039062,177986000
2018-12-06,236.50556502661695,240.1075678957514,233.41049160957218,239.991943359375,204185400
2018-12-07,239.6539199512119,241.21924783980407,233.57942612220694,234.4154510498047,161018900
2018-12-10,234.23755696114154,235.8295653002673,230.01297399347905,234.86013793945312,151445900
2018-12-11,238.05305993563306,238.23982339583532,233.44604697126593,234.9135284423828,121504400
2018-12-12,237.88412573606539,239.24488552344042,236.01640930545526,236.09645080566406,97976700
2018-12-13,237.03916121383372,237.90186677142725,234.90464011376045,236.01637268066406,96662700
2018-12-14,233.87296422091924,234.82461387404103,231.10698644297347,231.6584014892578,116961100
2018-12-17,230.7067615302446,231.8184942160514,225.48606918040167,227.1136474609375,165492300
2018-12-18,228.75011653111562,229.41715610831534,225.26371106517817,226.86460876464844,134515100
2018-12-19,226.94463525802686,230.70673442492728,221.76841553795205,223.46713256835938,214992800
2018-12-20,222.22201009148066,223.78732473209402,217.58830256839778,219.82955932617188,252053400
2018-12-21,220.72860171340417,223.3855045339363,214.6812341608542,215.32533264160156,255345600
2018-12-24,213.8403873339039,215.45063398969825,209.57325075880746,209.6358642578125,147311600
2018-12-26,211.0940084996387,220.2276611328125,209.11698102314602,220.2276611328125,218485400
2018-12-27,216.998252335157,222.11523679176364,213.76881835848198,221.91844177246094,186267300
2018-12-28,223.26923912477056,224.89736734289866,220.46919984471873,221.6321563720703,153100200
2018-12-31,223.25131500932955,223.81490460672552,221.38164665156634,223.5733642578125,144299400
2019-01-02,220.04875178700226,224.7274143179528,220.02191548301792,223.8059844970703,126925200
2019-01-03,222.06154839494693,222.36571591269447,217.98226653551384,218.46534729003906,144140700
2019-01-04,221.48898887122783,226.42707273146465,221.11326702808634,225.78297424316406,142628800
2019-01-07,226.05135993790628,228.967685018204,225.1567801850317,227.56320190429688,103139100
2019-01-08,229.7459630162037,230.1842983290865,227.22324173305432,229.7012176513672,102512600
2019-01-09,230.40801446914548,231.61570288652675,229.1824442805459,230.77479553222656,95006600
2019-01-10,229.24502671919808,231.83930266140655,228.56513733970846,231.5888214111328,96823900
2019-01-11,230.5152680383381,231.70507421140275,229.9337967501892,231.67823791503906,73858100
2019-01-14,229.7817508142326,231.06994789059002,229.3792062906262,230.26483154296875,70908200
2019-01-15,230.6405836982719,233.2169780367859,230.63162916363206,232.90386962890625,85208300
2019-01-16,233.33319843854275,234.35303234522823,233.12746259100066,233.4674072265625,77636700
2019-01-17,232.59968415725848,236.09749417495806,232.5549387905483,235.23867797851562,96118400
2019-01-18,237.04572950918973,238.83488883956215,235.27445194397527,238.36968994140625,127900300
2019-01-22,236.90262700516908,237.11731741906,233.53899825203223,235.14923095703125,115531200
2019-01-23,236.17798861637877,236.87575967051836,233.181141246526,235.6412353515625,86030300
2019-01-24,235.46234089582398,236.34799345977734,234.451461356412,235.76649475097656,59204100
2019-01-25,237.60930774993875,238.5844236749442,235.86489366572147,237.7613983154297,96883400
2019-01-28,235.62335558879,236.0169455325683,234.19202263725006,235.954345703125,85613700
2019-01-29,236.0974797217171,236.6610419843488,234.8092828063201,235.6412353515625,66136300
2019-01-30,237.15308758964215,240.21253492262588,236.3926893728271,239.3716278076172,92473700
2019-01-31,239.30905486704737,241.957003473344,239.09433714733026,241.4739227294922,104012100
2019-02-01,241.67067307238622,242.60999803104392,240.80292976983338,241.5901641845703,85782500
2019-02-04,241.63487826698272,243.35248307999146,240.9639435791578,243.28985595703125,60744800
2019-02-05,243.7193579066822,244.61393783518994,243.2183953307509,244.30978393554688,79552800
2019-02-06,244.0324773122784,244.52448537491085,243.25419710755494,243.98773193359375,58347800
2019-02-07,242.37745713067275,242.9231377133348,240.00682608227083,241.66180419921875,95482000
2019-02-08,240.4182768919302,242.05534561170498,239.59525161560148,241.9569549560547,75788900
2019-02-11,242.61001223279428,242.8694206752519,241.56334202911273,242.0911407470703,68021400
2019-02-12,243.7013974255774,245.57999282836457,243.629815766185,245.20428466796875,72270200
2019-02-13,246.03627911704666,246.84139546981498,245.61582552276414,246.00048828125,65277200
2019-02-14,244.91806536618728,246.58199805028215,244.1039944428411,245.45481872558594,83234400
2019-02-15,247.22605856815875,248.16538373135367,247.0203226879647,248.1295928955078,97088700
2019-02-19,247.33335984756857,249.211955032135,247.3244053160837,248.55892944335938,59120800
2019-02-20,248.52319847147984,249.51619619142238,248.02223599489156,249.05995178222656,76610800
2019-02-21,248.42475181172213,248.78257817143526,247.21706395983918,248.1742706298828,64214700
2019-02-22,248.79159971921942,249.90982457999132,248.15645564241626,249.71304321289062,78114600
2019-02-25,251.13540926485206,251.65425356184153,249.97243908819044,250.05294799804688,69030700
2019-02-26,249.70397485816096,250.75061756253376,249.4982117494214,249.8739471435547,56844100
2019-02-27,249.15834287634237,250.1155497637619,248.2279995898932,249.7666778564453,56921600
2019-02-28,249.55194912316048,249.99031174685732,248.97943230298569,249.3014678955078,69268300
2019-03-01,250.87600555030397,251.26962291577038,249.42679038672932,250.85812377929688,78880500
2019-03-04,251.91361209504328,252.15513875053298,247.65540461039754,249.94552612304688,106494600
2019-03-05,250.07085083470344,250.26765948736204,249.0599712687937,249.60565185546875,59114600
2019-03-06,249.72193751100994,249.7308920448468,247.77176016313658,248.0937957763672,75039800
2019-03-07,247.646501244507,247.78963728117097,245.17747968817417,246.0183868408203,94885100
2019-03-08,244.1665398320347,245.69626318879477,243.70136830318856,245.5262908935547,85795800
2019-03-11,246.2419745530216,249.24774872320512,246.2151382586593,249.08673095703125,65098900
2019-03-12,249.64141454290714,250.54494879646793,249.453560445773,250.0260772705078,79667500
2019-03-13,250.91168968232336,252.6113854192015,250.75064461009535,251.68101501464844,80639200
2019-03-14,251.70788888521233,252.12834244134714,251.08169946783266,251.52003479003906,67518400
2019-03-15,252.07082946753658,253.57134263691682,251.88212050895183,252.76268005371094,81309000
2019-03-18,252.97832411741985,253.9756956908309,252.75369409159345,253.67916870117188,62199800
2019-03-19,254.73942165972792,255.5031417462448,252.8525241186721,253.74205017089844,90268100
2019-03-20,253.52648993504164,254.73050384084684,251.87321588136902,252.97837829589844,84609200
2019-03-21,252.16065840721987,256.2399193421347,252.11571595617374,255.83560180664062,79550400
2019-03-22,254.4789000838068,255.0000297509821,250.84887068471875,250.91177368164062,122659300
2019-03-25,250.5703229974843,251.75637623870716,249.46516070418787,250.72308349609375,85575200
2019-03-26,252.47513747029075,253.54437851241264,251.19026039300329,252.59194946289062,68125900
2019-03-27,252.58296505421913,253.1670250393392,249.72567779743594,251.27113342285156,72224700
2019-03-28,251.90013293967937,252.67284711720208,250.75002822896835,252.2235870361328,56238500
2019-03-29,253.73313183400046,254.1374494706387,252.60998158668255,253.81399536132812,82186800
2019-04-01,255.80879157086136,257.1206237936002,255.53921897451627,256.8240966796875,77617900
2019-04-02,257.0126405229433,257.1833614980266,256.15903564752676,256.9497375488281,40070400
2019-04-03,258.16281915464305,258.55817021900583,256.7521359213784,257.3541564941406,68243200
2019-04-04,257.67758476056383,258.2885718276397,256.9857341776094,258.0369873046875,48997500
2019-04-05,258.7020084774776,259.339950290705,258.4144753653563,259.2860412597656,58621700
2019-04-08,258.8636919237671,259.59149113940293,258.2077622637104,259.4836730957031,53566300
2019-04-09,258.522174565323,258.8456286022435,257.6056940400608,258.1537780761719,66142300
2019-04-10,258.567206187481,259.1243118700279,258.153894480387,259.0344543457031,52601500
2019-04-11,259.5196026050741,259.5285965825624,258.3964522455626,258.9625244140625,55093100
2019-04-12,260.5708025998839,260.99310810092373,259.0073865588941,260.7145690917969,69727800
2019-04-15,260.78647484201645,260.8853263154702,259.74418819639936,260.54388427734375,49596700
2019-04-16,261.4244075766626,261.4783165835482,260.12154259540137,260.7145690917969,52153200
2019-04-17,261.8287579409137,261.8557124477344,259.6633211574548,260.07666015625,58268300
2019-04-18,260.6607641724938,260.85843975022857,259.3668926492603,260.5888671875,68708500
2019-04-22,259.8251261729986,260.96623707797863,259.7352686592267,260.8134765625,40160100
2019-04-23,261.18190502726463,263.39228496883817,260.94830836776504,263.1586608886719,52246600
2019-04-24,263.0777235358863,263.410171605521,262.43078792825753,262.5745544433594,50392900
2019-04-25,262.47568374884355,263.06871029746924,261.22675508512435,262.41278076171875,57770900
2019-04-26,262.45776734051964,263.70669621419734,261.68502567610466,263.63482666015625,50916400
2019-04-29,263.7247025915081,264.56931386896713,263.6348450771833,264.04815673828125,57197700
2019-04-30,263.7066772500253,264.47042488251304,262.29602141570473,264.1828918457031,81111700
2019-05-01,264.8118094680611,265.0184789347916,262.18811906270474,262.1971130371094,71671900
2019-05-02,262.08039418261956,262.9969024366537,260.13958704666095,261.6311340332031,65030200
2019-05-03,263.1046927620058,264.4704336008856,261.7389245024655,264.19189453125,56543700
2019-05-06,259.89686135961114,263.54484968322805,259.5823739343374,263.1045837402344,107198100
2019-05-07,260.7056536173514,261.2986802923113,256.80607889473276,258.7109375,144729900
2019-05-08,258.3514099121094,260.05859213332144,257.7583835239863,258.3514099121094,91568300
2019-05-09,256.2849164466201,258.1717868559465,254.5507516890629,257.5697937011719,103471100
2019-05-10,256.6353379863347,259.6184316644171,253.65224430825242,258.8636779785156,112429300
2019-05-13,253.76005395912173,254.721449608434,251.52272030593628,252.35833740234375,127290500
2019-05-14,253.3736322842843,256.1680435914764,253.24785374984583,254.6405487060547,77003200
2019-05-15,253.01424507952993,256.7700521218785,252.80757560681195,256.1321105957031,73956400
2019-05-16,256.83298031022184,259.8609886388919,256.76111076781007,258.5042419433594,76749600
2019-05-17,256.2040905747572,259.3129631236966,256.18610261959776,256.8330383300781,100353000
2019-05-20,255.23365072213795,256.94083365080587,254.38903952425764,255.13482666015625,62877600
2019-05-21,256.8240135080661,257.8123911999107,256.57242895202023,257.4350280761719,46847100
2019-05-22,256.48259057914987,257.59674680267347,256.16810303909295,256.6443176269531,49482500
2019-05-23,254.42502580819826,254.46994085746962,252.0978613902415,253.508544921875,98733800
2019-05-24,254.94603703413463,255.35937594621558,253.4634846287027,254.08346557617188,55268100
2019-05-28,254.36203379085782,255.31446283570273,251.70242216113928,251.7203826904297,70029400
2019-05-29,250.60623972127644,251.01055730636347,248.62948456977267,250.0311737060547,104972900
2019-05-30,250.7859350955703,251.6215796387543,249.6178699191781,250.7140655517578,62523800
2019-05-31,248.17130752581056,248.99793081192303,247.30870833074238,247.33566284179688,86862800
2019-06-03,247.37156112390167,248.48571724890928,245.37684544872747,246.7066650390625,96428000
2019-06-04,248.99791717121533,252.1966469375377,248.54865706447725,252.06187438964844,77231900
2019-06-05,253.67912153430805,254.2721479827065,251.87311510850387,254.2451934814453,71169700
2019-06-06,254.54173673171888,256.57237327174454,253.89480123933046,255.8984832763672,69430400
2019-06-07,256.9138946222919,259.5375858798903,256.7431735770717,258.4593505859375,74272200
2019-06-10,260.0047577816279,261.3076228990596,259.5554977301904,259.6453552246094,60799100
2019-06-11,261.46048521931664,261.8288819340987,258.935644675684,259.58258056640625,58641300
2019-06-12,259.348806008108,259.90588397794284,258.61201308383846,259.1241760253906,47096300
2019-06-13,260.03175438157257,260.5529114811726,259.33090968470435,260.1934814453125,48945200
2019-06-14,259.9059753417969,260.5079685515309,259.1422276479497,259.9059753417969,52324700
2019-06-17,260.13950274162505,260.7684777152376,259.83400922950466,260.0047302246094,39205700
2019-06-18,261.819686538235,263.7784530378946,261.46025669701737,262.7271728515625,85434800
2019-06-19,262.86196705629305,263.85034436003326,261.89157769848856,263.3202209472656,78674400
2019-06-20,265.9980277298985,266.2406184037012,263.38332967400913,265.8362731933594,116570000
2019-06-21,265.5670566296167,266.8220594796023,265.23299171747703,265.4496765136719,83309500
2019-06-24,265.6574273212025,265.97341688825486,264.9712218644644,265.1247253417969,47582700
2019-06-25,265.17891396740316,265.2059995764725,262.41607162622273,262.5244140625,82028700
2019-06-26,263.418210537563,263.92382683504434,262.15416979385975,262.26251220703125,51584900
2019-06-27,263.0209840306274,263.6981517889475,262.6417855162231,263.1925354003906,40355200
2019-06-28,264.1675879780534,265.04339252576335,263.65296153358025,264.54681396484375,59350900
2019-07-01,267.8693936742107,268.0861060069671,265.747596702322,266.9484558105469,78705600
2019-07-02,266.9034220756254,267.6979700486466,266.06374060351243,267.643798828125,61504500
2019-07-03,268.32086133027957,269.80161425412496,268.17639561424454,269.7835388183594,40898900
2019-07-05,268.55574620144637,269.6392257975495,267.26461942981217,269.4766845703125,51677300
2019-07-08,268.16743147205943,269.2960442403786,267.4541404873554,267.9958801269531,45841800
2019-07-09,266.840222998623,268.6279282653834,266.7860517816925,268.3299865722656,41101300
2019-07-10,269.39537569112645,270.56011189882554,268.8626737180611,269.612060546875,58448500
2019-07-11,270.2530867910683,270.48781949375126,269.2418542299152,270.2440490722656,50826100
2019-07-12,270.73161735765416,271.52616509938144,270.4246380127178,271.45391845703125,40326000
2019-07-15,271.8873226456437,271.8873226456437,271.03860367732375,271.5442199707031,33900000
2019-07-16,271.45396719521267,271.66164188673037,270.3614776311971,270.66845703125,36650100
2019-07-17,270.6412948846412,270.8038084821164,268.82647705078125,268.82647705078125,36036300
2019-07-18,268.32991298102115,270.18986439626957,267.88750564607955,269.8106384277344,51392600
2019-07-19,270.90321089510843,270.9302965017042,268.1403688062337,268.3119201660156,58678600
2019-07-22,268.70916240503885,269.51274797837686,268.1945358876464,268.97100830078125,43638100
2019-07-23,270.0905766044497,270.8941345214844,269.25990553066293,270.8941345214844,44564500
2019-07-24,270.1357635765845,272.1672668457031,270.04546903159616,272.1672668457031,47213200
2019-07-25,271.71581505222247,271.76998626708985,270.06351033668966,270.8670959472656,55394100
2019-07-26,271.55327198811625,272.88052171662747,271.4268541311043,272.681884765625,45084100
2019-07-29,272.56458990519246,272.68197007942166,271.63461378772524,272.18536376953125,38126500
2019-07-30,270.7858119974368,271.9234625037329,270.4065859773304,271.51715087890625,45849000
2019-07-31,271.7608869474775,271.9505137105572,266.53317301954223,268.5466003417969,104245200
2019-08-01,268.70017713336995,271.6526186964665,265.4136429910856,266.20819091796875,142646600
2019-08-02,265.31430025667504,265.55807069993347,262.6507630499362,264.2037353515625,116749700
2019-08-05,260.11372490987765,260.22206736292844,254.36231674350026,256.2583923339844,178745400
2019-08-06,258.1454190061771,260.0685801265157,256.6737031233253,259.85186767578125,120711700
2019-08-07,256.7819852077057,260.7727722927134,254.6511774136103,260.00531005859375,140572300
2019-08-08,261.49509755220527,265.1066589355469,260.9443476671785,265.1066589355469,87713900
2019-08-09,264.1676091836573,264.76352003700896,261.5221474446139,263.30084228515625,93730000
2019-08-12,261.80202916869314,263.29179245654484,259.1475298322207,260.0955810546875,65527600
2019-08-13,259.79763351897674,265.58516336808646,259.4545308129541,264.1405334472656,94299800
2019-08-14,260.0956622781489,260.7005834580758,256.2042065871093,256.3305969238281,135622100
2019-08-15,257.21539563778583,257.9016010899172,254.9672075856533,257.0077209472656,99556600
2019-08-16,258.6599898772652,261.2332048589005,257.0618566167302,260.7998352050781,83018300
2019-08-19,263.8154737214388,264.6190316225491,263.13830611256157,263.9418640136719,53571800
2019-08-20,263.43622123692984,263.9689230625115,261.79298227907464,261.91937255859375,51596400
2019-08-21,264.077348056287,264.4204232030708,263.39114265467236,264.0502624511719,49524700
2019-08-22,264.75444001961625,265.3864464762261,262.19924593376106,263.9689025878906,51666400
2019-08-23,262.6688438924776,264.33015864750445,255.94230050225514,257.18829345703125,149161500
2019-08-26,259.37328982123614,260.03240966796875,257.84740299073746,260.03240966796875,72423800
2019-08-27,261.4229061159633,261.7930945034179,258.25375184938554,259.0121765136719,66668900
2019-08-28,258.35305014787957,260.9985121802663,257.5494645347921,260.83599853515625,59696700
2019-08-29,263.39109976527214,264.6912637071327,262.3888774311626,264.1675720214844,57899400
2019-08-30,265.64836826101157,265.66641614641384,263.12028660352104,264.0502624511719,62901200
2019-09-03,262.3527497186402,263.2646498673304,261.17897620499605,262.5062255859375,69101400
2019-09-04,264.67330502987176,265.50394876745247,263.9238905677633,265.48590087890625,46887300
2019-09-05,267.9687365404941,269.81061234095563,265.44966567154756,268.8987121582031,83258100
2019-09-06,269.21484582472306,269.7475478604389,268.5376780168426,269.1064758300781,49584300
2019-09-09,270.09050951827663,270.1807764689451,268.30277752000933,269.2417907714844,51260300
2019-09-10,268.4834677166774,269.24191987648885,267.22846442804376,269.1787109375,57947100
2019-09-11,269.4856603743414,271.1740607730114,268.83557827685104,271.0928039550781,68821100
2019-09-12,271.99573701990073,273.088226704919,271.23731237917514,272.0318603515625,72908700
2019-09-13,272.4742538818412,272.8263943509441,271.48106896722373,271.85125732421875,62104800
2019-09-16,270.7226651270901,271.89643922675583,270.37055218501104,271.0115966796875,58191200
2019-09-17,270.8129115165538,271.7880208906066,270.64136015983695,271.69775390625,41475500
2019-09-18,271.3095130844703,271.96863296095114,269.2780097922511,271.86029052734375,73375800
2019-09-19,272.2484746882701,273.2416593963996,271.5080981282079,271.8421630859375,76560500
2019-09-20,272.44456471804665,272.72577882239597,269.7687539692595,270.5578918457031,89565000
2019-09-23,269.89559997751627,271.21084760193804,269.6416243712935,270.4942626953125,43476800
2019-09-24,271.58285706656443,271.9728862505531,267.41037523617695,268.3718566894531,94869400
2019-09-25,268.4534446997761,270.4036179808236,266.97493260928337,269.95916748046875,71854000
2019-09-26,269.9682417151954,270.1768477756016,267.99085778219984,269.39678955078125,56179700
2019-09-27,270.14955226807103,270.25842267385457,266.3943398657859,267.9454040527344,84746600
2019-09-30,268.4624431933133,269.89558524708093,268.4171012837451,269.1880798339844,51662400
2019-10-01,270.06794415591315,270.72102824217234,265.76849006877796,265.9861755371094,88242400
2019-10-02,264.4079467960568,264.4170262525811,259.99964920337914,261.28765869140625,122539500
2019-10-03,261.0608737824399,263.4555248952082,258.3487738908161,263.4283142089844,85278800
2019-10-04,264.081418140647,267.2470481606347,264.02696908285304,266.9930725097656,65091200
2019-10-07,266.19480049123445,267.818445039267,265.5598476544299,265.8410339355469,59610500
2019-10-08,263.9907492254181,264.7254656083408,261.677729624761,261.7140197753906,95708100
2019-10-09,263.7275882237998,265.13351958206624,263.10171486269707,264.1992492675781,62359400
2019-10-10,264.1176347838915,266.86602454663546,263.954370682643,265.9861755371094,55296300
2019-10-11,268.73451185546395,270.9749499590257,268.61661737107397,268.74359130859375,98720400
2019-10-14,268.42614651152667,269.0973894531063,268.0996183355658,268.4443054199219,40394800
2019-10-15,269.48742469346604,271.84578529470946,269.3695025112143,271.10198974609375,46754500
2019-10-16,270.6394458056109,271.35603084525394,270.2312854776649,270.6666564941406,48928200
2019-10-17,271.82763155922663,272.3355827530061,270.77543903460804,271.4648132324219,45736600
2019-10-18,270.9296954952778,271.5737002063706,269.4239728965291,270.276611328125,64304000
2019-10-21,271.5918227015919,272.3083799212792,271.1564240881151,272.10882568359375,39048600
2019-10-22,272.6440336093649,272.93429940069217,271.12925918317654,271.219970703125,48594700
2019-10-23,270.9660114166438,272.0635461348605,270.75737767629226,272.0091247558594,34352200
2019-10-24,272.9433722970273,273.08850518920275,271.62812449255955,272.45355224609375,35453100
2019-10-25,271.8820684135941,274.1134552290327,271.82764704553614,273.5692138671875,45205400
2019-10-28,274.7846778376868,275.6101055167936,274.7574671529367,275.1112060546875,42147000
2019-10-29,274.83912723810425,275.95482078917917,274.7121255754735,275.02960205078125,44284900
2019-10-30,275.2290756919439,276.24497797030693,273.9229077108311,275.87310791015625,49643900
2019-10-31,275.8641227568858,275.8641227568858,273.68718460462867,275.1384582519531,69053800
2019-11-01,276.5807027657832,277.7326588147076,276.41741095435447,277.68731689453125,71141500
2019-11-04,279.2383466387265,279.37440006354313,278.4310501827038,278.8029479980469,60606900
2019-11-05,279.00251914201027,279.30186437599883,278.2043020930648,278.49456787109375,42933200
2019-11-06,278.4946046311865,278.8302123707764,277.61475540627197,278.55810546875,46487100
2019-11-07,279.89148638265715,280.8710989172841,279.06605853304166,279.5377197265625,54272300
2019-11-08,279.19298934454866,280.2814721535745,278.4945632788722,280.22705078125,49032100
2019-11-11,278.848365987301,279.86426864392786,278.71228485760133,279.6919250488281,35797300
2019-11-12,280.0546986848405,281.1794439203386,279.5104572968919,280.2814636230469,46484600
2019-11-13,279.2928497962224,280.7713620351493,279.0660847947005,280.37225341796875,53917700
2019-11-14,280.09104877139123,280.8620552625586,279.4560957360127,280.7803955078125,51219900
2019-11-15,282.1137105902836,282.8575062211695,281.4243640106054,282.8121643066406,62023600
2019-11-18,282.5763015670428,283.25659632840035,282.1227717261377,283.020751953125,49228000
2019-11-19,283.61947336896316,283.6285528256652,282.2951737101685,282.9391784667969,67804700
2019-11-20,282.3495416770167,282.86657234836355,280.3358680402715,281.8869323730469,79406200
2019-11-21,281.99581092576324,282.1046536636578,280.635221339549,281.43341064453125,54664700
2019-11-22,282.1772178522817,282.31327128023827,281.05247260615073,282.0592956542969,44850200
2019-11-25,282.9844712930347,284.2452697753906,282.9844712930347,284.2452697753906,48647200
2019-11-26,284.28162866852205,285.0707663027961,283.96415218727157,284.88934326171875,37569000
2019-11-27,285.37004499703744,286.1592102050781,285.15235952241426,286.1592102050781,44444600
2019-11-29,285.59683323960326,285.84175709981287,284.87119647744976,285.09796142578125,36592700
2019-12-02,285.3519574335292,285.41545826710006,282.24982822038623,282.6761474609375,75767800
2019-12-03,279.9640470918064,280.8620552625586,278.58532593769104,280.7803955078125,73941700
2019-12-04,281.82344036418806,283.11144954756696,281.47875327303325,282.5127868652344,49080000
2019-12-05,283.21125441681573,283.2293856451966,281.7145837968173,283.020751953125,40709000
2019-12-06,284.92572297042517,286.00512673721744,284.9166435111364,285.60601806640625,48927000
2019-12-09,285.21589807283027,285.88711349587976,284.63536648869166,284.70794677734375,34838500
2019-12-10,284.6534664265952,285.3156022560636,283.73732732073876,284.3904113769531,52649800
2019-12-11,284.84392633852576,285.4516684529647,284.3087644939141,285.19769287109375,53429100
2019-12-12,285.2068112141044,288.4359419435748,284.97099448527933,287.6558837890625,96389600
2019-12-13,287.4199981041912,289.05272214678655,286.64899183529326,287.82818603515625,81503900
2019-12-16,289.5515664116201,290.39512519551226,287.76465789365096,289.8055419921875,82749700
2019-12-17,290.1865254751517,290.4858429696505,289.78741702831144,289.8690490722656,61097700
2019-12-18,290.2591048310666,290.4858697567159,289.8327856635954,289.88720703125,48133000
2019-12-19,290.07766829054526,291.14801972745664,289.8236926929126,291.075439453125,85310500
2019-12-20,292.10543451333706,293.48183740439526,291.13013011229833,292.3515625,147142100
2019-12-23,293.13550600154747,293.1901949374519,292.65240185614937,292.7982482910156,52990000
2019-12-24,293.0261593313642,293.0717241770153,292.5065865675843,292.8074035644531,20270000
2019-12-26,293.1901298189452,294.37512140753176,293.1810335432235,294.3659973144531,30911200
2019-12-27,295.0952628094436,295.149951744562,293.7644523592922,294.2931213378906,42528800
2019-12-30,294.3751576532409,294.5118799794698,292.18748916413625,292.67059326171875,49729100
2019-12-31,292.1693441370268,293.62778090007464,291.82296227634913,293.38165283203125,57077300
2020-01-02,294.9130269972677,296.14358388648566,293.9923834001532,296.1253356933594,59151200
2020-01-03,292.74353546966336,295.00411329960116,292.68884653822107,293.8829345703125,77709700
2020-01-06,292.1328420420894,295.0861837981025,292.01434006994486,295.004150390625,55653900
2020-01-07,294.43897268463854,294.9129805533922,293.7279886988713,294.1746520996094,40496400
2020-01-08,294.3660894233574,296.95480128822834,294.1199891894408,295.74249267578125,68296000
2020-01-09,297.30119760730037,297.82077038824355,296.71781178644477,297.7478332519531,48473300
2020-01-10,298.3312381801406,298.4861809242892,296.42616567870095,296.8910217285156,53029300
2020-01-13,297.5108322451486,298.9418965712198,297.0824170116794,298.93280029296875,47086800
2020-01-14,298.4952101168568,299.5434516916106,297.9209485381816,298.47698974609375,62832800
2020-01-15,298.3858164658878,299.9080379561586,298.3037830757557,299.1514892578125,72056600
2020-01-16,300.5278990481638,301.63995361328125,300.30001924233943,301.63995361328125,54050300
2020-01-17,302.35097758583424,302.7884890679203,301.5761805798231,302.578857421875,95846000
2020-01-21,301.62175645504635,302.7885001455664,301.5488471444855,301.9863586425781,77742400
2020-01-22,302.84318902456715,303.49038781097767,301.8678844320141,302.0228271484375,48914900
2020-01-23,301.37570973553994,302.7794576149532,300.2636547848771,302.3692626953125,51963000
2020-01-24,303.025587123379,303.107620551751,298.39505183899183,299.6802978515625,87578400
2020-01-27,294.44817159472285,296.3532441968251,294.11091379771784,294.8765869140625,84062500
2020-01-28,296.298487210109,298.84163406721996,294.9676767051918,297.9665832519531,63834000
2020-01-29,299.32474201380455,299.5526218615138,297.5199236056963,297.720458984375,53888900
2020-01-30,295.6603946749964,298.89630496665,294.91296997027223,298.6866455078125,75491800
2020-01-31,298.0669434587732,298.22191404822803,292.3517249241394,293.26324462890625,113845600
2020-02-03,294.73979049796515,297.30115767312014,294.6212885304359,295.441650390625,69083000
2020-02-04,299.0421238964606,300.8104734483571,298.723086598825,299.94451904296875,62573200
2020-02-05,302.87059303020703,303.618045742721,301.4121839936726,303.40838623046875,65951100
2020-02-06,304.3654777307045,304.62070207645655,303.35367662683126,304.4292907714844,50359700
2020-02-07,303.3718697108561,304.4383317479117,302.25981501693957,302.8067321777344,64139400
2020-02-10,301.92253597033135,305.13107376686384,301.88606741089336,305.0672607421875,42070000
2020-02-11,306.41633961218275,307.2002328793031,305.0672809970112,305.5959777832031,54864500
2020-02-12,307.0269985310537,307.77445094789596,306.66239641614675,307.5648193359375,43992700
2020-02-13,306.1429208622096,308.202963799749,305.86947614367216,307.23675537109375,54501900
2020-02-14,307.64687895696886,307.84741430987003,306.4527909338537,307.7289123535156,64582200
2020-02-18,306.73540821888315,307.7927740817303,305.5504162851949,306.9359436035156,57226200
2020-02-19,307.9021788213364,309.07801894449966,307.61961000252654,308.40350341796875,48814700
2020-02-20,307.8565243216202,308.67691395841035,304.15575813081296,307.1364440917969,74163400
2020-02-21,305.7874255135602,306.0973387829116,303.1531209980254,303.9735107421875,113788200
2020-02-24,294.5482931508626,304.0463065249934,292.8163846197698,293.8919982910156,161088400
2020-02-25,295.2776038121276,295.8883062471929,284.11149089171784,284.9865417480469,218913200
2020-02-26,286.3810356553901,289.9632986856454,283.20896730624605,283.93817138671875,194773800
2020-02-27,278.4326260777627,283.99289834255785,271.1860656738281,271.1860656738281,284353500
2020-02-28,263.15560884540804,271.5324726677233,260.2752047841163,270.04669189453125,384975800
2020-03-02,271.82423989590694,281.80539019373504,268.40604154971504,281.7415771484375,238703600
2020-03-03,282.1153644586077,286.0713568612347,271.2409404465995,273.6746826171875,300139100
2020-03-04,279.0344056837957,285.3968231942587,276.4912579358449,285.17803955078125,176613400
2020-03-05,277.9951665598652,281.1763600202487,273.4649145191371,275.6981201171875,186366800
2020-03-06,267.21185726562237,272.343714991951,264.5502366862195,271.1405029296875,228667200
2020-03-09,250.94126219037892,259.04468244351574,249.25497367188592,249.96595764160156,309417300
2020-03-10,259.4548490211814,262.9915202948296,249.3005113667445,262.900390625,276444100
2020-03-11,255.863405781671,256.9936804902777,246.91228212827264,250.0843505859375,255316300
2020-03-12,233.34894558391483,243.06574485920348,225.7650981762707,226.1570587158203,392220700
2020-03-13,239.81167127714295,247.45933353297968,226.5308388762867,245.49044799804688,329566100
2020-03-16,219.84023822786799,234.16932404862888,216.35824141554718,218.6279296875,297240000
2020-03-17,223.35871400097514,233.5039435706242,216.0939169725968,230.43211364746094,262070500
2020-03-18,215.3464958667755,226.3941084737967,207.84469378879004,218.7646942138672,327597100
2020-03-19,218.08099810602204,225.49165465544974,211.6730183757266,219.22950744628906,289322000
2020-03-20,222.37076338943308,224.149511692918,209.50694631687315,209.78201293945312,347158800
2020-03-23,209.22269612416616,210.58883736917826,200.11807712080454,204.41824340820312,326025200
2020-03-24,214.9348561536564,223.81025556170377,214.3663954320049,222.939208984375,235494500
2020-03-25,224.5162352253458,235.04201992086357,219.82181757105965,226.27664184570312,299430300
2020-03-26,228.77971920189324,240.95586078896224,228.34878482606823,239.48887634277344,257632800
2020-03-27,232.21801874837786,239.13128235143066,230.18254563117415,232.3555450439453,224341200
2020-03-30,234.44610436485314,240.61669998293996,232.45647736735626,239.9015350341797,171369500
2020-03-31,238.90211266816877,241.44185872909284,234.922859122693,236.32568359375,194881100
2020-04-01,227.36774076850008,236.24314028710725,223.62687128450554,225.68984985351562,189554600
2020-04-02,224.80967193777292,231.67708998353663,224.2595386780604,230.8977508544922,177660400
2020-04-03,229.91664470662855,232.26386743063676,224.83713961830722,227.56027221679688,135561200
2020-04-06,236.40816732964865,244.80678550079665,227.5419457283824,242.8446502685547,188061200
2020-04-07,251.41744466183374,252.16929234238347,242.87215154323118,243.09219360351562,201427200
2020-04-08,245.6869025598369,253.05861796119237,243.20216816741404,251.2523651123047,153774500
2020-04-09,254.50730182899804,257.82642785185396,252.57270025574996,255.07579040527344,189999200
2020-04-13,254.10393966346695,254.443180523553,248.8502112627236,252.7469482421875,114839100
2020-04-14,257.6247736197147,261.21892505517496,252.60944238232008,260.2012023925781,134143400
2020-04-15,254.4982607416238,260.3387789369605,252.56363036130944,254.67247009277344,121775000
2020-04-16,255.94694057675252,256.7537991200917,252.83873321200886,255.90110778808594,131798300
2020-04-17,261.65899326176117,263.4193856745287,258.9266831445482,262.81427001953125,146684800
2020-04-20,259.1192277447229,262.95180422099605,257.9639789331066,258.18402099609375,100109300
2020-04-21,253.7280752057677,254.92918511748837,249.40955259580767,250.34478759765625,126385700
2020-04-22,255.2134480724144,257.64317347159806,253.89313917984944,255.90110778808594,92951600
2020-04-23,257.17543239680975,260.33867676205836,255.58007157656192,255.88262939453125,104709700
2020-04-24,257.3955098331214,260.1186421969253,255.35085912854342,259.4493103027344,85063200
2020-04-27,261.4207365053986,264.30890197435497,260.96229665378814,263.1903076171875,77896600
2020-04-28,266.8302527082662,267.17867138306195,261.67739457497856,261.97998046875,105270000
2020-04-29,267.2978148114988,270.36936598916276,266.27091449702925,268.8381652832031,118745600
2020-04-30,267.4628265283742,268.9390166066362,264.6021678699744,266.3350830078125,122901700
2020-05-01,261.5948274910563,266.5001372793607,258.1198471539412,259.2843017578125,125180000
2020-05-04,257.40466678621465,260.30200851871746,255.92850465269154,259.99945068359375,80873200
2020-05-05,262.8142792143297,265.2073206037957,260.12780177122573,262.40167236328125,79569900
2020-05-06,264.0979977435184,264.48307149149906,260.1920818426239,260.6230163574219,73632600
2020-05-07,263.8319800050877,265.6932435927499,263.26351939914133,263.7677917480469,75250400
2020-05-08,266.89447017023934,268.5998807173139,265.7666982281265,268.13226318359375,76452400
2020-05-11,266.20670188943353,269.5624830979567,265.7849452947577,268.1871643066406,79514200
2020-05-12,269.36994163003214,269.78252047171196,262.70421209592996,262.8417663574219,95870800
2020-05-13,262.2825114779081,263.31858964743844,255.7726623265701,258.1932373046875,144721100
2020-05-14,255.76344816859944,261.4113990670636,250.29882832927197,261.2830505371094,121977900
2020-05-15,258.89925085277906,262.53008571070245,257.954866120157,262.4842529296875,111146300
2020-05-18,268.6914747602291,272.08393945209053,268.3705893815132,270.4794006347656,119703800
2020-05-19,269.8834715117107,271.58885385664627,267.68296642946405,267.7012939453125,95189300
2020-05-20,271.2312398155431,273.1108311782877,271.00201999174817,272.24896240234375,85861700
2020-05-21,272.1205662355428,272.92742435106703,269.2782353216481,270.36932373046875,78293900
2020-05-22,270.0852537266281,271.0571439477778,268.8474605639345,270.8829345703125,63958200
2020-05-26,276.8333877387792,277.07178533427884,270.9011769612808,274.22027587890625,88951400
2020-05-27,277.0075509205538,278.3370370080894,272.1939349208289,278.30035400390625,104817400
2020-05-28,279.32730748503195,281.3352756373356,277.1176247426951,277.7869567871094,90405200
2020-05-29,277.3193394971249,279.61153803025144,274.577879005406,279.0247497558594,119090800
2020-06-01,278.38289544316814,280.7576095309241,277.86944526100126,280.1524658203125,55758300
2020-06-02,281.06934373149255,282.51802872321025,279.739885508997,282.47216796875,74267200
2020-06-03,284.4526057998422,287.1849160018017,284.17755322085765,286.2313537597656,92567600
2020-06-04,285.2502723891811,286.98318749531984,283.3890087460685,285.4794921875,75794400
2020-06-05,290.8616625425781,294.565835177491,290.7974742690629,292.7962646484375,150524700
2020-06-08,293.60310815038525,296.52795553104175,293.0621526886974,296.3354187011719,73641200
2020-06-09,293.67635110366086,296.4086607698084,292.81448255061196,294.1256408691406,77479200
2020-06-10,294.70338803982554,295.5927621739855,291.7693627776029,292.4845275878906,95000800
2020-06-11,285.5711603162795,286.2038091418731,275.07291127510564,275.6230163574219,209243600
2020-06-12,282.6188812960742,283.38905659074294,273.7801789307393,278.9238586425781,194678900
2020-06-15,273.24835223856235,282.6555425806839,272.07474788246594,281.52777099609375,135782700
2020-06-16,289.25708690915724,289.4037909524716,282.0962619316776,286.946533203125,137627500
2020-06-17,287.96438290239416,288.25779109004,285.0211792379168,285.75469970703125,83398900
2020-06-18,284.2417880969982,286.3414217497539,283.7833484028866,285.8646545410156,80828700
2020-06-19,289.32367329044104,289.5170574345226,282.28787417657315,284.23101806640625,135549600
2020-06-22,283.6322825514577,286.4502770307113,282.4903582303145,286.0542907714844,74649400
2020-06-23,288.6974262655169,289.6275587383942,286.966102816788,287.3713073730469,68471200
2020-06-24,285.3360276763805,285.95305250280444,278.20816137818287,280.040771484375,132813500
2020-06-25,279.469847494696,283.31007226818923,277.4530430466422,283.0429992675781,89468000
2020-06-26,281.9470509652658,282.1588713157659,275.7400992165521,276.32025146484375,127961000
2020-06-29,277.5727234684733,280.51963173893165,275.2888463730119,280.3815002441406,79773300
2020-06-30,279.9486930198918,285.6675903215087,279.792153347328,283.97308349609375,113394800
2020-07-01,285.0874590303027,287.2239870444669,284.6270018602195,285.9623107910156,72396500
2020-07-02,289.38803604130976,290.7325908541107,286.8739585501112,287.5370178222656,69344200
2020-07-06,291.3495847273951,292.5559799310515,290.6036465664798,291.9757995605469,61713800
2020-07-07,290.43791531370204,292.408657022588,288.5868688394488,288.9644470214844,82910000
2020-07-08,289.7288100254336,291.28515730964824,287.9698885921955,291.1746520996094,54638600
2020-07-09,291.7824392568342,292.0218859318801,286.109604655345,289.5169982910156,83354200
2020-07-10,289.45248660102106,292.74015643400605,288.0250810957527,292.47308349609375,57550400
2020-07-13,294.8123186633165,297.18826534712787,289.2868325014448,289.940673828125,102997500
2020-07-14,288.52246610391046,294.4715932767716,287.3252886428625,293.6980285644531,93657000
2020-07-15,296.9118582248771,297.49203848703377,294.0201750465289,296.3961486816406,87196500
2020-07-16,294.49906899438264,295.8712217355854,293.8544180117162,295.41998291015625,54622500
2020-07-17,296.42389995374253,297.059333070297,294.45312985797676,296.27655029296875,62774900
2020-07-20,296.0094126786261,299.4168060932532,295.2634745052949,298.6708679199219,56308800
2020-07-21,300.632423503006,301.0744442907489,298.3209200855165,299.3063049316406,57292200
2020-07-22,298.94714058873586,301.32311478404205,298.83663538971115,301.0099792480469,57792900
2020-07-23,300.6508750281461,301.35077884843804,296.0555219337203,297.41845703125,75738000
2020-07-24,295.5674004213925,296.5251308789289,294.00183516323403,295.5029296875,73766600
2020-07-27,296.193647698937,297.8328739008944,295.40164684860423,297.65789794921875,48293000
2020-07-28,296.93029101258077,298.04461717526414,295.4752592743561,295.76995849609375,57495000
2020-07-29,296.64488066256155,299.9693955729184,296.60803622504216,299.4076232910156,48454200
2020-07-30,296.44227447076116,298.7537780991364,294.36102749576685,298.33935546875,61861700
2020-07-31,300.12590663768805,300.7981840639859,295.9173223565921,300.6968688964844,84986800
2020-08-03,302.3545227663099,303.5516998495723,301.8111868221174,302.787353515625,53077900
2020-08-04,301.9309475225113,303.95697021484375,301.9309475225113,303.95697021484375,41917900
2020-08-05,305.2554476092795,306.10270108517585,304.98837460760626,305.8448181152344,42697700
2020-08-06,305.26466855525786,308.00897505925286,304.9423429439364,307.8892517089844,43679400
2020-08-07,306.92221206378724,308.3956800618827,306.0197062402385,308.1101989746094,57308300
2020-08-10,308.5614527808773,309.21529387333,306.62752769620295,309.0311279296875,44282100
2020-08-11,310.20997475019243,310.8454078392464,305.75275309496504,306.4802551269531,69601100
2020-08-12,308.91146746286313,311.52686046889016,308.88384116049235,310.7532958984375,53774400
2020-08-13,309.98892606516085,311.49923889521347,309.2706140885454,310.1915283203125,41816100
2020-08-14,309.8046363420722,310.73476833795564,309.07710652041897,310.20062255859375,47260400
2020-08-17,311.2136919707807,311.5820519648369,310.2098990427494,311.1860656738281,35481000
2020-08-18,311.5820463337453,312.28194998264934,309.98885496076423,311.85833740234375,38733900
2020-08-19,312.23591780968894,312.7516274630557,309.9981032669653,310.55987548828125,68054200
2020-08-20,308.83774337602864,312.0056901723592,308.70883001435334,311.5268249511719,42207800
2020-08-21,311.1953341258538,312.85296841916903,310.85457226958493,312.6319580078125,55106600
2020-08-24,315.0630871567319,315.87349595788055,312.60426256204136,315.7998352050781,48588700
2020-08-25,316.3616627587458,316.9878776871024,315.2013018413242,316.9049987792969,38463400
2020-08-26,317.49438668215004,320.3491982017806,316.95105067989545,320.0821533203125,50790200
2020-08-27,320.94779884525434,322.2278548973866,319.1243787139967,320.7820129394531,58034100
2020-08-28,321.804237442081,322.983006410203,320.61625033931085,322.85406494140625,48588900
2020-08-31,322.64226783208227,323.51711938437126,321.4542807471516,321.68450927734375,66099200
2020-09-01,322.51338733167165,324.8156730688066,321.62009934150035,324.7143859863281,54908700
2020-09-02,326.6206116646277,330.3779287745175,325.47865908576307,329.4109802246094,69540000
2020-09-03,327.72571683022153,328.19539204398836,315.4959779391516,318.0745544433594,148011100
2020-09-04,318.7559908966991,320.3215279500711,308.386489496312,315.4775390625,139156300
2020-09-08,310.0809875272591,315.54202965407626,306.55389879011744,306.8577880859375,114465300
2020-09-09,310.8545526760322,315.37624441716423,309.98889114735533,312.91741943359375,91462300
2020-09-10,314.7869442624126,315.4407855701406,306.5263415656927,307.4841003417969,90569500
2020-09-11,309.26141246287096,310.32045816888535,304.8225992871863,307.6405944824219,84680200
2020-09-14,310.7992781526269,313.46073328485505,307.78789928384793,311.69256591796875,65605700
2020-09-15,314.1422160421619,314.97103311859536,311.70179927663685,313.2673645019531,52920900
2020-09-16,314.5014007189514,315.92880641145365,311.74784829653964,312.0241394042969,82096000
2020-09-17,307.1801021515254,310.99269998077335,306.6551743743273,309.27978515625,91523300
2020-09-18,310.08326217502207,310.19420971929947,303.24122418442806,305.7191467285156,105877900
2020-09-21,301.142417821237,302.4645898682485,297.4717524188794,302.316650390625,99450800
2020-09-22,303.79599750028683,305.95030428150574,301.29030979270976,305.3955383300781,63612100
2020-09-23,305.95025977750316,306.22765682115056,297.8137877286705,298.3130798339844,93112200
2020-09-24,297.00024885781556,302.1595085374378,295.6873034004473,299.10833740234375,76681300
2020-09-25,298.257653382287,304.729857674503,297.3885547651494,303.9439697265625,71069400
2020-09-28,308.0954153354496,309.70421136202526,307.106085914168,308.9922790527344,64584600
2020-09-29,308.78884527571864,309.52851442541044,306.616028350716,307.3094787597656,51304000
2020-09-30,307.97516755399596,312.78310129067506,307.78100935569034,309.63946533203125,104081100
2020-10-01,312.2283039383906,313.19912304877136,309.7503816970542,311.6273193359375,88698700
2020-10-02,306.6900399805022,311.5996670640401,306.2184846303253,308.6686706542969,89431100
2020-10-05,310.7212700191764,314.3272066536649,310.675051276602,314.1423034667969,45713100
2020-10-06,314.28100446334764,316.3706109226611,309.1679640929143,309.6764831542969,90128900
2020-10-07,312.6258749568608,315.87123130943417,312.59813807421335,315.06683349609375,56999600
2020-10-08,316.99932011187576,317.9239207082548,316.08394633419226,317.85919189453125,45242500
2020-10-09,319.50498071538817,321.1600236881462,318.8855141153723,320.6977233886719,59528600
2020-10-12,323.2310413996827,327.3270142850216,322.7410043300661,325.8569030761719,80388500
2020-10-13,325.718262626604,325.8939389787219,322.7687847777624,323.7303771972656,73255500
2020-10-14,324.30360807019053,325.39462982999737,320.96581398724754,321.69622802734375,57727900
2020-10-15,317.79452227619373,321.7795493315503,317.25826624569703,321.29876708984375,60357700
2020-10-16,322.6485591089017,324.30360178414776,320.9288158479538,321.1044921875,89501900
2020-10-19,322.36195837394564,322.99067994136914,315.3257621196153,316.2226257324219,68425600
2020-10-20,317.5633355204922,320.72548220032826,316.8051844221268,317.4893798828125,60051900
2020-10-21,317.44313504454004,319.60672543903087,316.583263194965,316.8883972167969,63575000
2020-10-22,317.10091051192785,319.20899806410466,314.9650860794551,318.6264953613281,55399300
2020-10-23,319.84705846131055,319.9025322364598,317.258188232449,319.7083740234375,49143900
2020-10-26,316.333567187947,317.1194832403807,310.31440902526583,313.8001708984375,91473000
2020-10-27,314.14230712329396,314.475149793473,312.5057460118679,312.7184143066406,65994100
2020-10-28,307.0598897426626,312.7461782493359,301.54002258547484,302.0300598144531,127094300
2020-10-29,302.2612006889962,308.26184985459844,300.5784207406355,305.0997314453125,90597700
2020-10-30,303.5278632885841,304.8315534323046,298.27613900813606,301.9190673828125,120287300
2020-11-02,305.3031005859375,307.30021286282704,302.56626275236454,305.3031005859375,86068300
2020-11-03,308.53004104479305,312.7462184058877,305.38640399016305,310.693603515625,93294200
2020-11-04,315.15934752702685,321.70553558783416,313.9851149209246,317.6372985839844,126959700
2020-11-05,322.90752215223176,325.63510535784354,322.5561693903892,323.8321228027344,82039700
2020-11-06,323.54551039577217,325.0063952769409,321.4374219661164,323.7581787109375,74973000
2020-11-09,336.5268178489835,336.90590740925865,327.3640242503452,327.8263244628906,172304200
2020-11-10,326.83706430106344,328.39964160698554,324.08177251066513,327.3456115722656,85552000
2020-11-11,329.5276225136965,330.60016251209254,328.2886611922482,329.77728271484375,58649000
2020-11-12,328.7693621605395,329.8234200461745,324.77511031031923,326.57806396484375,67546200
2020-11-13,328.48282147525566,331.8391259274995,327.96504743366876,331.0994567871094,62892200
2020-11-16,333.762310414162,335.42658008620566,332.4771021299016,335.232421875,74541100
2020-11-17,332.82848911220765,334.63147162301595,331.3213855742676,333.4294738769531,66111000
2020-11-18,333.69749938477383,334.2430101786077,329.37960354615575,329.4165954589844,70591300
2020-11-19,328.7879967400085,331.1734540014024,327.44731451105605,330.8036193847656,59940900
2020-11-20,330.5446951604477,330.7481084092092,328.46434393216515,328.5382995605469,70417300
2020-11-23,330.341330114274,331.7652230633756,328.11303908751194,330.50775146484375,63230600
2020-11-24,333.0503479254816,336.37891546594994,332.1997312419318,335.8334045410156,62415900
2020-11-25,335.75017614636334,335.77791303204526,334.22459100072433,335.31561279296875,45330900
2020-11-27,336.4066780190502,336.7210388362217,335.24167223686067,336.24951171875,28514100
2020-11-30,335.4727353400609,335.7408773444086,332.0887228617469,334.76080322265625,83872700
2020-12-01,338.00618794494244,339.9570813197066,337.4144301223281,338.4222412109375,74231400
2020-12-02,337.3127825968703,339.2914131198718,336.73953476512753,339.1342468261719,45927000
2020-12-03,339.0324624961436,340.42861810719086,337.94144081350913,339.0417175292969,62882000
2020-12-04,339.6242931462519,341.9635314941406,339.53182744457604,341.9635314941406,50749900
2020-12-07,341.1960744141505,341.75084037057263,339.99410502237635,341.26080322265625,48944300
2020-12-08,339.99411677063375,342.8233922079248,339.9478980295718,342.2593994140625,42458900
2020-12-09,342.915836132159,343.0730024150456,338.35756246336115,339.189697265625,74098300
2020-12-10,337.8212640589187,340.1235101648178,336.9521373730438,339.0787353515625,57735400
2020-12-11,337.38674768616795,339.08800937588853,335.8704174000004,338.6811828613281,57698600
2020-12-14,340.84477647871296,341.9172883370529,336.98917958686485,337.16485595703125,69216200
2020-12-15,339.69826688785116,341.72314453125,338.3298760097503,341.72314453125,63865300
2020-12-16,341.93578357691985,343.17474493301853,341.05740176418556,342.2593994140625,58420500
2020-12-17,343.8959404400441,344.3767225815223,343.07303238358134,344.1733093261719,64119500
2020-12-18,344.4611087749372,344.62823947679175,340.7933577976849,342.79901123046875,136542300
2020-12-21,338.8898932592316,351.4159127548199,336.15997816972384,341.5733642578125,96386700
2020-12-22,341.8983367429737,342.0097572148125,339.87412260631737,340.9976501464844,47949000
2020-12-23,341.9633643931626,343.20760697353194,340.979112376798,341.3041076660156,46201400
2020-12-24,341.7776869993081,342.6598131310871,341.19272941054123,342.6319580078125,26457900
2020-12-28,345.1761449139129,345.9654111690172,344.5540377310399,345.575439453125,39000400
2020-12-29,347.09821664709926,347.27464186044676,344.3311518128284,344.9161376953125,53680500
2020-12-30,345.73319837345264,346.43889910302494,345.018231496331,345.408203125,49455300
2020-12-31,345.2133556254004,347.8875612122465,344.70266884239123,347.1632995605469,78520700
2021-01-04,348.4909711220461,348.6209805572402,338.7505780933009,342.4368896484375,110210800
2021-01-05,341.79632906873184,345.8819083591605,341.7498849648262,344.7955017089844,66426200
2021-01-06,343.291214067815,350.04173174075373,342.74337775337597,346.8568115234375,107997700
2021-01-07,349.2245372676321,352.75298437501374,349.0481120785787,352.0101623535156,68766800
2021-01-08,353.39367271496,354.22935455515557,350.153071336751,354.01580810546875,71677200
2021-01-11,350.84948394564515,353.38438462890787,350.7287689918053,351.62945556640625,51034700
2021-01-12,351.8152146876118,352.71587302635754,349.4659767403623,351.7037658691406,52547700
2021-01-13,351.6294468854472,353.6443664384586,350.84947528394184,352.6508483886719,45303600
2021-01-14,353.39375334288167,353.8951738961369,351.08169311224,351.41595458984375,49989100
2021-01-15,349.80019060400787,350.59872277357266,346.9960051899567,348.85308837890625,107160000
2021-01-19,351.3044700083426,352.13088573862603,349.82809207789774,351.5923156738281,51233300
2021-01-20,353.87657321374,357.2936287805517,353.4866015027723,356.45794677734375,61836100
2021-01-21,357.0149723281148,357.4421218924977,355.8635897422049,356.7828369140625,47840100
2021-01-22,354.93515564697935,356.6808190235605,354.5544500521419,355.5201416015625,52860500
2021-01-25,356.25356805531067,357.2749411455946,351.41584591793816,356.922119140625,70402000
2021-01-26,357.86925374578055,358.2778143535909,356.1328853310083,356.3650207519531,42665300
2021-01-27,353.05022197979747,353.14308184233016,345.4269004912862,347.6553955078125,123351100
2021-01-28,349.46599738570745,354.6379822958076,349.02960991918064,350.645263671875,94198100
2021-01-29,348.7881786860428,349.75387014169314,341.95409595375736,343.62548828125,126765100
2021-02-01,347.01462699809997,350.375943628793,343.9133009262217,349.34527587890625,75817600
2021-02-02,352.52090191367535,355.83580306474755,349.42887007201125,354.2851257324219,64450700
2021-02-03,355.11155700905664,356.28152883956943,353.29162286803046,354.563720703125,52427100
2021-02-04,355.59436662167684,358.63998265068375,354.6751192898168,358.59356689453125,47142600
2021-02-05,360.46004028043444,360.7107364362386,358.5472458971301,360.0050354003906,48669800
2021-02-08,361.4534777465929,362.6513046740329,360.59923510850524,362.6048889160156,38365200
2021-02-09,361.769153490128,362.95771418565323,361.3606211720995,362.3634338378906,35551100
2021-02-10,364.09983025590975,364.24840035419544,359.8099713889872,362.2055969238281,59154400
2021-02-11,363.2826227627068,363.7004778361302,360.36701674347415,362.7904968261719,42913300
2021-02-12,361.9920628197405,364.8241042599518,361.9177635996305,364.58270263671875,50593300
2021-02-16,365.80828939947554,366.0033035639086,363.5519398125603,364.26690673828125,50972400
2021-02-17,362.5212053578993,364.60112936749636,361.50907012935994,364.3504333496094,52290600
2021-02-18,361.7505784893111,363.54265727343494,360.0327705772848,362.7998352050781,59712800
2021-02-19,364.05335165745737,364.3411973179349,361.71340843442175,362.15911865234375,83241000
2021-02-22,359.4013597570989,361.77842431901905,359.1042196026477,359.3735046386719,67414200
2021-02-23,357.17294188013483,361.15639469065013,353.0316528102948,359.80999755859375,107284100
2021-02-24,358.72360131962074,364.2020215283774,357.7393491134109,363.7748718261719,72433900
2021-02-25,362.5120335653563,363.8769912428288,353.57017085547034,355.0093994140625,146670500
2021-02-26,356.88507715052293,358.0271655270358,351.2024053803291,353.18017578125,152701600
2021-03-01,358.0363693607086,362.9855121953321,353.37510050582176,361.7412414550781,105348800
2021-03-02,361.9641644974679,362.19629994312015,358.41712808705853,358.9185485839844,79595300
2021-03-03,358.22215187611573,359.18781495345684,354.06227437694446,354.1644287109375,119940200
2021-03-04,353.97876827034526,356.5601137940259,345.3061897362982,349.7817687988281,183433000
2021-03-05,353.27297148908974,357.26571784913307,346.01179684391315,356.2164611816406,152039600
2021-03-08,357.1728776946545,359.9770636155982,354.1644114525265,354.4429626464844,123149200
2021-03-09,358.277918893154,362.0477969623382,357.7764983032908,359.50360107421875,113633600
2021-03-10,361.8433957711477,363.43119404918576,360.43202267254077,361.7412414550781,109899400
2021-03-11,364.20202543159564,367.3776230858602,363.74702059931354,365.40911865234375,86245000
2021-03-12,364.0534253078508,366.04049021562264,363.2455983981242,365.9012145996094,64653600
2021-03-15,366.15192988889174,368.3433035974085,364.01629476654966,368.08331298828125,73427200
2021-03-16,368.6960999272851,369.40177242737843,366.84828247321997,367.6189880371094,73722500
2021-03-17,366.3375684287189,369.67102984650717,365.19545189698175,368.87249755859375,97959300
2021-03-18,366.2912103516865,368.371135091279,362.82773894437463,363.5055847167969,115349100
2021-03-19,363.20560482975657,364.7799824618673,360.6623728633488,362.8329772949219,113624500
2021-03-22,363.34534370663016,367.1089472702704,363.2894509967949,365.7301940917969,73778600
2021-03-23,365.0967422553669,366.54068471271836,362.0690971295922,362.85162353515625,90686600
2021-03-24,364.2489071923662,365.8791772373448,360.9604207531097,361.0069885253906,97588600
2021-03-25,359.5724734221165,363.829786798647,357.634764555162,363.0379638671875,116128600
2021-03-26,364.18370331754596,369.28878794295866,363.587505033435,368.8882141113281,114409100
2021-03-29,367.4163456691813,369.60557150137186,365.9351320456119,368.7019348144531,108107600
2021-03-30,367.4349664373488,368.39449575639236,366.1307275395253,367.7237548828125,76262200
2021-03-31,368.29209720243415,370.77011191473036,368.2641508437477,369.21435546875,112734200
2021-04-01,371.14265609357545,373.25736766767085,370.93770669938243,373.2014465332031,99682900
2021-04-05,375.8564594894642,379.0983784802134,375.7819453604423,378.55804443359375,91684800
2021-04-06,377.9991774130732,379.37790224132345,377.6637927050794,378.33453369140625,62021000
2021-04-07,378.16678511784755,379.1169894924743,377.7103185696919,378.7723083496094,55836300
2021-04-08,380.02068189018087,380.6262052108521,379.089098803099,380.5703125,57863100
2021-04-09,380.4491519037927,383.50474266034735,380.3280415787718,383.3370361328125,61104600
2021-04-12,382.74090909191403,383.74700629608895,382.1353857837753,383.47686767578125,56704900
2021-04-13,383.37441024740957,385.23757653606214,382.9924577466764,384.6134033203125,56551000
2021-04-14,384.585457098943,385.6381506011491,382.759562095724,383.2998962402344,61659900
2021-04-15,385.433112724498,387.687555926274,385.38654494981597,387.4173889160156,60229800
2021-04-16,388.70298586402646,389.31783402254797,387.28699001478793,388.7123107910156,82037300
2021-04-19,387.78069983654575,388.22784142524785,385.4796889791716,386.8025207519531,78498500
2021-04-20,385.5914957452918,386.6907567846418,382.4986335803177,383.9705505371094,81851800
2021-04-21,383.3557132219947,387.80867863656937,383.2159530341772,387.6037292480469,66793000
2021-04-22,387.43607511013636,388.2651692129653,383.00173084573123,384.063720703125,97582800
2021-04-23,384.62268347334305,389.6346047551007,384.54816933952253,388.2279052734375,73209200
2021-04-26,388.87997690212677,389.60661044348035,388.29307511302295,389.038330078125,52182400
2021-04-27,389.3365118024942,389.5321647196547,387.81802682554365,388.9545593261719,51303100
2021-04-28,389.2247259133634,390.34263698563,388.3769818956655,388.8427734375,51238900
2021-04-29,391.56296041556226,391.9355879172904,387.9484139465216,391.32073974609375,78544300
2021-04-30,389.057011063111,389.90475500080083,387.8552610382918,388.74957275390625,85527000
2021-05-03,390.73390277771705,391.1158552700201,389.0943358120596,389.58807373046875,68128300
2021-05-04,387.60376353614816,388.09750141176715,383.5048038327527,387.1845397949219,101591200
2021-05-05,388.82414902597037,389.0570447951,386.74670853065714,387.3056640625,60162200
2021-05-06,387.38015025282107,390.52890537303807,385.3772524687335,390.39849853515625,74321400
2021-05-07,391.16230418743106,393.89183488910896,390.482238528491,393.2397155761719,67733800
2021-05-10,393.59381081117,393.81738162988034,389.2246843410474,389.3457946777344,81852400
2021-05-11,384.8368673639602,386.85838615611584,382.00484764015937,385.87091064453125,116888000
2021-05-12,383.09488503627756,384.3618242624742,376.3595297518344,377.6730651855469,134811000
2021-05-13,379.21952621514686,384.13828367571983,379.17293000396353,382.20989990234375,106394000
2021-05-14,384.9394270681594,388.9266014154042,384.9114807136324,388.078857421875,82201600
2021-05-17,386.9703182241895,387.9019013257999,385.07917723544665,387.0914001464844,65129200
2021-05-18,387.352244805697,387.59446551118776,383.5979660188922,383.75634765625,59810200
2021-05-19,379.0797117393857,382.92712508894346,377.5984699667049,382.7501220703125,106467100
2021-05-20,383.62581816312553,388.1253793888649,383.50473626977606,386.86773681640625,78022200
2021-05-21,388.3490042918943,389.5880256140857,386.0945893314259,386.5510559082031,76578700
2021-05-24,388.7868254622032,391.56295289159766,388.544604797389,390.49163818359375,51376700
2021-05-25,391.5723104358726,391.92631656128196,389.047728204707,389.62530517578125,57451400
2021-05-26,390.21217056143115,390.90153289083105,389.1781270673312,390.39849853515625,43088600
2021-05-27,391.42328278237954,391.9356421143981,390.3239931202354,390.6034851074219,56707700
2021-05-28,392.16855054454425,392.42939268320663,391.0692892765859,391.30218505859375,58520200
2021-06-01,393.6590742965092,393.79880607447905,390.5196438229263,390.9574890136719,54216600
2021-06-02,391.60950638441597,392.41068247668926,390.6034093428114,391.5722351074219,49097100
2021-06-03,389.2619476298755,391.2555203916502,387.79935555163786,390.1189880371094,58138800
2021-06-04,391.9635773504691,393.985125124761,390.1842502722685,393.68701171875,55938800
2021-06-07,393.6776507018846,393.85465374362394,392.3734402072181,393.3050231933594,51555000
2021-06-08,394.1620869131879,394.2552509032389,391.5629906976117,393.3888854980469,47134300
2021-06-09,394.22732293544,394.30186550282065,392.5784311103021,392.802001953125,48436300
2021-06-10,394.0223758472598,395.5781321168516,392.70884027859677,394.6278991699219,51020100
2021-06-11,395.17753829078254,395.3917841957337,393.8919491424424,395.2799987792969,45570800
2021-06-14,395.3918091672138,396.2674995574854,394.1528161505777,396.1650390625,42358500
2021-06-15,396.31410594008616,396.35134879576736,394.56272511460134,395.43841552734375,51508500
2021-06-16,395.57807599910893,395.8016468115362,391.19032822728997,393.23046875,80386100
2021-06-17,392.82063411530976,394.07824847919915,390.63140827908353,393.10009765625,90949700
2021-06-18,389.82519114669236,390.51680887211063,387.591438170524,387.79705810546875,118676300
2021-06-21,389.5540649639203,393.53560087943845,388.7409408172673,393.3486633300781,72822000
2021-06-22,393.339353041914,396.28343417143736,392.61966911686017,395.45159912109375,57700300
2021-06-23,395.5264348867474,396.33020373335535,394.8908927490569,394.9750061035156,49445400
2021-06-24,397.1152589733079,397.73209014648296,396.8628904252522,397.3115234375,45110300
2021-06-25,398.05925946140326,399.17147241602134,397.73213297075046,398.72283935546875,58129500
2021-06-28,399.2462335097463,399.69483801915226,398.04990728021846,399.526611328125,53159600
2021-06-29,399.9098648962996,400.5454070483023,399.2088917373543,399.74163818359375,35970500
2021-06-30,399.2835916114196,400.7509687229313,399.2555538300446,400.0780334472656,64827900
2021-07-01,400.835038783346,402.4519600618117,400.76960779298105,402.2930603027344,53441000
2021-07-02,403.4519996550773,405.7231451451387,402.3771516575957,405.36798095703125,57697700
2021-07-06,405.4241415803903,405.6391169295271,401.9005937821132,404.62969970703125,68710400
2021-07-07,405.31199914635374,406.34009873848606,403.3025486160357,406.0596923828125,63549500
2021-07-08,400.75106621864916,403.50823898951415,399.57342206906736,402.7511901855469,97595200
2021-07-09,404.2558173257462,407.3494426746745,402.55478259875076,407.05035400390625,76238600
2021-07-12,406.9662573135737,408.76076088893643,406.5363351584208,408.5083923339844,52889600
2021-07-13,407.72319625327026,409.21861074335317,406.8539967421068,407.1156921386719,52911300
2021-07-14,408.80744158086895,409.2934677745335,406.48022038406873,407.7232666015625,64130400
2021-07-15,406.38679455738685,407.05972983900836,404.43341971053184,406.3307189941406,55126400
2021-07-16,407.5083537824567,407.555073909898,402.75108678868395,403.14361572265625,75874700
2021-07-19,398.33031422579336,403.209088281005,394.38617099707693,397.1900634765625,147987000
2021-07-20,397.8536396448114,404.1530707517098,397.0591977452092,402.8819580078125,99608200
2021-07-21,404.0782727663207,406.28401626491234,402.83522636423976,406.143798828125,64724400
2021-07-22,406.32141887481384,407.2373674036416,405.34006786173984,406.9943542480469,47878500
2021-07-23,408.9196688873081,411.51794144372303,408.23740663856285,411.1814880371094,63766600
2021-07-26,410.5926766830411,412.200242886932,410.54595654958047,412.1908874511719,43719200
2021-07-27,411.15344841239045,411.18148619614936,407.4896830394306,410.3122863769531,67397100
2021-07-28,410.9384848950348,411.51795145786116,408.7234143462509,410.14404296875,52472400
2021-07-29,411.0693616907412,412.9199125840506,411.0600062546591,411.8450927734375,47435300
2021-07-30,409.2840950781723,411.2935451911804,409.15323310150086,409.8448791503906,68951200
2021-08-02,411.55528082300833,412.1067095157106,408.62988215553224,408.98504638671875,58783300
2021-08-03,409.7795060797524,412.43385397257424,407.5924735593852,412.3123474121094,58053900
2021-08-04,411.0319645301903,412.2843664783354,410.0506135217893,410.2842712402344,46732200
2021-08-05,411.4431375086628,412.96659014888616,411.12536648595767,412.8824768066406,38969700
2021-08-06,413.2003281153851,413.98541465155415,412.91992173075016,413.5648193359375,46930000
2021-08-09,413.5366870620658,413.85445807390835,412.46186747322616,413.228271484375,41222600
2021-08-10,413.6769396016709,414.4526991663154,412.9946773475972,413.74237060546875,43339300
2021-08-11,414.80780947459465,414.8638850355054,413.6862412110491,414.7704162597656,44034300
2021-08-12,414.6208372172166,416.15364514758056,413.72359979508303,416.013427734375,38909400
2021-08-13,416.46218570837635,416.7893122329379,415.9761879010694,416.7706298828125,39470300
2021-08-16,415.4713605109986,417.88269503110484,413.91987021373245,417.7518615722656,73740000
2021-08-17,415.2003062311289,415.8732414325838,412.0319231944984,415.0133972167969,92673900
2021-08-18,414.0039719428465,415.5648176300806,410.22808476985836,410.4710693359375,89351900
2021-08-19,407.7512775027748,412.30295243814317,407.61108861871384,411.1065979003906,92812200
2021-08-20,411.45246811100355,414.70496457219946,410.96644191047403,414.3778381347656,72008700
2021-08-23,416.0602189821948,418.9295421673049,414.45265298648917,418.02294921875,54973000
2021-08-24,418.6865539550781,419.2193003480419,418.17251843232447,418.6865539550781,38744700
2021-08-25,418.87347636542324,420.0791294982954,418.49960124676494,419.5650939941406,40529700
2021-08-26,419.2846465858296,419.5183042507706,416.9948185830064,417.0882873535156,57829600
2021-08-27,417.8921060042868,421.19135148689224,417.83603043980827,420.8175048828125,77235100
2021-08-30,421.49047733469286,423.4532078324658,421.2474641854184,422.6681213378906,48357400
2021-08-31,422.57455539172196,422.91100873089704,421.4436603048322,422.04180908203125,59300200
2021-09-01,422.97650283531857,423.49053835442544,422.03251662178167,422.26617431640625,48721400
2021-09-02,423.6867836507604,424.3690457877398,422.3689509787344,423.5652770996094,42501000
2021-09-03,422.43439243098885,423.9765273755303,422.0324795543075,423.46246337890625,47170500
2021-09-07,423.1166832249812,423.2101520054819,421.27545948751975,421.9483947753906,51671500
2021-09-08,421.4156743425341,422.14468518971387,419.5183465302411,421.4343566894531,56181900
2021-09-09,421.23808970978325,422.9858446456514,419.38751055980504,419.6305236816406,57970400
2021-09-10,421.55586791625456,421.97643464658915,416.2004233686548,416.3219299316406,89948200
2021-09-13,419.3127250750678,419.57442052650157,415.07882068151736,417.3873596191406,83738600
2021-09-14,418.8267538323482,419.032373751366,414.24706856986353,415.1349792480469,78197100
2021-09-15,415.55554197274927,419.0978006931455,414.45268447355176,418.6024475097656,78792200
2021-09-16,418.07903168064803,419.0510271190857,414.99473310868217,417.9388427734375,77786700
2021-09-17,417.16810338516024,417.5900174422534,413.5113432060983,413.8676452636719,118425000
2021-09-20,407.7543985068498,409.3296017705494,402.10987722418974,406.966796875,166445500
2021-09-21,409.30141250201683,410.59533949300106,406.0572382327374,406.5823059082031,92526100
2021-09-22,408.85136298150707,412.5831207202877,406.69483696311266,410.5484619140625,102350100
2021-09-23,412.41443344556274,417.14007227646357,412.18002715493935,415.5367126464844,76396000
2021-09-24,413.90516505538227,416.9337039803391,413.6895010133059,416.2210998535156,62094800
2021-09-27,415.1896841659372,416.3523298980062,414.33644206403306,415.0303039550781,61371100
2021-09-28,412.2642780676356,412.59245249230736,405.9353102459773,406.6666564941406,130436300
2021-09-29,408.04506020824715,409.77967232630994,406.78864603672207,407.3512268066406,82329200
2021-09-30,408.8232729732289,409.5264917761639,402.0348766187246,402.3724365234375,140506000
2021-10-01,404.0976283486504,408.8326231008619,400.58153463739126,407.1542663574219,129240100
2021-10-04,405.9916570765266,406.89176913571015,399.76581284989487,401.90362548828125,128570000
2021-10-05,403.4037658375677,408.3262970264828,402.6068074886927,406.08538818359375,90682500
2021-10-06,402.4942384202276,407.97934991567206,400.8721656243834,407.7730712890625,113032200
2021-10-07,411.04549653422066,414.1302626252565,410.8673454695045,411.29864501953125,72437500
2021-10-08,412.06743842451107,412.45186810178103,409.92026919841044,410.5484619140625,74557400
2021-10-11,409.89216791478833,412.79881127574237,407.5105922896659,407.57623291015625,65233300
2021-10-12,408.4951467022772,408.89831863461245,405.78539638345933,406.572998046875,71181200
2021-10-13,407.5949901170963,408.85140428938456,404.62273464026305,408.0356750488281,72974000
2021-10-14,411.69244871973615,415.04916286579004,411.22363613283864,414.8991394042969,70236800
2021-10-15,417.0087329506892,418.42455590539737,416.38989699593026,418.0588684082031,66260200
2021-10-18,416.27732497087453,419.6340094982905,415.6209761000303,419.2964782714844,62213200
2021-10-19,420.9185646143034,422.596892511088,420.3090855642555,422.5312805175781,46996800
2021-10-20,422.9907287152216,424.4909342886698,422.87821830467027,424.1908874511719,49571600
2021-10-21,423.59081795122904,425.5223230800388,423.15951848148666,425.29730224609375,41305400
2021-10-22,424.86610537906506,426.310056178352,422.915828967084,424.8567199707031,58845100
2021-10-25,425.9443581792132,427.4633063660101,424.17226149929996,427.1351318359375,45214500
2021-10-26,428.68220582792407,429.8917216010357,427.1444869339798,427.51953125,56075100
2021-10-27,427.9789975244028,428.6447033477546,425.5505232829299,425.62554931640625,72438000
2021-10-28,427.050677407055,429.80729721502064,427.0413206145411,429.7322998046875,51437900
2021-10-29,427.435131798945,430.89497056169455,427.14447031928165,430.60430908203125,70162400
2021-11-01,431.5888253261382,431.9638982601933,429.6198354925865,431.3450622558594,48433600
2021-11-02,431.5137252848119,433.3983604582575,431.3824440663046,433.08892822265625,48908400
2021-11-03,432.5263425699782,436.1362040546767,432.085657735004,435.7330322265625,52509800
2021-11-04,436.3331630823048,437.8708818410705,435.9862464051318,437.7864990234375,52847100
2021-11-05,440.00863863956613,441.29318025230174,437.79585747597196,439.305419921875,66390600
2021-11-08,440.4024705143944,440.89941061596096,438.9960330253521,439.68048095703125,50405200
2021-11-09,440.0461369788913,440.28054321030675,436.8207049454919,438.2271423339844,51149100
2021-11-10,436.53939698466087,438.2271390064617,433.2202253751318,434.70166015625,69429700
2021-11-11,436.19246728766257,436.26749330276374,434.8235429594951,434.84228515625,34848500
2021-11-12,436.1081354103615,438.6772187538003,435.1611250038921,438.1240234375,53466700
2021-11-15,439.40859470618256,439.56797493267015,437.14891501750157,438.2740478515625,46980500
2021-11-16,438.01152112700873,441.1431852512349,437.9365237158013,440.0086669921875,48857500
2021-11-17,439.74610202390977,439.9242530537252,438.32092239942926,438.93975830078125,47858300
2021-11-18,439.97117780399594,440.6931674194312,437.2520708292828,440.4306335449219,50625600
2021-11-19,440.31803734544474,441.5650945480242,439.2772873896782,439.6429748535156,57315600
2021-11-22,441.5181949166131,444.0028951339013,438.1989948186662,438.4052734375,72762000
2021-11-23,438.0771054886185,439.83984487309516,435.47989482517465,438.9866027832031,73206500
2021-11-24,436.98951426235885,440.2805872370219,436.17378507370955,440.15869140625,61858800
2021-11-26,433.50152742675596,434.96422009835896,429.21657442443677,430.34173583984375,112669600
2021-11-29,435.1236348523177,437.4583119148909,432.92959581507233,435.6205749511719,86268800
2021-11-30,433.18277789277585,435.0861556207731,426.9006785426518,427.14447021484375,148559600
2021-12-01,432.84521097923056,435.6862135337651,422.2031616971008,422.4000549316406,131939200
2021-12-02,422.6157769864965,430.4355669860337,422.22196184931875,428.8697204589844,127637800
2021-12-03,430.52931409962997,431.5888063882985,420.9186571741517,425.1379699707031,137331600
2021-12-06,427.6789484275413,432.04828489860165,425.26924501380654,430.17303466796875,98977500
2021-12-07,435.4424103932935,439.633595102183,430.0416814760553,439.0710144042969,95484700
2021-12-08,439.4649032824723,440.68380448756346,437.71152027988126,440.2337341308594,72238800
2021-12-09,438.9490658157996,440.3367608885662,437.06445933338574,437.2613525390625,61272600
2021-12-10,439.9617692478392,441.52758690349503,437.41142821807136,441.3775634765625,77159800
2021-12-13,440.8619411504924,441.2088578538092,437.1864382259011,437.4677429199219,87724700
2021-12-14,434.2047983047942,436.6894990636773,431.54194649017546,434.45794677734375,97264100
2021-12-15,434.5141370446989,441.4900398681601,432.0012806047948,441.24627685546875,116899300
2021-12-16,443.0934545318682,443.3747305871484,435.80808994562267,437.3551940917969,116568600
2021-12-17,434.2811459384775,437.28267979708494,430.9973478702641,432.7004089355469,135511600
2021-12-20,427.62893618734074,428.4945657060667,424.4862697414786,428.0993957519531,107134800
2021-12-21,431.5148943716561,435.84312797159805,429.3507919289712,435.7019958496094,69806300
2021-12-22,435.44794347232624,440.17134685592566,435.25032979357655,440.0584411621094,58890200
2021-12-23,441.0558636062711,444.29262786782226,440.95237627994055,442.79656982421875,56439700
2021-12-27,444.17025861450196,449.11008378457836,444.12322414632985,449.06304931640625,56808600
2021-12-28,449.49595411335815,450.52155267031253,447.93402468183996,448.6961669921875,47274600
2021-12-29,448.7995600259367,450.28619942831625,447.802188171838,449.27001953125,54503000
2021-12-30,449.69343150623797,450.7002217741406,447.56697399413,448.02801513671875,55329000
2021-12-31,447.53880315085513,448.6866969603346,446.6261104168571,446.8989562988281,65237400
2022-01-03,448.15968997839184,449.61813159778876,445.8544557509341,449.48638916015625,72668200
2022-01-04,450.9072545217483,451.6223622300133,447.4822951975026,449.3359069824219,71178700
2022-01-05,448.96894028365364,449.74050080120287,440.61357447061033,440.7076721191406,104538900
2022-01-06,440.24669721539595,443.0035835732876,437.93201531445186,440.2937316894531,86858900
2022-01-07,440.3031029677847,441.47925183914367,437.1980527186537,438.552978515625,85111600
2022-01-10,435.36328278709937,438.2236562011222,429.62367048499374,438.00726318359375,119362000
2022-01-11,437.7437907456816,442.0908322693714,434.75164626994354,441.9967346191406,74303100
2022-01-12,443.72798110407143,445.2428756029094,441.2345515344107,443.191650390625,67605400
2022-01-13,444.29258772329274,444.9418241930247,436.05954567988096,437.08514404296875,91173100
2022-01-14,433.9424425259686,437.6120209390258,432.7286489573756,437.2638854980469,95890900
2022-01-18,432.5780978764357,432.7851012078921,428.40983354006795,429.5201110839844,109709100
2022-01-19,431.0632487949444,432.455790611051,424.7873060995941,425.0601806640625,109357600
2022-01-20,426.9419932565545,431.6371698449728,418.2384925675779,420.3555603027344,122379700
2022-01-21,419.2359760354794,421.58827414534477,412.07559437204594,412.10382080078125,202271200
2022-01-24,406.50533543462075,414.3620167798547,395.90118600682246,413.8539123535156,251783900
2022-01-25,407.4744480032651,413.7409730372485,401.9136123373261,408.8011474609375,167997300
2022-01-26,414.68179318063454,417.80565092878885,403.52247970690104,407.77545166015625,186391100
2022-01-27,412.3672026513168,415.50045053402,404.0777079047049,405.7619323730469,149878300
2022-01-28,407.11686454826264,415.886237349482,402.54401155859085,415.8392028808594,164457400
2022-01-31,415.17104738454265,423.6769623039199,413.825540245353,423.3288269042969,152251400
2022-02-01,424.0534262540882,426.82914917104256,420.5343978995624,426.1893310546875,123155400
2022-02-02,428.58860927324656,431.0538124863708,426.2833462117449,430.3293151855469,117361000
2022-02-03,424.30751219871513,426.208158589354,419.37707621036856,420.2145080566406,118024400
2022-02-04,419.9791728919079,426.02927475983387,417.60803879549576,422.1903381347656,118454400
2022-02-07,422.95254768054906,424.3450895509773,419.50878037886775,420.8354797363281,84472900
2022-02-08,420.3368642432255,425.2202374171449,418.9160669960065,424.2981262207031,81012000
2022-02-09,428.3252696387674,430.8281183333719,428.1276846328867,430.5082092285156,92589900
2022-02-10,424.67438876665915,430.6680383540824,420.778998939607,422.77374267578125,140103700
2022-02-11,422.85849404433793,424.92849902096657,413.0070690365457,414.437255859375,153214600
2022-02-14,413.92909493615394,415.5098319487012,409.6196698794952,413.0822448730469,123006300
2022-02-15,417.5140448697904,419.9133771021189,416.99652213320917,419.7440185546875,88482700
2022-02-16,417.7022412323989,421.5882420080019,415.8298212683436,420.2145080566406,84863600
2022-02-17,417.03422512188433,420.18631030686123,410.63598579994795,411.2381591796875,102259100
2022-02-18,411.4921744012356,412.7436129970205,406.3077292195654,408.5753479003906,132642900
2022-02-22,406.37358261467153,409.7702869392554,400.6998126141375,404.1906433105469,124391800
2022-02-23,407.0980794779474,407.6626367061376,396.45628627766916,397.0208435058594,132578000
2022-02-24,386.7365552102814,403.42847944353576,386.3790300752348,402.9956359863281,213942900
2022-02-25,404.2282639234101,411.97203889724267,402.5816554040874,411.8873596191406,121804500
2022-02-28,406.5052626502716,412.3107459178309,405.25385292778066,410.83349609375,145615000
2022-03-01,409.3374644946176,411.3416268267393,401.8759540045587,404.576416015625,137785900
2022-03-02,406.825151607102,413.74091213892484,406.0724278778105,412.01904296875,117726500
2022-03-03,414.4466183746847,415.04879163986294,408.17067562721684,409.96783447265625,105501700
2022-03-04,406.2417947777143,407.76607902539786,402.600442693899,406.6369934082031,113978200
2022-03-07,406.053686344957,406.7593757746247,394.58387851759204,394.6497497558594,137896600
2022-03-08,394.82848568696517,401.97005852746355,390.59434954887394,391.6575927734375,164772700
2022-03-09,400.02238799071915,404.13420015154503,397.8394486342406,402.15826416015625,116990800
2022-03-10,397.55720444393785,401.23620227999874,395.60010497302005,400.34234619140625,93972700
2022-03-11,402.8263104395944,403.4379021571393,394.7438182155745,395.2519226074219,95636300
2022-03-14,396.0234396841189,399.4671781987032,391.2247467020312,392.3632507324219,95729200
2022-03-15,394.96964080123826,401.6219464123901,393.6994228575472,400.9915466308594,106219100
2022-03-16,404.4916402314944,409.9395399951115,399.70233775543045,409.8830871582031,144954800
2022-03-17,407.9730846505351,415.01116943359375,407.596722776026,415.01116943359375,102676900
2022-03-18,413.40286121868064,419.8776045343294,412.6666654946888,419.55670166015625,106345500
2022-03-21,419.38687263527476,421.3878136478484,415.93240645546575,419.43408203125,88349800
2022-03-22,420.8214989932451,425.2764356419781,420.8214989932451,424.342041015625,74650400
2022-03-23,421.8125310374547,423.3037890750717,418.79222440449075,418.8771667480469,79426100
2022-03-24,420.8969665486931,425.200884406194,419.7832397355188,425.1914367675781,64736900
2022-03-25,425.8238060374059,427.54160557531713,423.24710673053914,427.26788330078125,77101300
2022-03-28,426.6732396590378,430.3070373535156,424.7855555376232,430.3070373535156,68529800
2022-03-29,434.18623279666707,436.12112638537604,431.50572468711965,435.63031005859375,86581500
2022-03-30,434.48834654789084,435.3000658769964,430.8356815763662,432.9404602050781,79666900
2022-03-31,432.17599229242313,432.99713053748565,425.8239228366425,426.2769775390625,121699900
2022-04-01,427.85312988784034,427.9947004651948,423.9173238184881,427.48504638671875,89048800
2022-04-04,427.683210068739,431.2509323439472,426.86207198374484,431.1470947265625,59601000
2022-04-05,429.6558116325977,432.119225743506,424.5590699380688,425.70111083984375,74214500
2022-04-06,421.793612229182,423.71902938512,418.5656595556562,421.4443664550781,106898000
2022-04-07,420.5665823101026,425.380182602623,418.62226996039726,423.5679931640625,78097200
2022-04-08,422.8129253472982,425.3235486630253,420.8969271331609,422.4353942871094,79272700
2022-04-11,419.16972953989875,420.0097628914947,414.7148221783834,415.2150573730469,89770500
2022-04-12,418.19758861647455,420.71765996000386,412.12869019333453,413.6766052246094,84363600
2022-04-13,413.4311571589825,419.16970449840653,413.25182485427155,418.4146423339844,74070400
2022-04-14,418.64116191799894,419.7549175134308,413.1008132674667,413.20465087890625,97869500
2022-04-18,412.2797123367979,415.05461073103595,411.1470901663332,413.37457275390625,66002500
2022-04-19,413.27067735850744,420.7647857423862,413.10079269782085,420.0474853515625,77821000
2022-04-20,421.82193478222695,422.4354264021452,418.57511557097627,419.73602294921875,65224400
2022-04-21,423.35104208749806,424.7384914494255,412.5534836472507,413.4595642089844,85417300
2022-04-22,412.37409241070765,413.4783716367902,401.5482213990768,402.1145324707031,132471800
2022-04-25,399.8775479777912,404.61562439113396,395.3187750428099,404.44573974609375,119647700
2022-04-26,401.9162927984164,402.1145203899857,392.70441293823944,392.73272705078125,103996300
2022-04-27,393.8087220181219,399.1697677643689,391.7039722839688,393.8370361328125,122030000
2022-04-28,398.57509707971343,405.51234242525084,394.14847523083597,403.78509521484375,105449100
2022-04-29,399.80207204922027,401.95403088704296,388.11730223189977,388.8629455566406,145491100
2022-05-02,388.92904179526005,392.56283983474725,382.2749373532382,391.2037048339844,158312500
2022-05-03,391.7039196895496,395.40376459664327,390.1465571793375,392.9969787597656,100028200
2022-05-04,393.65769528593023,405.53124638806986,390.4769516548114,404.9649353027344,144247900
2022-05-05,400.7082064100307,401.1329469341785,386.44676416954945,390.57135009765625,172929100
2022-05-06,388.01350785652954,391.50570647733946,382.9450801949944,388.2400207519531,151770800
2022-05-09,382.3505124543199,383.5869435337957,374.23346310540126,375.8096923828125,155586100
2022-05-10,381.7747515433738,383.27545730002635,372.64781289944233,376.6780090332031,132497200
2022-05-11,375.7152782695393,381.35001745771194,369.94838734516037,370.69403076171875,142361000
2022-05-12,367.5038249274551,373.5727232304534,363.5208097766853,370.3070373535156,125090800
2022-05-13,374.43161982347493,380.53827982576547,373.3933876739787,379.1602783203125,104174400
2022-05-16,377.51798684544667,381.28390774009296,375.271637959596,377.6217956542969,78622400
2022-05-17,383.70016285890136,385.62560898408395,379.9719747013643,385.3896484375,83029700
2022-05-18,380.840309909265,381.12345103452697,368.61754246873323,369.8539733886719,117674500
2022-05-19,366.79598209392395,372.00600991179766,365.3707710345012,367.58880615234375,98510700
2022-05-20,371.16591037827914,374.7336324078952,359.1696852051724,367.74920654296875,131432200
2022-05-23,370.7694520093487,375.39430099984236,368.45705631787473,374.6297912597656,76414900
2022-05-24,370.5146932699092,372.95924112163084,365.22917116715337,371.77001953125,91448800
2022-05-25,370.278726265349,377.01777330975807,369.8823286767236,375.0545654296875,91472900
2022-05-26,376.28154835892093,384.18150224653084,376.07390194163645,382.54864501953125,82168300
2022-05-27,385.0026351628093,392.0531368146943,384.80443638650837,391.93988037109375,84768700
2022-05-31,390.3259307298854,393.0725149914447,387.00361655148845,389.7407531738281,95937000
2022-06-01,391.8549734040455,392.8648626531449,384.07769419751776,386.58831787109375,86585800
2022-06-02,386.42789374965014,393.9974979722233,384.18154466114504,393.9503173828125,79609600
2022-06-03,389.240487364167,390.7884022780611,386.51279859544996,387.4849548339844,71874300
2022-06-06,391.48687393580764,393.21409252066996,387.49441098526677,388.664794921875,57508900
2022-06-07,385.18194504153405,392.84593785258215,384.7194428520581,392.39288330078125,59272400
2022-06-08,390.6846048993001,392.4684805286195,387.33397652533813,388.1268005371094,64350000
2022-06-09,386.352312221375,388.6175274447086,378.8959655761719,378.8959655761719,86289800
2022-06-10,372.70440234363315,373.55385453962793,367.86248738155257,367.90966796875,132893900
2022-06-13,358.5184359528124,360.3683584476511,352.3362527688543,353.9407958984375,170004900
2022-06-14,355.6869276147928,356.7157121238985,349.7784664118968,352.874267578125,104011800
2022-06-15,356.1682732930812,362.34100925128496,351.2225494582893,357.90496826171875,125666800
2022-06-16,349.70293778443306,350.1087829653544,343.63401132773026,346.0596923828125,134473300
2022-06-17,346.474006989018,350.14245020385545,343.30795986691686,346.8057556152344,111113900
2022-06-21,352.521725834006,356.92005638665404,352.44587608946637,355.5361022949219,76811900
2022-06-22,351.3178962620308,358.9960494687862,350.9008093965039,354.8915710449219,90059400
2022-06-23,357.0243321478926,359.1002487608876,353.46963484148904,358.370361328125,79292100
2022-06-24,361.53644062032527,369.7738622299875,361.5080041964566,369.7643737792969,98050300
2022-06-27,370.6838633295004,370.97771602411575,367.2618882407592,368.35198974609375,66009600
2022-06-28,369.9065529188097,372.68394948048416,360.71172428504013,360.8254699707031,86548900
2022-06-29,361.3752782573753,362.36109348225904,358.7116273894593,360.5316162109375,65676000
2022-06-30,356.6452226652421,360.83503957475165,353.15688585542324,357.6026306152344,112508300
2022-07-01,356.948570272498,361.82089046538835,354.33230315393695,361.38482666015625,74839700
2022-07-05,356.3038638558327,362.08617660456315,353.47905430233544,362.06719970703125,81438000
2022-07-06,362.2093972721212,365.7735827766986,359.83013971421116,363.2900390625,70426200
2022-07-07,365.06263643850446,369.5273277554807,363.30898013880693,368.7310791015625,64525900
2022-07-08,367.1006548819058,370.29516685698064,365.5745188691098,368.4277648925781,72397800
2022-07-11,365.7546798643806,366.72154716840924,363.52706364959664,364.21905517578125,58366900
2022-07-12,363.6692331147653,366.0485198112267,359.251925711996,360.99609375,62219200
2022-07-13,355.56446938861467,362.0292847605267,355.14738265957544,359.1001892089844,84224600
2022-07-14,354.15204931462455,359.30873165299323,351.71591915630887,358.2281188964844,89704800
2022-07-15,362.62649570213034,365.1858892356065,360.7211976903377,365.0721435546875,79060400
2022-07-18,368.1528836213448,368.825898190188,360.8349458407432,362.0577697753906,63203600
2022-07-19,365.97270864034476,372.40908945598443,365.3186708693351,371.84033203125,78506000
2022-07-20,372.02988023942527,375.62250240338216,370.6648741646818,374.2100830078125,71843800
2022-07-21,373.6318507302927,378.068105826219,371.2336162126565,378.0207214355469,64903900
2022-07-22,378.1439131775614,379.33827161369254,372.29523939989383,374.51336669921875,72197300
2022-07-25,375.13906335562353,375.8215664094441,372.73134023128426,374.96844482421875,53631500
2022-07-26,373.3285099278068,373.53705331768873,369.6411191276845,370.53216552734375,52946400
2022-07-27,373.8214115297532,381.8977018374365,373.52755888438156,380.1535339355469,82342100
2022-07-28,380.9593347805678,385.6135934950256,377.4140966164,384.921630859375,73966600
2022-07-29,386.352936564959,391.51910833460266,385.585124244229,390.53326416015625,87003700
2022-08-01,387.8411758992656,391.8793213752261,387.1302364241008,389.3768005371094,69997500
2022-08-02,387.8127144423944,391.49064571833276,385.63251176391105,386.80792236328125,63435400
2022-08-03,388.931285023342,394.0310955881913,388.6469207989162,392.86517333984375,67820600
2022-08-04,392.7892674075008,393.4717703766951,390.9597903262571,392.5997009277344,45656600
2022-08-05,388.3246478205913,392.58079648264055,388.26777497334547,391.93621826171875,56814900
2022-08-08,393.6235081493515,395.87007236927724,390.3816112599049,391.481201171875,53886100
2022-08-09,390.75119863096825,391.25359457893273,388.85536049854454,389.926513671875,44931800
2022-08-10,396.9696030117307,398.2587881715667,395.0168917661512,398.1165771484375,68665700
2022-08-11,400.9603347598482,402.818277227606,397.37720132659865,398.1165771484375,59489700
2022-08-12,400.0503354779772,404.96054995020353,399.10241628589347,404.8562927246094,61694500
2022-08-15,402.6477019536426,407.0460617331619,402.5908291054767,406.5246887207031,54048300
2022-08-16,405.4535207281274,409.2451978170758,404.64778356108576,407.3209228515625,59289000
2022-08-17,403.7282975362389,407.1313242254354,402.42965277199465,404.42974853515625,63563400
2022-08-18,404.6288399076743,406.2876987703884,403.3396834770453,405.605224609375,49023200
2022-08-19,402.84675039895933,403.11216664311075,399.28256461046794,400.1546630859375,68016900
2022-08-22,395.3297635768896,395.5004110497399,390.921944270961,391.8224792480469,77695600
2022-08-23,391.39585573923233,393.7846307828097,390.3247023494631,390.87451171875,49105200
2022-08-24,390.6470127203874,393.49077064865355,389.96453858867704,392.12579345703125,49177800
2022-08-25,393.614017515164,397.7090360070508,392.52391605971974,397.6616516113281,50942300
2022-08-26,397.5478287573556,398.0881206908962,384.14423800473423,384.20111083984375,103087000
2022-08-29,381.25313774516417,384.70354880710715,380.3052184856568,381.6607360839844,65370800
2022-08-30,382.81719520790887,383.0541750206006,375.3760233037477,377.4709167480469,85652400
2022-08-31,379.10137171228644,380.3431437236325,374.4660612189248,374.5987548828125,76029700
2022-09-01,372.4280160542996,376.1154069737023,369.7264403478649,375.774169921875,78740100
2022-09-02,379.4331695900639,380.6465052435593,370.00136015495065,371.8118896484375,99632100
2022-09-06,372.6555302445026,373.5939611226999,368.1908383071308,370.4089660644531,76637400
2022-09-07,370.0960516856913,377.83107510535797,369.8780488041353,377.0632629394531,70964200
2022-09-08,374.79778552612436,379.98287576733065,373.59390963079943,379.52789306640625,80821700
2022-09-09,381.7650275183075,386.28662130528346,381.49961125899546,385.42401123046875,76706900
2022-09-12,387.4905516783361,390.28692591624866,387.1872104802028,389.5664978027344,69256300
2022-09-13,380.9024232007864,382.1062993004574,371.5085678123265,372.6271057128906,122947100
2022-09-14,373.9257160615463,375.5656268148488,370.7501807174359,374.0489501953125,85023700
2022-09-15,372.4943332407687,375.3380909362644,368.53203779447915,369.80224609375,87633800
2022-09-16,365.6295206827052,367.63783250475103,363.6973120856197,366.9810791015625,103084800
2022-09-19,363.84008189633505,369.82696533203125,363.76392058262684,369.82696533203125,73278500
2022-09-20,366.5051690967704,367.51408871168167,362.83118428153335,365.5819091796875,77274900
2022-09-21,367.504555601014,370.55036925173334,359.1952455228189,359.20477294921875,106746600
2022-09-22,358.4337649769324,360.0708846733697,355.44508694272207,356.1875,89472600
2022-09-23,352.7228790149844,352.76095967141856,345.7841825636604,350.2196350097656,122346900
2022-09-26,348.7538794551558,352.3707580104209,345.53674617910787,346.75506591796875,92581200
2022-09-27,350.28630194167937,352.5516221250691,343.48084301099055,345.8699035644531,108294100
2022-09-28,346.8217084645166,354.3600529595543,345.127482081543,352.67535400390625,110802200
2022-09-29,349.13453598884,349.42006827966514,342.36715927302765,345.3082580566406,112952300
2022-09-30,344.36596930372804,348.2779362644351,339.83535868204586,339.9685974121094,153711200
2022-10-03,343.6807182327434,350.7907644280534,341.90083208876825,348.9442443847656,89756500
2022-10-04,354.45522944852485,359.78538917158465,348.9061712798272,359.7568359375,103602800
2022-10-05,355.39758915348943,361.17507392455065,353.07516233117366,358.9192810058594,88065700
2022-10-06,357.5200770483229,360.47070383972516,354.72174385776447,355.2167053222656,82333500
2022-10-07,351.19045562386657,355.3022948939197,343.5473981378096,345.3082580566406,107789500
2022-10-10,346.4219606923115,346.6599140174196,340.4350759464563,342.67181396484375,76042800
2022-10-11,340.9775545535183,345.5367479558779,338.56946829764377,340.50164794921875,92482800
2022-10-12,340.91091321016154,342.48139902682294,339.1309983011124,339.37847900390625,76991800
2022-10-13,332.3826842498608,349.8008834901985,331.3356839052994,348.3350830078125,147254500
2022-10-14,350.7907254903841,352.4183468938871,339.7592145462475,340.3969421386719,123737000
2022-10-17,346.46954168027236,350.24824134925336,340.06382821256403,349.1441345214844,93168200
2022-10-18,357.05371300233446,357.3583002169347,349.8103989866183,353.2464599609375,97162900
2022-10-19,351.2095432352664,353.93174409065676,347.93530350478727,350.7431640625,79746900
2022-10-20,350.29577817467606,354.71220495349155,347.0405645534775,347.8020324707031,88283100
2022-10-21,347.5259812950986,356.7395247837277,346.02212943460694,356.2541198730469,131038400
2022-10-24,357.77704931693273,361.7460937798273,355.1309809456278,360.6134338378906,85436900
2022-10-25,360.5373287022716,366.6860338162217,360.4231157662592,366.3719482421875,78846300
2022-10-26,363.2308833811119,368.903680899248,362.9739043202817,363.6116027832031,104087300
2022-10-27,364.6110821532887,366.44807462100994,361.05128110498777,361.66998291015625,81971800
2022-10-28,361.5652384352448,370.7502290607999,361.3843916220893,370.2743225097656,100302000
2022-10-31,367.81865891657014,369.6842044707059,366.69552642305183,367.5997314453125,96631300
2022-11-01,371.3404256632253,371.57837896955164,364.8204992604764,365.9912109375,85407600
2022-11-02,365.4010855031739,369.90317244332704,356.7015278683844,356.80621337890625,126990400
2022-11-03,353.5699669485685,356.16842682697944,351.0191151471187,353.13214111328125,87100100
2022-11-04,358.8335775577456,360.61346359996287,352.170885136249,358.21490478515625,103505200
2022-11-07,359.5093069084671,362.2315073959389,357.4343613850076,361.6413879394531,68286900
2022-11-08,362.745493209243,366.5622732100706,359.5188617569453,363.5926208496094,84641100
2022-11-09,361.6223724698831,362.77408732506177,355.6069062348671,356.10186767578125,78495500
2022-11-10,369.351119187772,376.0043135418382,367.0572748219786,375.6711730957031,141455800
2022-11-11,376.5278212790889,380.106648595616,374.64322048105964,379.30712890625,93839900
2022-11-14,377.54615295535484,380.89652430181656,375.8043188764604,376.0803527832031,71903500
2022-11-15,381.8198514474499,382.9239582221826,375.4807721813481,379.28802490234375,93194500
2022-11-16,377.66046061084984,378.6122738619531,375.76636153620575,376.3945617675781,68508500
2022-11-17,371.6449453937852,375.91860608551974,371.34038726892305,375.2427978515625,74496300
2022-11-18,378.57415608736795,378.64078997970154,374.10065167393867,376.9465637207031,92922500
2022-11-21,375.62353581760493,376.7466683045898,373.73893542221714,375.575927734375,51243200
2022-11-22,377.51770796736366,380.79194799230964,376.1090138482937,380.630126953125,60429000
2022-11-23,380.2968975987144,383.5140303982983,380.0684717587064,383.02862548828125,68261600
2022-11-25,382.46702560328106,383.49499996496786,382.1910207322794,382.94293212890625,30545400
2022-11-28,379.8591259436192,381.4962458070925,376.0708989562592,376.8323669433594,67881600
2022-11-29,376.96558433179973,378.1553507626501,374.34809818392904,376.18511962890625,52310000
2022-11-30,376.4326410939259,388.0352478027344,374.5195160703624,388.0352478027344,144566700
2022-12-01,389.07263892248426,390.2433795179694,385.24636063389784,387.7496337890625,76398200
2022-12-02,382.86685419503635,388.20651222768515,382.76216868711776,387.30230712890625,85342700
2022-12-05,384.4849116571129,385.41766990087285,378.98343312541476,380.3349914550781,77289800
2022-12-06,380.17319983401165,380.7157112233438,372.76809510416285,374.8525390625,77972200
2022-12-07,374.0054742055746,376.5753814167961,373.0822142567911,374.2148742675781,65927900
2022-12-08,376.09948257287107,378.2124799961138,374.3195674856605,377.1464538574219,60737900
2022-12-09,375.90905369871786,378.45990573812827,374.2053001815389,374.32904052734375,81447700
2022-12-12,375.119059475854,379.7258605957031,374.4528077117335,379.7258605957031,75405800
2022-12-13,390.45286275137533,390.70984189180217,379.8401500031239,382.60040283203125,123782500
2022-12-14,382.2577044665144,385.9602719426471,377.2131058725146,380.1542053222656,108111300
2022-12-15,375.2999318308924,376.20416598654884,369.1988348015829,370.85498046875,117705900
2022-12-16,368.3029384387337,369.641590174743,364.3443519350762,366.47662353515625,119858000
2022-12-19,366.6678340994925,367.00250429400353,361.70523742151596,363.3689880371094,79878100
2022-12-20,362.61364283927566,365.482194633709,361.2941043449694,363.8662414550781,74427200
2022-12-21,366.4575070608886,370.4352358837999,365.92204637130624,369.30694580078125,78167400
2022-12-22,366.26619498775557,369.2877393144812,358.34899424622876,364.0382995605469,100120900
2022-12-23,363.0152466207401,366.2758375341586,361.46623322301946,366.1324157714844,59857300
2022-12-27,366.0176778685383,366.36189009849295,363.01524613197586,364.6885681152344,51638200
2022-12-28,364.6215509122238,366.59131636080116,359.9267141935356,360.15618896484375,70911500
2022-12-29,362.9961017998292,367.5092910145083,362.47018314198056,366.63916015625,66970900
2022-12-30,363.9618527124626,365.8168226274327,361.8486652893112,365.67340087890625,84022200
2023-01-03,367.52838265402187,369.4981190554035,361.2749320892196,364.1339416503906,74850700
2023-01-04,366.3905568832152,368.9722652057651,363.34989894273167,366.9451599121094,85934100
2023-01-05,364.99457777745386,365.1093151949147,362.1642811518745,362.7571105957031,76970500
2023-01-06,365.8454188034969,372.194492358613,362.7856485775165,371.07574462890625,104189600
2023-01-09,373.26550947515705,376.44961824670435,370.6838304181261,370.865478515625,73978100
2023-01-10,370.28225918611713,373.53327899556643,369.34518834804146,373.4663391113281,65358100
2023-01-11,375.04405606095594,378.26639143115705,374.231293835196,378.18988037109375,68881100
2023-01-12,379.2894696301709,381.0297021014003,375.2256881711222,379.5667419433594,90157700
2023-01-13,376.3731242643396,381.6130228505716,376.10539392375364,381.039306640625,63903900
2023-01-17,381.0201285443082,382.69345018295724,379.66233471813666,380.3412170410156,62677300
2023-01-18,381.5269162830095,382.58826631918953,374.1356048315,374.3363952636719,99632300
2023-01-19,372.2998442481088,373.9444821427711,370.2918808903348,371.6114196777344,86958900
2023-01-20,373.0073162714171,378.68705053096147,371.36267892386525,378.5340576171875,91806400
2023-01-23,379.3372757234957,385.0074392135379,378.3810918291715,383.0759582519531,84178800
2023-01-24,381.40265563212273,383.57318267652687,380.21699688122226,382.6648254394531,59524900
2023-01-25,378.6009940622238,383.1428671935605,376.31570073269967,382.8081970214844,84800300
2023-01-26,385.466459007332,387.1780365308271,382.5022827834098,387.0154724121094,72287400
2023-01-27,385.97321255052447,390.2760402786123,385.7628509166012,387.9046936035156,68346200
2023-01-30,385.1508780562935,387.37880296998725,382.7413050405992,383.0377197265625,74202000
2023-01-31,383.5540875652921,388.717475261581,383.2098461559824,388.669677734375,86811800
2023-02-01,387.45531934075285,395.5446571758706,384.7206470447407,392.8003845214844,101459200
2023-02-02,396.6824854385565,399.981331954011,394.7892597691829,398.51837158203125,101654500
2023-02-03,393.55570061661354,398.69997431086017,393.07760869975664,394.28240966796875,94736800
2023-02-06,391.8346069060138,393.26888274999055,390.21865378736663,391.8728332519531,60295300
2023-02-07,390.9549267928235,398.24104381969875,389.7118993305467,396.9980163574219,90990700
2023-02-08,395.0282373142556,396.36688886374986,391.96843733219856,392.6568908691406,76227500
2023-02-09,396.25217230001425,396.40516522520073,388.028984948847,389.2528991699219,78694900
2023-02-10,388.0768126828916,390.5437836705012,387.2640796514173,390.16131591796875,70769700
2023-02-13,390.81146193268944,394.8752432701656,390.3524831825662,394.7413635253906,64913500
2023-02-14,393.2211029770664,396.8641617211256,390.6107393049538,394.5597839355469,88389300
2023-02-15,392.3700513500147,395.9174852871057,391.52860488743005,395.84100341796875,61555700
2023-02-16,390.8784407346895,394.8179138959173,390.25692701019995,390.3907775878906,76431500
2023-02-17,388.26803395095567,389.6545122847336,386.34609496505783,389.41546630859375,89257800
2023-02-21,385.39950609313314,386.4513142893378,381.34529542458307,381.60345458984375,82655900
2023-02-22,382.0145561334285,383.55402728513724,379.62409654042705,381.0775146484375,83742300
2023-02-23,383.965204449082,384.577176151522,378.88787027584414,383.1046447753906,96242400
2023-02-24,378.0942785897589,379.84408241701556,376.39227228887677,379.01220703125,108194400
2023-02-27,382.3492579579314,383.7070519585176,379.365968807818,380.30303955078125,80444700
2023-02-28,379.82492994288907,381.78509520813367,378.7922350201957,378.8974304199219,96438600
2023-03-01,378.08474796543993,379.3086624121773,376.1436954636512,377.444091796875,99706800
2023-03-02,375.4742885040699,381.2209631061389,375.13961830151106,380.3795166015625,85127800
2023-03-03,382.1962358283126,386.7285670881584,381.54603781817946,386.4799499511719,90120000
2023-03-06,387.30225445436355,389.5971190249731,386.3078442662089,386.7476806640625,72795900
2023-03-07,386.69989002886615,386.9389359941927,380.2073934400801,380.8193359375,108310600
2023-03-08,380.9341111603913,382.19625170885286,379.212962662717,381.4408874511719,74746600
2023-03-09,382.2249589763906,383.88873887527785,373.41851305631604,374.40338134765625,111945300
2023-03-10,373.85837851710613,375.9333106680976,367.4806474809918,369.0009765625,189253000
2023-03-13,365.0805650006383,373.2846390345943,363.9713881978472,368.4750061035156,157790000
2023-03-14,373.3898317252391,376.21058604424246,370.0909854321958,374.5659484863281,149752400
2023-03-15,368.98181836154816,372.4240570496017,366.89731528704147,372.2232666015625,172996900
2023-03-16,369.87107021323396,379.0982391870772,369.36429390384325,378.7539978027344,143254200
2023-03-17,377.4256197444262,378.55821591341066,372.94318572096427,374.3253479003906,140553400
2023-03-20,375.1028011958168,378.33746367070916,374.40214170963634,377.9247131347656,93055800
2023-03-21,381.28412015653794,383.36697102971766,379.69079357481445,382.8870544433594,91524200
2023-03-22,382.71428861761933,386.3232414014182,376.3217962204962,376.36016845703125,111746600
2023-03-23,379.2205184817109,383.25182988301947,374.6709182110407,377.3776550292969,119351300
2023-03-24,376.1010222149094,379.9403548581303,373.75902695920195,379.8539733886719,107682400
2023-03-27,382.1287722364247,382.89665633801565,379.67160169490063,380.5642395019531,74010400
2023-03-28,379.8731772141997,380.5642582938647,377.8767370350477,379.71002197265625,62871700
2023-03-29,383.8660888939379,385.4690232440617,382.6662973806607,385.22906494140625,77497900
2023-03-30,387.8589388033637,388.1085047730431,385.6225406555873,387.484619140625,69840000
2023-03-31,388.4060846284512,393.2436518891425,388.3004877505952,392.94610595703125,112062600
2023-04-03,392.42779542260035,394.84656445369103,392.03426030988214,394.4434509277344,67391100
2023-04-04,395.08661789712704,395.3745854910906,390.8825429346592,392.255126953125,66601500
2023-04-05,391.52554275858984,392.2838191469049,389.577082640603,391.2279968261719,65200200
2023-04-06,390.43131081559227,393.03247968178334,389.3850962213968,392.7541198730469,63743300
2023-04-10,390.277787817443,393.2340906618624,389.6635097627265,393.15728759765625,63681000
2023-04-11,393.7811965721071,394.66422675434245,392.4950235384784,393.26287841796875,59297900
2023-04-12,395.32654344418415,395.6145110142537,391.0744888814298,391.65997314453125,86420400
2023-04-13,392.7445509263928,397.21737725795947,391.60234704835096,396.86224365234375,85814800
2023-04-14,396.2287697684171,398.4171884519207,393.5892282764297,395.892822265625,78161500
2023-04-17,395.8065005537346,397.33263216817204,394.57791495452636,397.3134460449219,66436400
2023-04-18,398.8874765900454,399.0218673008723,396.1999552913603,397.572509765625,63560000
2023-04-19,395.66241754419593,398.4075262603893,395.60482989922565,397.50531005859375,55227300
2023-04-20,394.6929889766768,397.0829934844094,393.7907434550367,395.3360900878906,75840400
2023-04-21,395.6336418065236,396.10395069254025,393.6947893230702,395.64324951171875,73457400
2023-04-24,395.4417228843057,396.4783592805185,394.10756979195463,396.0560302734375,64332100
2023-04-25,394.08823054642596,394.6449501043652,389.71139429543166,389.76898193359375,97766700
2023-04-26,390.3833857943013,391.4583943618871,387.56147365849546,388.1181640625,80447000
2023-04-27,390.65211692803183,396.11357024267807,390.40255091976803,395.8448181152344,92968400
2023-04-28,394.9617875942257,399.23305741321724,394.90419994068407,399.22344970703125,89433100
2023-05-01,398.78184994003936,400.8454851986158,398.5898716077984,398.82025146484375,62122300
2023-05-02,398.1099974743272,398.1580067083917,391.43917444922255,394.3378601074219,103998500
2023-05-03,394.83697342513307,397.24616414474065,391.39117573178515,391.6311340332031,91531800
2023-05-04,390.5848655498766,390.9112052798367,387.52299570222164,388.857177734375,94901900
2023-05-05,392.4854491265273,397.10224508450085,392.2263046733684,396.0560302734375,87891800
2023-05-08,396.3823017131118,396.64144612156804,394.76018132750204,396.1615295410156,50046800
2023-05-09,394.6162031980649,395.53763480997924,394.1938742734827,394.4242248535156,49220100
2023-05-10,397.25577792419296,397.88927136463667,392.44700411687967,396.26715087890625,96142900
2023-05-11,395.4032868637811,395.8639880395315,393.5028066384593,395.5760498046875,70157100
2023-05-12,396.8142503993596,397.0254148728848,392.63897016343816,395.0577392578125,70481500
2023-05-15,395.66246936913564,396.82385941720236,393.75241054660967,396.4207458496094,54289400
2023-05-16,395.31689334176326,396.2383543170176,393.761968222226,393.7715759277344,57705500
2023-05-17,395.7872805401457,399.1562756190207,394.1459737431661,398.5516052246094,87287000
2023-05-18,398.234835528931,402.8132591766572,398.0140926137832,402.39093017578125,97177200
2023-05-19,403.29311788250186,403.82101441184767,400.58638129995114,401.80535888671875,103793300
2023-05-22,401.8245672616326,403.50427528786696,400.586374286309,401.9685363769531,60745400
2023-05-23,400.3271976557855,401.90133808318683,397.06377080135275,397.4573059082031,86383500
2023-05-24,395.85441436146004,396.2383417764392,393.4164298740769,394.57781982421875,89213700
2023-05-25,398.08116295648546,399.44413882097075,395.8447647643643,397.9947814941406,90961600
2023-05-26,398.64748907245814,403.8689837488059,398.57071530888675,403.14910888671875,93830000
2023-05-30,405.07840112218025,405.6062976614237,401.9205417166639,403.3027038574219,72216000
2023-05-31,401.4790359496369,402.3812815149699,399.50178187032054,401.0663146972656,110811800
2023-06-01,401.2966730663804,405.9326839874396,400.0489015795839,404.8768615722656,88865000
2023-06-02,407.4491390116575,411.5188218630449,406.92124253883765,410.7317810058594,91426200
2023-06-05,411.0773593229492,412.36353228842165,409.2440744066445,409.94476318359375,65460200
2023-06-06,409.5321040964684,411.3653599992297,408.8793951634606,410.83746337890625,64022200
2023-06-07,411.2309997126284,412.36359602704806,408.994571620611,409.4169006347656,85373300
2023-06-08,409.4840283285931,412.344341762355,408.71617349799953,411.8932189941406,61952800
2023-06-09,412.6898813507892,414.63834160760314,411.64366666036057,412.6322937011719,85742800
2023-06-12,413.6113761039967,416.45247445367045,412.89150113320926,416.37567138671875,76104300
2023-06-13,417.83464596394765,419.7638910098273,417.17235863286135,419.1208190917969,95899700
2023-06-14,419.4566872999007,421.4243335080621,416.1740450929453,419.6198425292969,100612100
2023-06-15,418.8040313332803,426.06997610483035,418.7080714411939,424.82220458984375,110303100
2023-06-16,426.804818584776,427.37322020593024,422.9030661850773,423.3751220703125,114165800
2023-06-20,421.4387253030806,422.32503554227975,419.1072877770987,421.1785888671875,76160400
2023-06-21,420.19591625792975,420.9955241203809,418.43288044222425,419.02056884765625,76982300
2023-06-22,418.0668439684426,420.6391018260277,417.72964857046975,420.53314208984375,70637200
2023-06-23,417.08416191308544,419.1362056994903,416.64100677536294,417.3539123535156,92074500
2023-06-26,416.7854848977608,418.70263864501453,415.4078319979814,415.648681640625,72823600
2023-06-27,416.52534656947205,420.82209563920264,416.07254809930254,420.2055358886719,72813700
2023-06-28,419.1265310456325,421.4290677123489,418.509971256602,420.4175109863281,75636000
2023-06-29,420.00328366247703,422.2383756741101,419.5986726779713,422.0745849609375,67882300
2023-06-30,425.28264809004037,428.0379537648419,424.9647101118157,427.0552978515625,104964000
2023-07-03,426.70857023719304,427.82608687001783,426.42917637868914,427.5467224121094,32793400
2023-07-05,425.7354497315169,427.6429894132442,425.7258063379871,426.9107971191406,58418400
2023-07-06,423.3365733138423,423.99167722455906,421.06293761114665,423.5677795410156,80658300
2023-07-07,422.5755319557256,426.438769743823,422.2575939538954,422.4984436035156,86134200
2023-07-10,422.1419392054069,423.74118421139565,421.5735376298801,423.5677795410156,62443500
2023-07-11,424.3289694634643,426.75672360489915,423.35592736761294,426.265380859375,64463800
2023-07-12,430.0515505672172,431.10165159958825,428.6257099376319,429.695068359375,91924500
2023-07-13,431.5061931540125,433.8954320784897,431.0726814584312,433.1054382324219,72425200
2023-07-14,433.9917527644729,434.8395187204355,432.07456981935877,432.8356628417969,69815800
2023-07-17,432.6912500682276,435.3887545883977,432.64306249429234,434.3386535644531,52680200
2023-07-18,434.0110663595222,438.2114701147798,433.5775252322227,437.5660095214844,80668200
2023-07-19,438.35604491544507,439.72405458332963,437.48896257877516,438.5390930175781,65891700
2023-07-20,437.54673021651973,438.44268380742795,434.9166416038705,435.6295471191406,70591600
2023-07-21,437.34439535359957,437.54673021651973,435.6199331260899,435.6295471191406,71275600
2023-07-24,436.77598531715506,438.38487379289774,435.7451418375123,437.57562255859375,54023400
2023-07-25,437.3059387900186,440.0227007047043,437.2577512159894,438.7702941894531,55191200
2023-07-26,437.8358256350003,440.26357987054627,436.78572453865155,438.8377685546875,71052900
2023-07-27,442.2191833737535,442.62382369326946,435.0225951669556,435.9281921386719,92194400
2023-07-28,439.1941327220315,441.0245840745933,435.92819754722996,440.1960754394531,80011800
2023-07-31,440.66814456102355,441.39069349037516,439.35790721415856,441.03424072265625,62040400
2023-08-01,439.5698819163366,440.51402315707037,438.81843216166044,439.772216796875,55291500
2023-08-02,436.66043160748643,436.9205386548979,432.9031828085776,433.6546325683594,93933400
2023-08-03,431.6410971149184,434.29044314301314,430.995607146359,432.41180419921875,64276100
2023-08-04,434.2230692550645,436.32327139401457,429.9359332204392,430.4561767578125,100128900
2023-08-07,432.28658168791264,434.36752621178806,431.59293351328745,434.21337890625,58357500
2023-08-08,431.67964426037906,434.2037733620173,428.9724964679823,432.32513427734375,71361300
2023-08-09,432.59482134894097,432.7586120279548,428.6737824515494,429.43487548828125,78789600
2023-08-10,431.7856284811605,435.16716703483127,428.42337671620794,429.5890808105469,93005500
2023-08-11,427.72008989099777,430.3501787286785,427.1227874459535,429.3385925292969,68690900
2023-08-14,428.4233633029166,431.7085266113281,428.1150686990038,431.7085266113281,47867400
2023-08-15,429.9358583347008,430.29234049304716,426.1111649328765,426.6795959472656,75707500
2023-08-16,426.2653150386881,427.9223617239687,423.44256433778145,423.5485534667969,80107200
2023-08-17,425.01291328665195,425.273020314269,419.8009235363625,420.3211669921875,95711300
2023-08-18,417.5080561439708,421.5543421169173,417.1612467523088,420.52349853515625,98852000
2023-08-21,421.5350602162778,424.00135836533855,419.3867000805202,423.2595520019531,68719000
2023-08-22,425.03225623516244,425.03225623516244,421.5544008373133,422.1131591796875,64994200
2023-08-23,423.1728380844883,427.43107286328376,423.0283341735705,426.8144836425781,68441000
2023-08-24,428.41369725884107,428.92429730681755,420.87027025881116,420.8992004394531,88517300
2023-08-25,422.62366273446645,425.14776219480035,419.07836317797603,423.866455078125,102325100
2023-08-28,426.05339622552776,427.1709421526019,423.8664919427265,426.55438232421875,61595400
2023-08-29,426.44835885508,432.9994865828607,426.26531078000176,432.7200927734375,83081900
2023-08-30,433.057282576268,435.13822692888783,432.35399106524045,434.50238037109375,69053900
2023-08-31,435.1189529964718,436.2557562391773,433.6834985527266,433.8665466308594,66084600
2023-09-01,436.58338220970904,437.06508153807744,433.2211009052936,434.67584228515625,58944100
2023-09-05,434.2326028529468,434.55051141170435,432.7297035921897,432.797119140625,55166200
2023-09-06,431.98789706191957,432.09388618903915,427.5659013158959,429.8876953125,70758500
2023-09-07,426.89147674873755,429.242171339057,426.54466741602863,428.56781005859375,70355400
2023-09-08,428.61604594030854,430.74514868706615,428.25959315019446,429.2133483886719,61659700
2023-09-11,431.8337369226589,432.344336954817,430.12853215124545,432.03607177734375,60180100
2023-09-12,430.5909909482861,432.1131477113599,429.08809157187744,429.6661071777344,67565400
2023-09-13,429.8877204342684,431.3231749266096,428.78943192828973,430.1671142578125,60199300
2023-09-14,432.63339669886733,434.56980780447236,431.33280276784916,433.87615966796875,83430800
2023-09-15,432.2935551441486,432.6222625307114,428.2136712808251,428.6487121582031,111848900
2023-09-18,428.3393267614431,430.1955896700722,427.86560575276553,428.90008544921875,55752200
2023-09-19,427.981617392204,428.57137880593234,425.3326034960519,428.0106201171875,66514600
2023-09-20,429.2674693964477,429.68318495179983,423.8727265693422,424.0757751464844,82562600
2023-09-21,421.2334205936458,421.4944451347644,416.9118372759941,417.0665283203125,104095800
2023-09-22,418.0913502784636,419.68655933537104,415.7130085528767,416.1287536621094,100829700
2023-09-25,414.920205158679,417.9172517040119,414.485134786977,417.87860107421875,70874500
2023-09-26,414.84285049792544,415.54862280920696,410.90798029741677,411.73944091796875,96168400
2023-09-27,412.9092856337623,413.4700443597365,408.26867230252077,411.90380859375,104705800
2023-09-28,411.35270706101295,415.964317107926,410.762945679416,414.291748046875,92258300
2023-09-29,417.3371969608053,417.5112133076614,411.7684378270295,413.28631591796875,115111300
2023-10-02,412.4549170103042,414.3691856249788,410.36663202274156,413.12200927734375,83798600
2023-10-03,410.94664397430034,413.1799422139496,406.22867088652805,407.59185791015625,103760600
2023-10-04,408.0559363281981,411.30435944495287,406.59606370497346,410.5599365234375,87453000
2023-10-05,410.26984669791165,411.2463208378169,407.18579226927517,410.40521240234375,70142700
2023-10-06,407.9592644123595,416.81512702154566,406.6347574601129,415.2779235839844,113273300
2023-10-09,413.3830108074734,418.5070521455923,412.8319589906931,417.9366455078125,80374400
2023-10-10,418.56502711101643,422.70291641435927,418.16863686530417,420.1119079589844,78607300
2023-10-11,421.17534896503963,422.0841107631383,418.79700772466646,421.832763671875,62451700
2023-10-12,422.4419089154139,422.8189443567332,416.91182957643576,419.2611389160156,81154200
2023-10-13,420.7596289275812,421.9584770278049,415.60661494268294,417.1728210449219,95143100
2023-10-16,419.4158434641518,422.62561629317145,419.1741442361407,421.5621337890625,75433200
2023-10-17,418.4393454760135,423.5923892481788,418.09131276942526,421.5427551269531,75324700
2023-10-18,419.77349041439385,420.7306097718711,414.8428210042976,415.9256286621094,93559800
2023-10-19,416.64108906158174,418.44899434083845,411.5944086302288,412.2711486816406,121323000
2023-10-20,411.8361348739324,412.3775387523352,407.09880668145956,407.2051696777344,123919900
2023-10-23,405.67760643648245,410.35692908932583,403.92770652261123,406.4993896484375,92035100
2023-10-24,408.6166155353714,410.714577336654,406.7700303151136,409.5640869140625,78564200
2023-10-25,407.8818980106432,407.9109007331841,403.17357302000806,403.68597412109375,94223200
2023-10-26,402.6225515026816,403.47330792914914,397.9335809780985,398.8520202636719,115156800
2023-10-27,400.43756406837696,400.83395429205797,395.6229054415524,397.0440979003906,107367700
2023-10-30,399.82851071417565,402.84491222424634,398.53300645045545,401.7911071777344,86562700
2023-10-31,402.361504611754,404.63348310254605,400.45691364342605,404.314453125,79665200
2023-11-01,405.2812643437381,409.43847913059346,404.7495083565733,408.6263732910156,98068100
2023-11-02,412.41616442869764,416.612088488878,412.3968391143164,416.4573974609375,94938900
2023-11-03,418.75840416588386,421.80380835994043,418.63271585397734,420.2569274902344,100167800
2023-11-06,421.0109973746679,421.66841210779677,419.2804228673673,421.22369384765625,67831700
2023-11-07,421.2237277176419,423.0606358569916,420.0829145000172,422.42254638671875,64256100
2023-11-08,423.02196085453033,423.5440394282341,420.43095231056213,422.73193359375,61746000
2023-11-09,423.8727133946502,423.9113935278032,419.0097266771128,419.43511962890625,83174400
2023-11-10,421.5040718428815,426.2896982135309,419.4254351571336,425.9803161621094,89462200
2023-11-13,424.6461326803493,426.67638218285714,423.863029699829,425.5742492675781,52236100
2023-11-14,431.50076562505876,435.1165763059157,431.2783917339626,433.83074951171875,97176900
2023-11-15,435.16489156652574,436.39274237985995,433.8983901244557,434.7491760253906,77327600
2023-11-16,434.30444014118734,435.59994425440004,433.24095780816333,435.2809143066406,66665800
2023-11-17,435.2906012114316,436.43144390959674,434.37216191303287,435.8223571777344,83133200
2023-11-20,435.57099160312566,440.0182630951851,435.5613141930735,439.1771545410156,69936200
2023-11-21,438.13296253247677,439.05143128536895,436.95346926763995,438.219970703125,49244600
2023-11-22,439.8732451207241,441.22675482120695,438.8194400859089,439.9118957519531,59394900
2023-11-24,439.96027278304024,440.3759883694041,439.63156537724313,440.1826171875,29737400
2023-11-27,439.55417048077294,440.36627627306393,439.00308920962266,439.38983154296875,50506000
2023-11-28,439.0030764411284,441.1203637861366,438.44234728096177,439.8248596191406,62115000
2023-11-29,441.97114450802434,443.10230972873876,439.1191116939092,439.5154724121094,63146000
2023-11-30,440.3565962233876,441.5940948885885,438.2876370073433,441.24603271484375,79752700
2023-12-01,440.6369649429203,444.38814123082403,440.0472330596215,443.8564147949219,89183400
2023-12-04,440.47265370720123,443.8757680204174,439.25448022667734,441.5264587402344,72430900
2023-12-05,440.14394887033336,442.3965725770802,439.76688393206007,441.439453125,69793500
2023-12-06,443.57609928018036,443.60510200805135,439.2255130737281,439.66058349609375,69124700
2023-12-07,441.73911050428126,443.6630266124851,441.13970123464765,443.0152893066406,66995400
2023-12-08,442.2708481089666,445.4516177863762,442.02914891320626,444.9198913574219,83194400
2023-12-11,444.4268611503367,446.8245280398024,444.21416465607524,446.6504821777344,65002200
2023-12-12,446.30240990232363,448.78708475043413,445.30661038207074,448.6903991699219,68327600
2023-12-13,449.0674408996175,455.12927578193285,448.709730800554,454.8778991699219,93278000
2023-12-14,456.8115200961749,458.00069086527446,453.66943027540754,456.3377990722656,119026000
2023-12-15,455.7417745258769,456.91636306344805,453.74210049149804,455.5864562988281,141553700
2023-12-18,457.18810894495897,459.12954211953263,456.13003141968665,458.14910888671875,70375300
2023-12-19,458.69273602664884,461.0127630324847,458.61509172941334,460.9350891113281,55761800
2023-12-20,460.0808576886502,461.96405036999886,454.1206728290634,454.54779052734375,102921000
2023-12-21,457.5278509164755,459.1295570366737,455.1107760152546,458.8577575683594,86667500
2023-12-22,459.98374941589714,461.45925759296136,457.8870276491879,459.7799072265625,67160400
2023-12-26,460.1876248035588,462.62410332069675,460.1099508863103,461.7213439941406,55387000
2023-12-27,461.5175089754055,462.7017844285322,460.98362668768385,462.5561828613281,68000300
2023-12-28,462.9153345190397,463.5656980482324,462.31349497002446,462.73089599609375,77158100
2023-12-29,462.5367654374911,463.06096072132885,459.4401769650659,461.3913269042969,122283100
2024-01-02,458.3335624378489,459.7993540123723,456.7124526493962,458.8092041015625,123623700
2024-01-03,456.65427697187073,457.39203118698566,454.4604772449057,455.06231689453125,103585900
2024-01-04,454.5865557790852,457.1686653982138,453.3731600721968,453.596435546875,84232200
2024-01-05,453.8003122508208,456.66393818647634,452.7713549830218,454.2177429199219,86118900
2024-01-08,454.71278328613425,460.84771948944723,454.5865853845721,460.7021179199219,74879100
2024-01-09,458.05202403896755,461.02241437904433,457.54726208619434,460.003173828125,65931400
2024-01-10,460.2750525964962,463.46871896304185,459.9935364474402,462.6047668457031,67310600
2024-01-11,463.6044968701081,464.1189754381304,458.43059087939,462.40081787109375,77940700
2024-01-12,463.8472262405501,464.58498035155515,461.3136700813151,462.72119140625,58026400
2024-01-16,461.34278348918724,462.6532272077025,459.2071951071508,461.0224304199219,85014900
2024-01-17,458.00353981867966,458.94513616011074,456.110630489601,458.45977783203125,68843900
2024-01-18,460.1294153145847,463.0900892897804,458.58597937392244,462.5367736816406,91856200
2024-01-19,463.6628015298727,468.58434205067863,462.5853202688259,468.3028259277344,110834500
2024-01-22,469.83656769535,471.0111265282756,468.6425755704272,469.29296875,75844900
2024-01-23,469.836566173897,470.9043307691421,468.7493682867175,470.6616516113281,49945300
2024-01-24,473.52526505734005,474.45714470411593,470.6810725123754,471.1761474609375,81765000
2024-01-25,473.3020267275593,474.01066056996024,471.17618444820096,473.7388610839844,72525000
2024-01-26,473.311776348533,474.79697179035713,472.292535611096,473.1370544433594,76641600
2024-01-29,473.4475958586122,477.029542315143,472.9039969579279,476.8839111328125,61322800
2024-01-30,476.1947836172532,477.2237409528727,475.75794925118413,476.51513671875,58618400
2024-01-31,474.31155855924624,474.75807991768903,468.7202212489611,468.7396545410156,126011100
2024-02-01,470.43839078044346,474.9036930669608,469.6326794127357,474.87457275390625,91891600
2024-02-02,475.31136898916844,481.523949196212,474.97161226030033,479.8737487792969,99228200
2024-02-05,479.24284325758833,479.9029234991888,475.8744551474019,478.1264953613281,75757100
2024-02-06,479.0680669349689,479.84465802363434,477.6411122849623,479.5146179199219,55918600
2024-02-07,481.756982255993,483.93137810723994,480.854193242822,483.51397705078125,70556500
2024-02-08,483.513949705615,484.1060726186496,482.69855130751233,483.7275085449219,52343600
2024-02-09,484.2322866772762,486.9599980744067,483.8925299274153,486.523193359375,63979400
2024-02-12,486.49406987855394,488.75582660767503,485.59128089218916,486.30963134765625,56502300
2024-02-13,480.04849815534635,482.53353038052535,476.3500701317823,479.6116638183594,113099200
2024-02-14,482.2423403647749,484.4555731763151,479.92231331563113,483.97021484375,68387800
2024-02-15,484.66915861837293,487.4939478237512,484.19348728209525,487.30950927734375,61683000
2024-02-16,487.00856229426716,488.1442842020213,484.144936285217,484.8826904296875,75532900
2024-02-20,483.14507545774694,483.8148722929186,479.970842787005,482.21319580078125,71736700
2024-02-21,480.9124629140013,482.8053426352379,479.1069145137689,482.6500244140625,59293400
2024-02-22,489.25088043870596,493.5996718242251,488.2898508655614,492.638671875,76402500
2024-02-23,494.3568862406584,495.191718012327,492.250447577862,492.9784851074219,61321800
2024-02-26,493.4152963659735,493.85213073904663,491.04674520195,491.1729431152344,50386700
2024-02-27,491.86214231163,492.30866367947897,489.9692329795254,492.08538818359375,48854500
2024-02-28,490.5322390639573,492.01743437576624,490.17307863790023,491.4350280761719,56506600
2024-02-29,493.1920646857842,494.81314506363924,490.55171394937406,493.2017517089844,83924800
2024-03-01,494.075392019808,498.2591489639279,493.6676779750869,497.83203125,76844800
2024-03-04,497.03607301464484,499.1425115484434,497.00692307628157,497.2981262207031,49799300
2024-03-05,495.29839314371003,495.7449440770518,490.1244870696133,492.3280029296875,72855600
2024-03-06,495.5993458504527,497.0748540345267,493.53174438668293,494.8227844238281,68382400
2024-03-07,498.1135085613306,500.78297909459656,494.88100583529064,499.7345886230469,58652100
2024-03-08,500.3655769656846,503.04470489035225,496.16235769149256,496.7350769042969,86532500
2024-03-11,495.5314219659159,496.89041928478855,493.6093924281333,496.3079833984375,62557200
2024-03-12,498.41443934118087,502.2293483869414,495.9002573325016,501.6469421386719,73114400
2024-03-13,501.9672573875113,502.14197926945354,499.4239845817287,500.8606262207031,55104100
2024-03-14,501.83132111592977,501.9866689472691,496.8321662856789,499.8705139160156,110171800
2024-03-15,496.80816405826874,498.2590460217431,494.77306623402836,496.4381408691406,107646300
2024-03-18,500.498619372016,501.93972478311895,498.9795987021718,499.3885498046875,88893300
2024-03-19,498.6971497497458,502.4459962981956,497.69417669493055,502.16363525390625,60755300
2024-03-20,502.22210687375775,506.9446864437559,501.5502289693654,506.808349609375,69594600
2024-03-21,509.6419901809582,510.34304922248214,508.20082532016534,508.4832458496094,60256100
2024-03-22,508.39551924735605,508.8823855528386,507.2854498071945,507.5191955566406,79070800
2024-03-25,506.1462159868013,507.2660322991133,505.96120440733904,506.1170349121094,48512100
2024-03-26,507.53866742888704,507.87950952715136,504.78304672651166,505.1822509765625,65463700
2024-03-27,508.0060617645378,509.466660680705,505.84434446401093,509.42767333984375,82999800
2024-03-28,509.4665980428767,510.8297878712115,509.04790020355074,509.33026123046875,96294900
2024-04-01,510.07039018205234,510.60593125263364,507.2854696375655,508.4442138671875,62477500
2024-04-02,504.62721155274875,505.3477642225264,502.9134325371014,505.21148681640625,74230300
2024-04-03,504.1208688391064,507.266065898289,504.0721940901131,505.7664794921875,59155800
2024-04-04,509.76850451197106,510.10928714568735,499.29113233493734,499.5929870605469,96858100
2024-04-05,500.94656541967566,506.7694681704287,500.50837380151097,504.812255859375,74546500
2024-04-08,505.51336185898396,506.5162756490336,504.2864491311744,505.0946044921875,48401800
2024-04-09,506.8278303713481,507.0712635271461,500.8393509659492,505.6788330078125,68049200
2024-04-10,499.9922448100833,502.6018412987628,498.6388015333815,500.6154479980469,82652800
2024-04-11,502.1344876196163,505.8346601112469,498.6290735605831,504.3935546875,70099000
2024-04-12,500.85889444352966,502.27081877394835,495.70784003413945,497.4313659667969,92561100
2024-04-15,501.5989207934361,501.7644387082916,490.3522904966187,491.199462890625,92101400
2024-04-16,491.6765860412786,493.19560665785394,489.01828510429004,490.3036193847656,73484000
2024-04-17,492.7573540743495,492.92290168590637,486.00939451097605,487.4018249511719,75910300
2024-04-18,488.794360179131,490.8878795783521,485.46418121059236,486.3989562988281,74548100
2024-04-19,486.32104754330464,487.3142441699,480.8876025986124,482.1534729003906,102212600
2024-04-22,484.7533807670464,489.1838827819534,482.41642801907807,486.59375,67961000
2024-04-23,488.5995792337359,492.7963646750655,486.4086807205422,492.367919921875,64633600
2024-04-24,493.25400289949073,494.04272395926796,489.91410708182036,492.13421630859375,55928100
2024-04-25,486.0678630419317,491.02415872515365,484.42225246602163,490.2646484375,69122400
2024-04-26,493.0495298783495,496.4868049205615,492.4166096033967,494.90936279296875,64306100
2024-04-29,496.6913201679961,497.33398732987405,493.9259228058318,496.662109375,46415400
2024-04-30,495.2015209263445,496.1752536684076,488.79437255859375,488.79437255859375,77483600
2024-05-01,488.2100662136069,494.84118298455326,486.73972044696376,487.2071228027344,80242800
2024-05-02,490.9073316662554,492.6016467604268,486.4281553313073,491.76422119140625,62550200
2024-05-03,497.7332427499149,499.0867158383158,495.201531622673,497.8598327636719,72756700
2024-05-06,500.2551653379584,503.0400265445959,499.8169737447077,503.0010986328125,47264700
2024-05-07,503.96507290224616,504.9485523975052,502.8842439138016,503.5561218261719,52561300
2024-05-08,501.72550045922026,504.14033844049237,501.6086572944442,503.60479736328125,42047200
2024-05-09,503.7898682306733,506.54554862676025,503.1374839119154,506.5065612792969,43643700
2024-05-10,508.10351940578255,508.9117342857,505.94186107705553,507.1590270996094,52233200
2024-05-13,508.8337334335511,508.94082976185797,506.0878002167031,507.22705078125,36716400
2024-05-14,507.421692302327,510.0702754163573,506.8861513522423,509.5541687011719,57535900
2024-05-15,512.01781913004,516.1561825946173,511.3848691803367,515.8640747070312,59504900
2024-05-16,515.9614174721102,517.5583531460086,514.6565896819933,514.8026733398438,50244800
2024-05-17,514.9195214966393,515.6108930215729,513.4686694664939,515.542724609375,59187600
2024-05-20,515.6595382886503,517.5972564963745,515.2700215074756,516.1366577148438,37764200
2024-05-21,515.3773274826686,517.5584794564415,515.1728221981522,517.4026489257812,33437000
2024-05-22,516.7113097871478,517.4221156794935,513.7413773413039,515.912841796875,48390000
2024-05-23,518.9605990872589,519.0676954201629,510.93699174891134,512.1444702148438,57211200
2024-05-24,513.9848197975488,516.3412958961842,513.0403275362747,515.5330810546875,41291100
2024-05-28,516.3413100648252,516.5749964273494,513.2642811397658,515.8933715820312,36269600
2024-05-29,511.8718716025252,513.4590608844294,511.57001679975457,512.2808227539062,45190300
2024-05-30,510.74218656340605,511.404317527227,507.63597753153255,508.88232421875,46377600
2024-05-31,509.8367164200918,513.6439850215788,504.7440541264526,513.5173950195312,90785800
2024-06-03,515.1240809646227,515.4064420460951,508.87267437322015,513.9360961914062,46835700
2024-06-04,512.631323194632,515.2506664560023,511.17072418863216,514.5106201171875,34632700
2024-06-05,516.8280887412405,520.645104022442,514.8416361330836,520.6256103515625,47610400
2024-06-06,520.927446289771,521.3558910101924,518.6878732006264,520.6158447265625,30808500
2024-06-07,519.6421901069427,522.7873872843439,518.55161418802,519.9830322265625,43224500
2024-06-10,519.1747616812378,521.9109480214009,518.5807990347079,521.589599609375,35686100
2024-06-11,520.0414093421914,522.9041857425336,518.0744503489441,522.8457641601562,36383400
2024-06-12,527.4028194115604,529.8274041983666,526.1077383475028,527.139892578125,63251300
2024-06-13,528.8828575806059,529.0581223075357,525.4163720846324,528.2012329101562,44760900
2024-06-14,526.6726498510748,528.5519471953481,525.6696764478946,528.5227661132812,40089900
2024-06-17,527.8409678567655,534.1215548157255,527.3832826445532,532.7290649414062,55839500
2024-06-18,532.7874995764366,534.2091705580833,532.3688016931667,534.0825805664062,41376400
2024-06-20,535.0075623992715,535.669693336776,530.859452632278,532.6316528320312,70328200
2024-06-21,531.810221745453,533.0313142277637,530.4621308750893,531.9176635742188,64338600
2024-06-24,531.7419157804823,534.3013212499749,530.0714395414016,530.1886596679688,45528700
2024-06-25,531.4098071206151,532.5918464129629,529.8956639766467,532.2304077148438,37936200
2024-06-26,531.1166134619692,533.6076301716555,530.4719028733521,532.89453125,38550600
2024-06-27,532.7577451835803,534.3110010096894,532.0153114364416,533.734619140625,35041500
2024-06-28,534.5064116818106,537.5543137581463,530.3938098387125,531.6343994140625,76144500
2024-07-01,533.0117265646933,533.2559450469041,529.9736629556671,532.7284545898438,40297800
2024-07-02,531.1264605772033,536.3136596679688,531.0776287968915,536.3136596679688,40434800
2024-07-03,536.0010708200014,539.068469909586,535.9620173191718,538.70703125,32789900
2024-07-05,539.0098526062544,542.213968717536,538.3748605783948,541.8134765625,41488400
2024-07-08,542.5948722312855,543.3861377502993,541.3737797869028,542.4385986328125,36110500
2024-07-09,543.3958913589794,544.2945986626197,542.6730142045088,542.966064453125,27289700
2024-07-10,544.1872742397521,548.6808713510104,543.8942239279161,548.3389892578125,38701200
2024-07-11,548.4561564855596,549.3255886798729,542.9759074999535,543.61083984375,53054200
2024-07-12,544.7342644743289,550.6345620898736,544.2653840243584,547.0396728515625,53084400
2024-07-15,549.0325043663784,551.7775178290722,546.6879829958002,548.5440673828125,40584300
2024-07-16,549.8530882979716,552.090108393895,549.1008762046278,551.7970581054688,36475300
2024-07-17,545.8772131422685,547.5476892504238,543.7378565645935,544.0602416992188,57119000
2024-07-18,545.593898977862,546.580551242634,537.7007404833427,539.879150390625,56270400
2024-07-19,539.6447995873152,541.2664440605769,535.2390876445896,536.2941284179688,65509100
2024-07-22,540.2113760766848,542.4288993582354,538.277184442637,541.8232421875,43346700
2024-07-23,541.7157018138391,543.8648365993427,540.484890622907,540.9733276367188,34439600
2024-07-24,536.1671782286543,536.47000685651,527.7953588811716,528.713623046875,74515300
2024-07-25,528.8306910081631,534.7994361794972,525.0209183627663,525.9586791992188,61158300
2024-07-26,529.7392825093052,534.5357078065754,528.9675138593225,531.8493041992188,53763800
2024-07-29,533.3927359573876,534.3988851266782,530.169004207153,532.161865234375,39515800
2024-07-30,533.6271909452782,534.6822315404584,526.0661958644091,529.4656982421875,46853600
2024-07-31,536.2842643515584,540.6997538692295,534.9166765387299,538.0719604492188,65663400
2024-08-01,539.7913683115238,542.0381669821182,526.9552273833177,530.4524536132812,76428700
2024-08-02,523.3602388903765,524.5715530952934,516.3755660291246,520.576171875,82789100
2024-08-05,499.8078827767836,511.47176200774925,498.4695402072865,505.4151306152344,146267400
2024-08-06,507.2125052074326,517.4990173620844,505.89374911647377,510.0747985839844,84826300
2024-08-07,516.2486294067602,519.2965314666948,506.0696179320819,506.6654968261719,70698300
2024-08-08,511.79399346845105,519.0033278281719,509.7719169059722,518.378173828125,63276600
2024-08-09,517.5575496711185,522.1488688468696,516.3364573171235,520.6640014648438,45619600
2024-08-12,521.8559471668351,523.3407552909962,518.6713279832952,520.9376831054688,42542100
2024-08-13,524.1221746789957,529.7391995235392,523.8779562074939,529.5046997070312,52333100
2024-08-14,530.2960824274743,532.3573320967027,527.6292352085552,531.17529296875,42446900
2024-08-15,536.7922766972661,540.5629961238054,536.1866195717042,540.2797241210938,60846800
2024-08-16,538.6678476452682,542.1846298407453,538.5115740387317,541.4910278320312,44430700
2024-08-19,541.9013070349608,546.66845703125,541.0514314058853,546.66845703125,39121800
2024-08-20,546.2191462607274,547.8700657821756,544.4412283435015,545.779541015625,33732300
2024-08-21,546.8247712917706,549.1106230342316,541.9012882335657,547.6550903320312,41514600
2024-08-22,549.5502187339081,550.155875826028,542.1454973391976,543.3568115234375,56121500
2024-08-23,546.5903394303513,550.0680084955276,544.4020915801096,549.1301879882812,50639400
2024-08-26,550.1559102385648,550.8690092024209,546.1214157161334,547.8211669921875,35788600
2024-08-27,546.5512279111676,549.0618012606642,545.4083020191189,548.5733642578125,32693900
2024-08-28,548.2315309438809,548.661357929549,542.204174863817,545.3887939453125,41066000
2024-08-29,547.3522554939839,550.6443160255352,544.294635177053,545.4375610351562,38715200
2024-08-30,547.8017316610252,551.1524028130747,544.2556737558524,550.6444091796875,62700100
2024-09-03,547.508549729637,547.8407131286382,536.8020487007664,539.3126220703125,60600100
2024-09-04,537.4761456891545,541.6083040829072,536.7532683896355,538.2088012695312,47224900
2024-09-05,538.1501466111926,540.9928237930679,534.4477558926965,536.8997192382812,44264300
2024-09-06,537.2221175565589,538.8437022454943,526.9649400293706,527.8636474609375,68493800
2024-09-09,532.0544335310877,535.043665505135,530.1299607989381,533.773681640625,40445800
2024-09-10,535.6787671314214,536.4505359735887,530.8139522851516,536.0988159179688,36394600
2024-09-11,536.0108196239122,542.5167747623394,527.4729497044474,541.5985107421875,75248600
2024-09-12,542.1748597619055,546.4633510224045,539.9573366553728,546.1605224609375,51819600
2024-09-13,546.7662020730168,550.0094311099382,546.5122052774053,549.0130004882812,39310500
2024-09-16,548.7491334077678,550.0874458768798,546.9517188263792,549.82373046875,36656100
2024-09-17,552.0314851715059,553.477299266029,547.8211605278194,550.0484619140625,49321000
2024-09-18,550.7030274298603,555.5385664291312,547.8603498689396,548.4171752929688,59044900
2024-09-19,557.8048475354702,559.6315971955383,554.9426137920285,557.7755126953125,75315500
2024-09-20,556.4096197933483,557.8500005367814,553.7933228326182,556.8113403320312,77503100
2024-09-23,557.8795056148167,558.8495678561227,556.6644159380835,558.2028198242188,44116900
2024-09-24,558.9964258828836,559.8587165873663,556.1743944512203,559.7999267578125,46805700
2024-09-25,559.6432009533316,560.378103761662,557.4580492681129,558.5653076171875,38428600
2024-09-26,562.8179934718497,563.1413674659622,558.428192996937,560.7798461914062,48336000
2024-09-27,561.847824630314,562.6610738881527,558.9375788488986,559.9664306640625,42100900
2024-09-30,558.937595094156,562.8179029799776,556.6447321030395,562.2103881835938,63557400
2024-10-01,561.8576982708267,562.5043864049716,554.6066335561335,557.1738891601562,72668800
2024-10-02,556.282242548741,558.4281611024765,553.8913563966638,557.4090576171875,38097800
2024-10-03,555.9391917508498,558.3300776437013,554.1068390984451,556.3899536132812,40846500
2024-10-04,560.8287218708198,561.818400406846,556.6642732473864,561.446044921875,42939100
2024-10-07,559.7999074826037,560.446655391967,555.2239297880301,556.370361328125,49964700
2024-10-08,558.9376197622599,562.230029540932,558.0655806170524,561.6322631835938,37398700
2024-10-09,561.6224751598685,566.0809331902332,561.0247685875196,565.5223999023438,37912200
2024-10-10,564.1800368650188,565.953600014702,562.9257739624676,564.5327758789062,44138100
2024-10-11,564.4542980317323,568.6481717987969,564.3171018304082,567.9132690429688,42268000
2024-10-14,569.520288010914,573.4888112745962,569.0401610478535,572.5579223632812,36217200
2024-10-15,572.8224884018784,573.1262458468478,566.8942243784207,568.1093139648438,54203600
2024-10-16,568.1093193754714,571.097912292803,567.3058184280349,570.5785522460938,30725400
2024-10-17,574.1157772582931,574.3215715502484,570.4412636582532,570.62744140625,34393700
2024-10-18,572.3130189591948,573.6064553063766,570.8530213586306,572.8225708007812,37416800
2024-10-21,572.0973176864316,573.0771881011084,568.912738838732,571.8817749023438,36439000
2024-10-22,569.3536780068462,572.7342428128154,568.697181591541,571.5780029296875,34183800
2024-10-23,569.5595423864669,570.0004960774122,562.8572017811279,566.3553466796875,49314600
2024-10-24,568.3052337104026,568.3836400907534,564.9639018539431,567.5801391601562,34979900
2024-10-25,569.8043437567766,572.6949728800472,566.4433960638868,567.384033203125,47268200
2024-10-28,570.8528957024953,570.9802836348513,568.8343651367928,569.1381225585938,30174700
2024-10-29,568.1778707648036,571.1762720247682,566.7864714367279,570.0592651367188,42899700
2024-10-30,569.5889199783458,571.578085865319,567.629178914475,568.334716796875,41435800
2024-10-31,563.9741674152153,564.0427655154251,556.9974954170759,557.1934814453125,60182500
2024-11-01,559.8196194970722,563.9644525610958,559.1336981878939,559.5452270507812,45667500
2024-11-04,559.6823223393656,560.9757583388703,556.4585705161212,558.3399047851562,38217000
2024-11-05,559.251198693126,565.1304208425688,559.0356559214524,565.0912475585938,39478300
2024-11-06,577.3396500855225,580.0146771322202,573.6063462638446,579.142578125,68182000
2024-11-07,581.1416251858423,584.6397701216673,581.063218798349,583.6206665039062,47233200
2024-11-08,584.1693242787533,587.5695056932594,584.1693242787533,586.148681640625,46444900
2024-11-11,587.7360663213191,588.0888053142032,584.9826328704219,586.7072143554688,37586800
2024-11-12,586.6288429184635,587.2265495486535,582.4056036057904,584.8847045898438,43006100
2024-11-13,585.3451316888757,587.1676761411395,582.9836705187753,585.1687622070312,47388600
2024-11-14,585.2961219646461,585.7762488320935,580.7201445096133,581.406005859375,38904100
2024-11-15,577.8491633593196,578.3195418358689,572.1071369723535,573.9591064453125,75988800
2024-11-18,574.4195885423085,577.6237838402152,573.5573576252949,576.310791015625,37001700
2024-11-19,572.9400384688264,579.142574989824,572.2737337790142,578.41748046875,49412000
2024-11-20,578.4958236706298,578.8975441726233,572.8615695316089,578.6134033203125,50032600
2024-11-21,581.455141177832,583.1404896221547,575.6249001169805,581.7196655273438,46750300
2024-11-22,581.7098478799927,584.1497754660484,581.2101642027249,583.5226440429688,38226400
2024-11-25,587.451946771504,588.7649396726674,583.2188992835091,585.5020141601562,42441400
2024-11-26,586.7462862080961,589.2253866159143,586.0310000728672,588.55908203125,45621300
2024-11-27,588.3730114334577,588.755115442667,585.2570306878304,586.7758178710938,34000200
2024-11-29,587.5891193661275,591.204843913549,587.3147867247623,590.4209594726562,30177400
2024-12-02,590.8323780737772,592.1552388895445,590.3424429138348,591.4791259765625,31746000
2024-12-03,591.2440480710218,591.9985076527607,590.2151960547985,591.7535400390625,26906600
2024-12-04,593.4389336760423,595.6730071584342,592.7726289600115,595.4280395507812,42787600
2024-12-05,595.4279904670244,596.2314913306755,594.0953811448159,594.4481201171875,28762200
2024-12-06,595.212464951605,596.8096584526629,594.800936138575,595.5750122070312,31241500
2024-12-09,595.457476264727,595.6240374954255,591.9201582931329,592.508056640625,34742700
2024-12-10,593.1841677805376,593.605504896008,590.0093971009587,590.6658935546875,37234500
2024-12-11,593.5860024095599,596.1826234477978,593.3116099521484,595.232177734375,28677700
2024-12-12,594.3698697768823,594.9381516110824,592.1651611328125,592.1651611328125,31543800
2024-12-13,594.1933425526647,594.9086286959063,590.6755820460321,592.0474243164062,35904700
2024-12-16,593.8014854078001,595.5456834945226,593.0274092921627,594.5755615234375,43695200
2024-12-17,592.0278303510687,592.9880840930309,590.7540109408761,592.1257934570312,55773500
2024-12-18,591.822113059209,594.2031909866316,574.0962907751041,574.4784545898438,108248700
2024-12-19,579.456191269411,581.0631932062172,574.0570953688857,574.3020629882812,85919500
2024-12-20,571.9778279294948,585.7225012446567,571.132257605004,581.199951171875,125716700
2024-12-23,580.9443313472664,585.2800771480029,577.7686569320756,584.6803588867188,57635800
2024-12-24,586.0273454449668,591.2185033240278,585.4472496940897,591.1791381835938,33160100
2024-12-26,589.4093887705021,592.3392110668057,588.0133066034633,591.2184448242188,41219100
2024-12-27,587.4823797773107,587.7183905820746,580.8165297326684,584.9949951171875,64969300
2024-12-30,577.9948115421023,581.7799853973963,574.5733451400716,578.3192138671875,56578800
