Date,Open,High,Low,Close,Volume
2015-01-02,91.90969500752934,92.90673779543822,91.80780807182146,92.65929412841797,9432000
2015-01-05,93.16143840493322,94.34042835363472,93.12505339078672,94.11482238769531,9789500
2015-01-06,95.11913996267151,96.42184904679051,94.74798280881839,95.81051635742188,18331300
2015-01-07,95.11910841076978,96.04337525770927,94.73339293622789,95.62126922607422,9762900
2015-01-08,94.87169221734624,94.87896588850275,94.18758956402385,94.35497283935547,8055300
2015-01-09,94.02751090971475,95.41754879221199,93.9110655038328,95.38844299316406,9398800
2015-01-12,95.33743012465858,96.29080264913114,95.27920746070423,95.9342041015625,6658100
2015-01-13,95.62125867091252,96.50913486275057,95.4393170103693,95.9342041015625,8260800
2015-01-14,97.31698831510906,97.60809062586986,96.57466298637526,96.66200256347656,12324500
2015-01-15,96.68383874162608,98.27036528012643,96.56010859427347,98.18303680419922,11454200
2015-01-16,97.76094361863852,98.0156554087968,96.81484428628839,96.93128967285156,9390500
2015-01-20,97.61539630114831,98.3286048885985,97.57173205566986,98.21944427490234,7758700
2015-01-21,98.39405824364522,98.67788682002266,96.76386789925738,97.08407592773438,9803900
2015-01-22,97.52076128638986,97.65175399361495,96.26900137253547,96.73477172851562,10200000
2015-01-23,97.73907210739694,98.33583503955889,97.6299004371745,98.08112335205078,7334600
2015-01-26,98.13208562094646,98.38680847655957,97.55715465906408,97.78276062011719,5966500
2015-01-27,98.77980147281629,99.07091490528508,97.62992840045898,97.93560028076172,8079600
2015-01-28,98.06663498025685,100.00249849178357,98.03024439751375,99.53672790527344,12230300
2015-01-29,99.0636174278651,99.46389140566379,98.58329975934723,98.88167572021484,8881400
2015-01-30,100.22079870069368,100.79572974596566,99.83507197329672,100.6356201171875,14871200
2015-02-02,99.68687888373132,100.57655054899321,99.65771424613156,100.25568389892578,13689900
2015-02-03,98.92114278726251,99.02323567511115,97.98771891913486,98.13357543945312,14008700
2015-02-04,97.34601500981164,98.43987235123032,97.07618929903627,98.30131530761719,11360400
2015-02-05,97.71795322561077,97.88567495505669,97.0689314440549,97.22207641601562,8334600
2015-02-06,96.29591224160164,96.51468594002375,95.23121951050342,95.50104522705078,13685600
2015-02-09,96.23762584245279,96.24491422314884,95.34795379638672,95.34795379638672,8025500
2015-02-10,94.90305988599967,95.14370982976756,94.3925953661702,94.58949279785156,8290700
2015-02-11,94.582186311181,94.99785739989744,94.04255719889936,94.76449584960938,6506400
2015-02-12,94.5530588178741,95.194781078628,94.39991384943666,94.45096588134766,12548300
2015-02-13,94.44362182591577,94.45820970347995,93.4081050646647,93.48103332519531,8325200
2015-02-17,93.19665123784594,93.29145020810705,91.82567975736823,92.07362365722656,14968800
2015-02-18,92.48195692465782,93.15285450576415,92.22672475398085,92.62051391601562,14009200
2015-02-19,92.45284674916665,92.94143515926403,92.00801086425781,92.00801086425781,8584800
2015-02-20,92.64972220967881,93.34978470082586,91.88401981906144,92.2778091430664,12502500
2015-02-23,92.75178747061669,93.46643762941898,92.72991121974545,93.33517456054688,7500500
2015-02-24,93.08728928920952,94.64785356403951,92.74454632740076,94.56034851074219,11958300
2015-02-25,94.40717597055472,95.08536211021605,94.13006191230629,94.96868133544922,8019800
2015-02-26,94.58222525250231,95.01977277579361,93.63421303690168,93.6706771850586,11020500
2015-02-27,94.0863443635673,94.52388074058307,93.53941554682615,94.458251953125,9225100
2015-03-02,94.25505575916443,94.30620726496124,92.62568296264583,92.6987533569336,11324000
2015-03-03,92.71338433986615,93.06410335578444,92.34074643066977,92.3626708984375,8599000
2015-03-04,92.74993396578833,92.82299881290533,92.18002035398914,92.39190673828125,6478900
2015-03-05,92.4503735567566,92.70610334407155,91.9900599395897,92.27501678466797,6045000
2015-03-06,91.09134359588292,91.20825182381161,89.84922433384178,90.2364730834961,20022900
2015-03-09,91.09865454811306,91.23748167941397,90.69678947039527,91.06942749023438,8889100
2015-03-10,92.04115182246498,92.38456258131453,91.8877140402214,92.26765441894531,9277900
2015-03-11,92.25304912857331,93.12983810011853,92.15075726770931,92.93986511230469,6663100
2015-03-12,93.67058490886038,93.67058490886038,92.58921151758668,92.8741683959961,10295900
2015-03-13,92.61838414849792,93.22482719452888,92.42110299508136,92.58915710449219,7247200
2015-03-16,93.48060607910156,93.63403837640925,92.99105983156257,93.48060607910156,6374600
2015-03-17,93.92629421453168,94.33546180845791,93.72901299996698,94.25508880615234,6314000
2015-03-18,94.92001150969973,96.10367674589696,93.97015159778374,96.07445526123047,13981900
2015-03-19,95.8625735917538,96.16944940208484,95.18306525794613,95.58493041992188,9543800
2015-03-20,95.8772476300644,96.2279614602924,95.81879346686114,96.0891342163086,5953800
2015-03-23,96.22785395748892,96.26438916229891,95.70909195571626,95.97212982177734,5555500
2015-03-24,96.32289194597926,96.9147246565099,96.06715653202869,96.90010833740234,6713000
2015-03-25,96.97316237376869,97.002383858054,96.05253510751156,96.08175659179688,5635800
2015-03-26,95.75298365815887,95.81874037445542,94.38664204196866,94.58392333984375,9536300
2015-03-27,95.00766777382114,95.81139780083879,94.97113256368746,95.76024627685547,7907900
2015-03-30,95.6433401765473,95.7164105984286,95.05150766584437,95.28532409667969,7010600
2015-03-31,95.16112692224915,95.68720281796233,94.92000787429873,95.48992156982422,6844300
2015-04-01,96.15842507941794,97.00043833149368,96.13646029352535,96.74417877197266,9273900
2015-04-02,96.59771814972326,96.62701197493737,95.63123419175322,95.7190933227539,6663400
2015-04-06,96.23164921644717,96.2682609215728,94.97961157634676,95.18462371826172,5923800
2015-04-07,95.35302084221475,96.07789235815243,95.07479647203863,95.98270416259766,4764900
2015-04-08,95.9314368865129,96.18037854554517,95.19924765007372,96.01197814941406,5378900
2015-04-09,95.82162752029663,95.85823922641097,94.54762505718095,94.76727294921875,6484200
2015-04-10,95.4188904987074,95.51406748615032,94.85510175386258,94.9063491821289,4843000
2015-04-13,94.84048324242275,95.16996620722709,94.73797718287646,95.03817749023438,4010600
2015-04-14,96.1437427048724,96.54644891824736,95.53602445056441,95.71175384521484,6075500
2015-04-15,95.95339825547293,96.11448077554338,95.41890326014138,95.63123321533203,4425200
2015-04-16,95.79233564293027,95.8143004300209,94.75262808878983,95.15533447265625,7085500
2015-04-17,95.01622684601622,96.42934710382373,94.96496822245261,96.24629974365234,7268800
2015-04-20,95.87284123298913,95.92408865968375,95.13332310179874,95.39691162109375,4949400
2015-04-21,95.35301765970308,95.51410021342404,94.8624521269431,94.96495819091797,4563800
2015-04-22,94.8185554137041,94.8551671290242,93.38346443453901,93.5152587890625,9707600
2015-04-23,93.57377791207163,94.34257877299487,93.43466018256971,93.91790771484375,6843400
2015-04-24,94.1887997468006,94.76722418540386,94.15218805952533,94.50364685058594,4773000
2015-04-27,94.50364685058594,94.81848278205293,93.9911055733688,94.50364685058594,4334900
2015-04-28,93.84467995663638,94.26203312569656,93.17839074955246,93.20035552978516,7464300
2015-04-29,92.11672213606242,92.57800491056827,91.72866275101867,92.05815124511719,11554800
2015-04-30,91.55293378765475,92.38030553241583,91.16487442430522,92.21922302246094,12876000
2015-05-01,91.51340370302721,91.74084642701528,90.75036336732052,90.9778060913086,12378500
2015-05-04,91.19790512144922,91.36665112324708,90.03867057967499,90.11937713623047,9144700
2015-05-05,90.14139557828351,90.26612186933313,89.28297731970602,89.99465942382812,13935500
2015-05-06,89.50310611179954,89.5544643397146,88.31452838072892,88.45392608642578,14355000
2015-05-07,89.0922479160882,89.92865661238645,89.03355119412367,89.64251708984375,11933700
2015-05-08,90.52292152693877,90.647653427448,89.73787127110617,89.88461303710938,11716400
2015-05-11,89.2316154715768,89.25362533408612,87.67618654862349,87.69819641113281,13738600
2015-05-12,87.41207694521856,88.50527661437476,87.17729569551469,87.9256591796875,15861700
2015-05-13,88.51995935102809,88.5713175778168,87.04523655662815,87.22132110595703,15760000
2015-05-14,87.2506523382456,87.9183147530771,87.08190631090137,87.45608520507812,9128400
2015-05-15,88.32185842020232,89.44441210431621,88.25582881399806,89.20962524414062,12630600
2015-05-18,88.27779267240459,88.35849921411904,87.65415579357612,87.71285247802734,10208300
2015-05-19,86.77376749659726,87.9256639399493,86.67105104414244,86.9351806640625,8435300
2015-05-20,87.14061555719925,87.63952645091747,86.70773986878116,87.08192443847656,7789700
2015-05-21,87.734909962808,88.49061199307796,87.63952639938914,88.29985046386719,11760700
2015-05-22,88.51995562324115,88.5933237159029,87.89631843917627,88.33653259277344,5417900
2015-05-26,88.65933267362685,89.91395083577048,88.58596459805057,89.84791564941406,10469700
2015-05-27,89.64250182620847,90.14141268270124,89.22429754926796,90.0533676147461,6490300
2015-05-28,89.87728694897503,90.266142886685,89.6718540458548,89.83326721191406,6237600
2015-05-29,90.4128568525615,90.66230941598522,89.88459777987002,90.03133392333984,7912000
2015-06-01,89.78432231916341,89.9828438612566,88.74023442582178,89.06375122070312,13108100
2015-06-02,88.35791410690095,88.42409171305754,87.57852511910986,87.8211669921875,10076200
2015-06-03,87.04909136110933,87.20349823317837,86.1741134763559,86.4094009399414,14810900
2015-06-04,86.9535336143637,87.71086518768105,86.86529868564523,87.5344009399414,10859300
2015-06-05,86.64471834560197,87.18147103754445,86.30649285042217,86.46825408935547,11200200
2015-06-08,86.73294821021824,86.88000642324475,86.2991391036088,86.37266540527344,5334000
2015-06-09,86.07114451323413,86.1226134520241,85.37263668541398,85.68880462646484,12393900
2015-06-10,85.23296878193754,85.38737566335422,84.747690813156,84.93885803222656,12183600
2015-06-11,85.7035326735262,86.7402716702359,85.46824522607152,86.7255630493164,13849300
2015-06-12,86.46086396971799,87.54907192025543,86.4314579472695,86.7255630493164,7863100
2015-06-15,87.41672803854674,87.54172327597658,86.57116179119403,86.86527252197266,8194200
2015-06-16,87.2108621090209,87.55644183618459,86.71822980462406,87.54908752441406,7046400
2015-06-17,87.1299490893706,87.22553266803781,86.21085679939833,86.87260437011719,13626100
2015-06-18,86.2990763488189,86.5711240281207,85.84320463448243,86.44612884521484,10123300
2015-06-19,87.13732865005476,87.63731522507925,87.12262002772404,87.55643463134766,10439200
2015-06-22,86.64468661243946,86.86527105923287,85.72559410029275,85.76971435546875,9769000
2015-06-23,85.09327979962727,85.99766386218555,85.06386816048031,85.25503540039062,8945100
2015-06-24,85.66676345074872,86.15204130652376,85.40941870831539,85.99028015136719,8600400
2015-06-25,85.72556494863277,86.08585312985618,85.43145993251498,85.68880462646484,8287800
2015-06-26,85.04907189777967,85.19612994197938,84.46820524499506,84.72555541992188,11673000
2015-06-29,85.99765439615251,87.25497238038066,85.63001736182746,86.96821594238281,17132900
2015-06-30,86.32117313360966,87.27702601664379,86.26970417536702,86.36528778076172,13469000
2015-07-01,85.34688491089767,85.74480751589445,85.05949729985166,85.19950866699219,12451500
2015-07-02,85.71535101139582,85.96589743056343,85.3911164531947,85.47954559326172,6682100
2015-07-06,86.9901470310248,87.43228133117641,86.26061953262986,87.06383514404297,10605800
2015-07-07,88.17654059378744,88.78815696663959,87.65334208207791,87.88178253173828,16160100
2015-07-08,88.44185918734661,88.84715242028044,88.05867745788247,88.64082336425781,9951800
2015-07-09,87.4691463412777,87.77864549531047,86.84278877738342,86.89437103271484,11108900
2015-07-10,85.5090174393272,86.01010462904854,85.30268841215565,85.51638793945312,13636600
2015-07-13,85.02999818645522,85.81847268677289,85.02999818645522,85.25106811523438,8006700
2015-07-14,85.49430392743864,85.67852713550866,85.22902768010024,85.5311508178711,4227800
2015-07-15,85.56059604984694,86.62172314098717,85.50901379525229,86.4375,8720400
2015-07-16,86.13537580709054,87.07123256007398,86.12064042874852,87.03438568115234,7306500
2015-07-17,87.22597544392764,87.60915710622885,87.21860494406296,87.48388671875,7404900
2015-07-20,87.16703025749004,87.43231205521053,86.87964258030028,87.11544799804688,5941000
2015-07-21,86.71753304071376,87.63864891443734,86.70279766043404,87.58706665039062,5627500
2015-07-22,87.69756802119166,88.35340182180926,87.65335065323292,88.13233184814453,6228900
2015-07-23,88.13234783701314,89.3113747923558,88.02181283012764,89.23031616210938,9087700
2015-07-24,89.53242885506288,89.56927572480808,89.10502990300765,89.45137023925781,7307900
2015-07-27,90.04089388306951,90.1145820066222,89.5177008971889,89.93035888671875,8172000
2015-07-28,89.28192189274631,89.58404497513963,89.09032821729865,89.27455139160156,9128200
2015-07-29,89.17872987992794,89.28926488182012,88.73659549440299,88.94292449951172,6706400
2015-07-30,89.31874895832767,89.85668301549443,89.2745372025763,89.62824249267578,6146600
2015-07-31,90.22511761666375,90.5640874849465,89.94509487439802,90.29143524169922,9178400
2015-08-03,90.33353035698183,91.38958804419873,90.33353035698183,91.24188995361328,11753700
2015-08-04,90.9538999133688,91.07205729168463,90.43694518455973,90.51818084716797,6448800
2015-08-05,89.92739991184241,90.03079539134502,89.49907296795551,89.83878326416016,7574400
2015-08-06,90.09721326628153,90.73971181547049,90.09721326628153,90.63632202148438,6118100
2015-08-07,91.05728798210977,91.94348802257427,91.01297403606083,91.82532501220703,8317000
2015-08-10,91.13851299253876,91.25667035477547,90.48124118424529,90.68802642822266,7461700
2015-08-11,91.79578918892749,92.40874148895199,91.69239937281144,92.12811279296875,11145700
2015-08-12,92.26102750825257,92.83705799458349,91.57422062816845,91.62591552734375,8455200
2015-08-13,91.44865307095735,91.88436630376911,90.99816665115402,91.33049011230469,7691400
2015-08-14,91.18285144481534,91.84750443439158,90.98345273078064,91.54471588134766,4324700
2015-08-17,92.09859203692689,92.38660739211548,91.86227160102027,91.9582748413086,7880300
2015-08-18,91.42650908229567,91.7883733233127,91.1163340985319,91.2344970703125,5024300
2015-08-19,90.88004896954791,92.26104965664484,90.82835405796263,92.13550567626953,10736000
2015-08-20,92.58598019068164,93.12508339311063,92.4456630343378,93.06600189208984,9078300
2015-08-21,93.16941027656443,93.59773713265133,92.74845874906592,93.34664916992188,10718300
2015-08-24,94.7571769760215,95.20766358571977,92.91830882282574,93.31710052490234,16663400
2015-08-25,91.98040342990602,92.15764228812318,91.24928257540704,91.81793212890625,15354800
2015-08-26,90.83571360055174,91.21235106382247,89.62457120329007,90.04551696777344,16429900
2015-08-27,89.96430605879678,90.73973534912392,89.8387620812993,90.09723663330078,9127000
2015-08-28,90.94649231932813,91.18281265572213,90.26707205648552,90.36307525634766,9946200
2015-08-31,91.10162603333399,91.18286172089968,89.60984852924057,89.66893005371094,8617600
2015-09-01,90.02635436945555,90.35939929654285,89.53788809995737,90.31499481201172,15298200
2015-09-02,89.86356815451823,90.27803088830652,89.44911106728428,89.53792572021484,9515200
2015-09-03,89.83395707827962,90.04858823981898,89.3380880050097,89.97457885742188,7042500
2015-09-04,90.62584729355007,90.98110014785796,90.15958321591398,90.79607391357422,7951300
2015-09-08,89.8339083850102,89.96712745973694,89.37504707493542,89.45645904541016,7049500
2015-09-09,88.53877397549853,90.07819398901118,88.48696684266658,89.8857650756836,7441900
2015-09-10,89.56747952875922,89.69330163489829,89.14562002277904,89.27883911132812,6789700
2015-09-11,89.90054122786887,90.35200565915918,89.7969269957582,89.8413314819336,5890900
2015-09-14,90.25579168535427,90.40381605556364,89.75992274989574,89.9819564819336,4221700
2015-09-15,89.47126341234127,89.58968288352834,88.16128048000358,88.25749206542969,11895000
2015-09-16,88.04289812748858,88.39815104427238,87.73945798610664,87.92448425292969,6949800
2015-09-17,87.98365119416141,89.08641134403315,87.87263999821225,88.99759674072266,19843600
2015-09-18,89.70812070302044,90.4408230256801,89.64891095158966,90.36681365966797,14963300
2015-09-21,89.56010808385025,89.63411745491383,88.64977644476429,88.89401245117188,10085600
2015-09-22,89.87834140805319,90.5814388086969,89.65630767808553,90.12997436523438,9968200
2015-09-23,90.01155501150261,90.34459993953233,89.54528533639863,90.12256622314453,6769900
2015-09-24,91.15872942657826,91.53618454904925,90.65545781213459,90.73686981201172,9605800
2015-09-25,90.03375878938505,90.2409872500536,89.75251532429021,89.95234680175781,8383700
2015-09-28,90.4408297391155,91.60279437607208,90.4408297391155,91.49178314208984,9833400
2015-09-29,91.43258618009997,91.98766501389377,91.21795502011325,91.7508316040039,9006100
2015-09-30,91.33634455217616,91.62498499923097,91.12171346267733,91.43255615234375,9832600
2015-10-01,92.02291643871372,92.34923498498802,91.71142823888366,91.82266998291016,9069400
2015-10-02,93.14277336631581,93.60259323250973,92.09706156798732,92.3788833618164,13000400
2015-10-05,91.75593616618474,91.83751722730722,91.05879097414851,91.12554168701172,11362700
2015-10-06,90.88822121085701,91.66694184603999,90.78439179283261,91.51861572265625,5687800
2015-10-07,91.08101232876169,91.46666916853506,90.85852322114806,91.21450805664062,6712800
2015-10-08,91.4370459569732,91.49637867697051,90.2281714929959,90.4506607055664,12882300
2015-10-09,90.45806583803645,90.95496456617659,90.40615112999612,90.68797302246094,9038100
2015-10-12,91.24420503297111,91.54086293431978,91.1552116233617,91.37770080566406,4241000
2015-10-13,91.6150130596451,91.66692776068018,91.07361770003318,91.53343200683594,6147200
2015-10-14,91.7410958694541,92.37149597742561,91.44444365191262,92.33441162109375,9738100
2015-10-15,92.19350729825298,92.30475472036275,91.80043797730686,91.88201904296875,6924300
2015-10-16,92.1489920155767,92.3121541140072,91.86717017355534,91.91166687011719,8048300
2015-10-19,91.80785479056992,91.9413505637149,91.15521193201604,91.6595230102539,6238400
2015-10-20,91.07361499368525,91.19969274126993,90.8882045443156,91.09586334228516,6431300
2015-10-21,91.67436997747257,92.12677205953493,91.57054054797754,92.00069427490234,6603800
2015-10-22,92.03773719558907,92.54205379631603,91.60017129260108,92.15640258789062,6934100
2015-10-23,91.2960991019947,91.56309058702176,91.11068866285244,91.3702621459961,7058200
2015-10-26,91.86717469599027,92.11191219740616,91.82267233895988,91.9784164428711,5859800
2015-10-27,92.34182400014507,92.63106385542734,92.08225049646583,92.20832824707031,7156800
2015-10-28,92.1638123997962,92.2157270929329,91.44442469726698,91.83749389648438,8468700
2015-10-29,91.35541631131849,91.38508265554466,90.25778420805622,90.37644958496094,12108000
2015-10-30,90.65831240273958,91.08104809732319,90.49515026478113,91.05879974365234,11861400
2015-11-02,90.51395969387015,90.81126403246279,90.43963502687414,90.64031219482422,8751000
2015-11-03,90.4173482771958,90.48423878376927,89.77814586265069,89.89706420898438,8921600
2015-11-04,90.00854042979273,90.33557575626291,89.71123610305698,90.00110626220703,5980800
2015-11-05,89.97137687645264,89.97880537309501,89.41393341543522,89.76325988769531,7268400
2015-11-06,88.81193363059121,88.84166464338298,88.25448989961981,88.44773864746094,10604700
2015-11-09,87.77877045149377,88.37337913183285,87.70444578410356,87.94972229003906,9159500
2015-11-10,88.07608270320222,88.60379526086645,87.9868896919569,88.20986938476562,6712500
2015-11-11,87.96454772759924,88.13549949379565,87.90508575060865,88.02400970458984,2857900
2015-11-12,88.26192407047049,88.77477411755964,88.22475888682804,88.44773864746094,6805700
2015-11-13,88.68555925073805,89.11665032419678,88.6112345723578,88.95313262939453,7906600
2015-11-16,89.0349013799822,89.19098492312446,88.54434824101216,88.87138366699219,5485300
2015-11-17,88.44770571289868,89.28758524673646,88.1950007041826,89.02001190185547,5122900
2015-11-18,88.87878092731374,89.3321686993725,88.71526328222923,89.205810546875,5233900
2015-11-19,89.84500106319315,90.04568384527052,89.69635177103785,89.80040740966797,6643000
2015-11-20,89.88220278652588,89.96396163165373,89.39908388457299,89.52543640136719,5971000
2015-11-23,89.58486196661788,90.02338701850792,89.42877850867272,89.80040740966797,5436300
2015-11-24,89.85992597817454,90.0829000568108,89.62208355859617,89.79302978515625,3371500
2015-11-25,90.06056826167587,90.24638275705966,89.89705059844077,90.00110626220703,3280900
2015-11-27,90.12006055520446,90.17208840457687,89.90451498763012,89.91194915771484,2570600
2015-11-30,90.00855282137225,90.32815402425659,89.97882181754474,90.26869201660156,5179800
2015-12-01,90.31857920443306,91.5028626255829,90.31857920443306,91.48796844482422,12766600
2015-12-02,91.36137722822558,91.6444122141925,91.01130420082968,91.51779174804688,7345800
2015-12-03,90.39309271277627,90.42288676722316,88.62783334458334,89.03004455566406,16612200
2015-12-04,89.03001001413797,90.0727787846702,88.98532179112303,89.81208801269531,11843800
2015-12-07,89.98340212976754,91.21237948113188,89.97595788056731,90.68354797363281,9016700
2015-12-08,91.07832156595691,91.19004782818924,90.46010783988734,90.7282485961914,7257500
2015-12-09,90.3856349137667,90.98150458558628,89.75997687272705,90.63143157958984,8993900
2015-12-10,90.71337967160004,90.89213833136553,90.48992708491666,90.75061798095703,5606900
2015-12-11,91.63696304059533,92.43393551447099,91.51779250753832,92.18069458007812,12300000
2015-12-14,91.67419108043782,91.726329245074,90.68356026971684,90.98894500732422,10661100
2015-12-15,90.13981734692291,90.57182247468991,89.99830273672083,90.45265197753906,8795500
2015-12-16,90.17708571922779,90.99640228767475,89.75253040850126,90.25901794433594,10988600
2015-12-17,90.7059162647537,91.45075053289277,90.601639921825,91.2794418334961,9923000
2015-12-18,91.67419292508927,92.0019161025537,91.48053444570084,91.78591918945312,10171700
2015-12-21,91.93489470571673,92.19558556519925,91.5550276346796,91.76358032226562,7494900
2015-12-22,91.35389349388285,91.4656197331701,90.862300314072,91.10064697265625,5445800
2015-12-23,90.29625763789748,90.57929260404607,90.02811685622649,90.4154281616211,7287100
2015-12-24,90.66476852928068,90.96332821801631,90.61252101084338,90.9334716796875,3364600
2015-12-28,91.05285055524325,91.56040008593375,90.94835556609078,91.20213317871094,7586600
2015-12-29,90.82891253129391,90.86622890695087,89.57496727934249,89.68692779541016,7787500
2015-12-30,89.50776628608713,89.97053364586989,89.32116737086703,89.59733581542969,5508900
2015-12-31,89.99294643441179,90.20940191191897,89.75409999277429,90.00041198730469,7897700
2016-01-04,91.00807579164422,91.39619925416486,90.55277371962849,90.6498031616211,10591900
2016-01-05,90.22437506911952,90.68714278604979,90.06017268041978,90.28408813476562,6242600
2016-01-06,91.28420636247974,91.52305278479669,91.09760741709,91.50065612792969,8916900
2016-01-07,91.56785704937154,91.7544560402861,90.90356509727968,91.66488647460938,10202200
2016-01-08,91.38128315907754,92.15753585784917,91.2320062031622,92.07543182373047,9577200
2016-01-11,91.09014761656498,91.64994448808181,90.95579613961901,91.06775665283203,10040300
2016-01-12,91.3140850583456,92.79195166258748,91.17227368885065,92.38143157958984,12897700
2016-01-13,92.2022853655634,93.67268621164695,92.0082208355118,93.29202270507812,15577600
2016-01-14,92.90389778860306,93.27709573540741,92.06046678431402,92.41873931884766,12873800
2016-01-15,93.59810688917453,94.01608703837029,93.3592602761266,93.85934448242188,13976300
2016-01-19,93.39655604077741,94.09817030293922,93.2622044947156,93.56822967529297,8926600
2016-01-20,94.77735733526184,95.47896563449065,94.35937174376383,94.55343627929688,17283300
2016-01-21,94.74752576719767,95.00876327158936,93.79959950112574,93.91156005859375,11001600
2016-01-22,93.23231602808166,93.69507784864693,92.9412163836453,93.55326080322266,10164300
2016-01-25,94.00856641576244,94.247412888909,93.78465105037142,94.0608139038086,5738200
2016-01-26,94.03842748005424,94.38923450011958,93.85929404017703,94.10560607910156,5692600
2016-01-27,93.8593155722082,94.26237017530771,93.44133555175718,94.08323669433594,7957800
2016-01-28,93.70256756868011,94.35193422912322,93.64285451367493,94.21758270263672,10575400
2016-01-29,95.09833938637333,95.43421538728968,94.73260116056115,95.0162353515625,13170700
2016-02-01,94.81504310496766,95.02442946143641,94.44113726688767,94.72530364990234,9948400
2016-02-02,95.79468064025725,96.4976140334999,95.71989490808005,96.482666015625,10400000
2016-02-03,95.92927432267139,97.17064435848737,95.66006168129805,95.6824951171875,13309000
2016-02-04,95.8844100415919,96.16109669883758,95.35346445824607,96.14614868164062,9953500
2016-02-05,95.63765374482432,96.46772532615188,95.41330791541363,96.25833892822266,9200800
2016-02-08,97.00615798542484,98.43448141477855,96.97623912023107,98.32978820800781,14452200
2016-02-09,98.7410576438423,98.75601707371676,97.9334310018478,98.43446350097656,15232100
2016-02-10,98.48682865485728,99.33933379651701,98.04562235581945,99.30194091796875,12797100
2016-02-11,100.53583147500466,101.14155727511715,99.46645454769808,99.99740600585938,21620200
2016-02-12,99.18976243011238,99.55619434115012,97.91099915747307,98.3372573852539,13888400
2016-02-16,97.75396383180593,97.77639727396475,97.07345232444709,97.29779815673828,11766000
2016-02-17,96.94628019626265,97.08836620373924,96.25082099423213,96.69950103759766,13157300
2016-02-18,96.77431764222112,97.96333554113683,96.73692477399645,97.8885498046875,10196700
2016-02-19,97.91845379872667,98.576531665335,97.76140834030438,97.97079467773438,8188700
2016-02-22,98.0381249085089,98.04559891815012,97.7389933623343,97.91847229003906,5054300
2016-02-23,97.1257636138562,98.51669349382989,97.05097789777338,98.31478118896484,8320700
2016-02-24,99.01026291049779,99.75060058934729,97.92593824521781,98.12037658691406,9091200
2016-02-25,98.32225699240205,99.1298948159176,98.20261581946147,98.47181701660156,6097200
2016-02-26,97.44737762856988,97.82128361987631,97.24546519826691,97.52216339111328,9245000
2016-02-29,97.56701483251173,98.09048085529751,97.529621957162,97.94839477539062,8016100
2016-03-01,98.01435066290914,98.03682666588149,96.14127419953617,96.22367858886719,13729100
2016-03-02,96.14127382934116,96.62826913500236,96.05885800797603,96.62078094482422,7047700
2016-03-03,96.70312751398825,97.35495399558592,96.4783562137446,96.97283935546875,6394800
2016-03-04,96.4634236995324,96.74813493851207,95.72168712947855,96.35104370117188,8687000
2016-03-07,96.238629132109,96.403460711641,95.93894158696739,96.321044921875,5493300
2016-03-08,97.66220231290657,98.14170938575126,97.36250324715965,97.38497924804688,7175400
2016-03-09,96.71062927003548,97.16766011947271,96.50833392819413,96.79304504394531,7194700
2016-03-10,97.02533927263042,97.28007487135852,95.84155383858054,96.39598846435547,10091600
2016-03-11,96.51587091521642,96.56082291250897,95.309603731512,95.42198944091797,8927000
2016-03-14,95.76663931632675,96.19370045945752,95.6467654124492,95.72168731689453,5177000
2016-03-15,96.27611705930387,96.39599668034013,95.60930238677078,95.81159210205078,6413200
2016-03-16,95.714202383826,96.29111310610183,95.42949683377556,96.09630584716797,9728900
2016-03-17,96.2835864764146,96.90544902790421,96.26861010096738,96.49337005615234,7805500
2016-03-18,96.68067564466294,97.03281481031398,96.42594007914653,96.69566345214844,8198600
2016-03-21,96.08881260785522,96.36602423733866,95.71419735402343,95.9539566040039,5514800
2016-03-22,96.52334827434383,96.66570387136449,95.84154590563861,95.93144989013672,4997900
2016-03-23,96.2086749787666,97.26509254887823,96.11875955997422,97.0178451538086,10628200
2016-03-24,97.83448846322099,97.87944044952634,96.65070328367885,97.05528259277344,6343300
2016-03-28,96.93540799388869,97.51980664168873,96.86048040013148,97.18265533447266,5058700
2016-03-29,97.68468921345949,98.2166365369456,97.4149657403667,98.20166015625,9396700
2016-03-30,97.42242968845486,97.4524053070904,96.63573546832983,97.16769409179688,8478700
2016-03-31,97.38499094765565,98.00685372239548,97.24263530336738,97.85700988769531,7832300
2016-04-01,98.33745008766452,98.45007429212762,97.5266039308449,98.11221313476562,9341400
2016-04-04,98.1948095392634,98.32995630704417,97.80441100129336,98.17228698730469,5145100
2016-04-05,99.110817211098,99.37359573084491,98.9381404028259,99.24596405029297,6482800
2016-04-06,98.7503910860423,98.85550014563249,98.15727813321801,98.52515411376953,6393700
2016-04-07,99.24591312720158,99.8465412527018,99.11076635735043,99.7414321899414,5963300
2016-04-08,99.23090673999114,99.4035834813561,98.83299299126361,99.11077880859375,5584800
2016-04-11,98.59275567579911,99.23841757743176,98.43508632249588,98.983154296875,4805500
2016-04-12,98.412566259252,98.76543493203393,97.99963361492942,98.29994201660156,4276000
2016-04-13,98.11974882670225,98.78794467134902,97.9921171997506,98.64529418945312,5207900
2016-04-14,98.28491120312674,98.58521953326192,97.96958401967625,98.17228698730469,6967000
2016-04-15,98.57025126082652,99.22343997089553,98.54022499481655,99.01322174072266,5831100
2016-04-18,98.60024682090861,98.68283333716457,98.09722402408761,98.5852279663086,4486600
2016-04-19,98.41253628517906,98.58521299074584,97.81941190688579,98.27738952636719,5212200
2016-04-20,98.47261677930534,98.84049280269669,97.05363858158105,97.1962890625,10920700
2016-04-21,96.43046851072921,96.90346496712037,96.31784430605033,96.6181640625,11154200
2016-04-22,96.7382715442907,96.7833166342426,96.28029403640478,96.3703842163086,5826400
2016-04-25,96.14518802812331,96.49055295739191,95.9725112915039,95.9725112915039,5539500
2016-04-26,95.91998721921335,95.91998721921335,95.43948681025184,95.5370864868164,7840000
2016-04-27,96.04008079857812,96.71579181506642,95.814849521097,96.49055480957031,8380100
2016-04-28,96.2577887089829,96.9560106401777,96.13014565658787,96.88844299316406,7974600
2016-04-29,96.43799688039906,97.38399003519515,96.25030128061003,97.13623046875,7416300
2016-05-02,96.79016368435366,96.9707069255058,96.14319028566499,96.15823364257812,11035200
2016-05-03,97.45968310381447,97.81326217713824,97.30922661027331,97.36940002441406,10736700
2016-05-04,97.55751928321935,97.92614762257892,97.18890242295979,97.90357971191406,7211200
2016-05-05,97.84339006732215,98.60321462002776,97.57256367331708,98.55806732177734,7870400
2016-05-06,98.43771966951158,98.44523848048796,98.0164251937188,98.13679504394531,7232500
2016-05-09,98.14426982402259,98.46775069955854,98.03894913441852,98.44518280029297,4950800
2016-05-10,98.43766014104722,98.64077122648823,98.28719217970661,98.45269775390625,4331900
2016-05-11,98.422618681823,99.30280122427406,98.29473008804067,99.00940704345703,9256000
2016-05-12,98.29477121703042,98.67843715891281,98.24210510862135,98.55806732177734,6087400
2016-05-13,98.91160553610236,99.54354117951925,98.723532048214,99.51344299316406,8707300
2016-05-16,99.03197736683923,99.04702646032736,98.53546059358568,98.65583038330078,5137000
2016-05-17,98.70853344015462,99.1749522011192,98.70853344015462,98.82137298583984,4449100
2016-05-18,98.40758827168084,98.43768646363483,96.97823408948089,97.41456604003906,12681000
2016-05-19,97.55745890526124,98.0464567849278,97.53489100856356,97.8358154296875,6209400
2016-05-20,97.53494753046331,98.09916823305936,97.45972499091026,97.91109466552734,5348900
2016-05-23,98.06907228870722,98.34741746916166,97.73806100432977,98.12925720214844,6979700
2016-05-24,97.77567732002201,97.9411829610426,97.22650577250737,97.69292449951172,5968200
2016-05-25,97.67037073290751,97.98633296266556,97.2791744812118,97.32431030273438,6367400
2016-05-26,97.65529892894752,98.13676671175254,97.64778012014182,97.82832336425781,5419300
2016-05-27,97.85090755113109,97.99383380003823,97.57255090429557,97.6854019165039,5267600
2016-05-31,97.06102499496718,98.12928164668571,97.0309267911997,97.91864013671875,8344300
2016-06-01,98.47418375142273,98.95664118954022,98.0821834883608,98.31587219238281,9874900
2016-06-02,98.67770345354508,99.27324380920939,98.6550891618304,99.02447509765625,5835400
2016-06-03,100.1552638686417,100.4341812133789,99.95926945108242,100.4341812133789,11077200
2016-06-06,100.09493499668098,100.17785790708886,99.58232900702679,99.6878662109375,7573700
2016-06-07,99.98934758808895,100.2456504542263,99.91395897913713,99.92903900146484,4680200
2016-06-08,100.16279706766215,100.58494596418572,100.04219131343737,100.46434020996094,5313200
2016-06-09,101.25588721147598,101.42172158113851,100.96187829917979,101.11265563964844,6820300
2016-06-10,101.61014199004732,102.01722224569265,101.21060750009013,101.60260772705078,6984600
2016-06-13,101.83628099962127,102.06243538490334,101.59505809062628,102.05490112304688,7283300
2016-06-14,102.66551251075464,102.68812679958641,101.93428649802004,101.9795150756836,9012500
2016-06-15,102.1604694610212,102.69568978331596,102.00215789223239,102.37154388427734,7953200
2016-06-16,103.0801998797149,103.69834338277698,102.6580393500087,102.86912536621094,10372700
2016-06-17,102.67308042379136,102.72585478348901,101.96446846764175,102.22831726074219,8489900
2016-06-20,101.19558543416913,101.42927422395881,101.02219378141812,101.1352767944336,7365900
2016-06-21,101.23326536744109,101.45188561805311,100.60758769134982,100.66788482666016,6005800
2016-06-22,100.63773815478842,101.00712425602777,100.44927797097795,100.83373260498047,5773700
2016-06-23,99.96682205182015,100.50205404408376,99.56728737559817,99.68035888671875,9029100
2016-06-24,102.98212652874541,102.98212652874541,101.99459755042238,102.35643768310547,17155000
2016-06-27,104.36170210614713,105.22861425821522,104.33154203844124,104.91200256347656,16577100
2016-06-28,105.11550468840589,105.46226482255899,104.69335591498921,105.13058471679688,14006400
2016-06-29,105.2964313844028,105.63566879823769,104.22597929675564,104.32398223876953,12999800
2016-06-30,104.64056930463796,105.49241251718904,104.09780337308028,104.70841217041016,14698500
2016-07-01,106.34345556563642,106.35101520688647,105.11999216283726,106.1622085571289,15430200
2016-07-05,107.12895696605416,107.92949576022133,107.01566599919954,107.49146270751953,8840800
2016-07-06,107.83884483572353,107.99744755647444,107.21201664473868,107.66514587402344,14352800
2016-07-07,107.3101909470346,108.14094517360563,107.07607244423231,107.65760040283203,9676400
2016-07-08,107.93704692140419,108.4657035433973,107.5141216238097,108.45060729980469,10355300
2016-07-11,108.03521675057894,108.35241068451012,107.42348476915107,107.4990005493164,8099000
2016-07-12,106.04895966144977,106.38126134047053,105.4598836027668,105.73176574707031,15810600
2016-07-13,106.76643501049024,107.06853271831501,106.44924106016114,106.97789764404297,8181700
2016-07-14,105.18798542290226,105.61091057760132,105.04449049030518,105.42210388183594,10817000
2016-07-15,104.89346734502978,105.05961819074294,104.35725115680125,104.51585388183594,9958600
2016-07-18,105.02943771928364,105.17292118741659,104.0174246530265,104.41769409179688,5955900
2016-07-19,104.93125910378578,105.21068945376803,104.52343000093721,105.00677490234375,8073900
2016-07-20,104.39502900734868,104.60649165359179,104.15336235043509,104.43279266357422,6942500
2016-07-21,103.49630826680671,104.68956837028266,103.4585561339686,104.64425659179688,10398400
2016-07-22,104.1684300579413,105.15778687508633,104.12311829242333,104.82548522949219,5811400
2016-07-25,104.93120516052824,105.17287172506931,104.66687119183608,104.74994659423828,4243800
2016-07-26,105.36923254907848,105.36923254907848,104.56869408984215,104.91609191894531,5243400
2016-07-27,105.39195901320277,106.22270202636719,105.27866801787174,106.22270202636719,8508100
2016-07-28,105.58072503814819,106.36615595937683,105.51275738151121,106.02630615234375,7336100
2016-07-29,106.07165525397848,107.00058145981862,105.8979562290479,106.90995788574219,8766700
2016-08-01,105.75834772875679,106.30310477646917,105.62972614039236,105.75078582763672,9809300
2016-08-02,104.28294447792447,105.36488487429132,104.03326326071262,104.66124725341797,10051200
2016-08-03,104.86557397328966,105.0017574828538,104.34351409684926,104.72181701660156,4930600
2016-08-04,105.5162556981178,106.04587747800318,105.3724987411013,105.50868225097656,5646000
2016-08-05,105.20605196273613,105.3044028785181,104.27542994486208,104.41161346435547,7778600
2016-08-08,104.10894827068556,104.82014792642235,103.89709959963432,104.6082992553711,5185200
2016-08-09,104.94881123629399,105.71297905200372,104.88070793003072,105.63731384277344,5503200
2016-08-10,105.84913541496218,106.31066536510706,105.52380049750758,106.04586029052734,5843500
2016-08-11,105.97026649483426,105.98540185197172,104.82022179517912,105.10017395019531,7624600
2016-08-12,106.23504053213676,106.57551088887067,105.82646686814394,105.98535919189453,7989600
2016-08-15,105.42550442618152,105.6449266878425,104.97910954196689,104.9866714477539,5108600
2016-08-16,105.15309029038947,105.28171191478032,104.58563583548792,104.70669555664062,6182700
2016-08-17,104.88829911545737,105.50114816123495,104.78993663580202,105.3346939086914,5002000
2016-08-18,105.3195471934479,105.7432446833441,105.00933597945577,105.50113677978516,3805200
2016-08-19,104.89583118397,105.20604234319369,104.48726911795708,104.94879913330078,5516300
2016-08-22,105.66007104492817,106.03081230868003,105.44822219275471,105.83409881591797,5549700
2016-08-23,106.12909931466785,106.37120716850329,105.67513121450492,105.947509765625,6841400
2016-08-24,106.00052536100912,106.06861714317454,105.46332991917484,105.6978759765625,6027800
2016-08-25,105.36492097577982,105.75835922966563,105.1379484686231,105.29682922363281,5855500
2016-08-26,105.7205984838112,106.44694563504434,104.57812709004375,104.68405151367188,12962500
2016-08-29,105.4557558222542,106.18966462046211,105.3271341780693,106.083740234375,7310400
2016-08-30,106.05347394234036,106.12156571946862,105.6751708984375,105.6751708984375,5161800
2016-08-31,105.66759625663332,106.05346115874102,105.42547679617188,105.82647705078125,7349700
2016-09-01,105.07150492552852,106.19332708046618,105.03361506244858,105.94319152832031,9149100
2016-09-02,105.32926772727352,105.39748338580954,104.73045499328849,105.07913208007812,8397000
2016-09-06,105.13973984405412,106.17817199196575,104.98813411703343,105.84465789794922,8542600
2016-09-07,106.39796362395624,106.43586504924,105.76883697509766,105.76883697509766,5421800
2016-09-08,105.25340641189148,105.56418188278792,104.0406302925294,104.4423599243164,14301500
2016-09-09,103.13864852491166,103.17653838404318,102.63837747275205,102.72175598144531,13347700
2016-09-12,102.57019436719224,102.95676126684538,102.4489143950245,102.77484130859375,9096600
2016-09-13,102.98706591143186,103.0856073254024,101.08453423407445,101.6075439453125,15645400
2016-09-14,101.60753822560531,102.25940352139797,101.60753822560531,101.7591323852539,7037700
2016-09-15,101.27403431769633,101.60754844199306,100.83440311438648,101.31951141357422,9874500
2016-09-16,102.00922884702327,102.18356148549226,101.7363548379077,102.1380844116211,7507900
2016-09-19,101.96378495289657,102.22907182543415,101.75912648799043,101.80460357666016,7105900
2016-09-20,102.44130026673557,102.76723866060732,102.07747201166927,102.16085052490234,6054800
2016-09-21,102.024416151656,103.00220817163586,101.70605342656445,102.98704528808594,10698100
2016-09-22,103.59346803239785,104.06341348650703,103.46461239388066,103.80570220947266,12426200
2016-09-23,103.86631549986286,104.1012881665192,103.62376717379227,103.70714569091797,5928800
2016-09-26,103.8966470477767,104.4727094743892,103.858745616813,104.36659240722656,8661300
2016-09-27,105.04880071562039,105.20798214297386,104.56369233754249,105.1321792602539,9450400
2016-09-28,104.98058804112199,105.47327209510084,104.76835384255605,104.90478515625,7958700
2016-09-29,104.26804315931088,105.41260383252624,104.18466464381765,105.1700439453125,8319800
2016-09-30,105.0184256843928,105.08664129979847,103.74500970070672,104.23011779785156,11747100
2016-10-03,104.54678935427496,104.61513932477267,103.8481921731904,103.88616180419922,7588800
2016-10-04,103.74187293700976,103.90893002601489,102.63323398637947,102.67120361328125,12048700
2016-10-05,102.52693953957086,102.57249846319563,101.84352092508486,102.19282531738281,8917700
2016-10-06,101.72966774364879,102.2763982377128,101.50945073499834,101.62335968017578,7839900
2016-10-07,101.69924731202323,101.97261245132593,101.06139918255208,101.69165802001953,9953200
2016-10-10,100.87919602204713,101.11459160385363,100.62100938346697,101.09181213378906,6089100
2016-10-11,100.8867855125893,101.41073649851073,100.66658010596753,100.86400604248047,9670400
2016-10-12,100.74247533839392,101.00825118627482,100.41596198093973,100.96269226074219,7582400
2016-10-13,101.47909169922413,101.69929714228034,101.27406484761245,101.34241485595703,7080600
2016-10-14,100.43874772675092,100.95509769736213,99.87682724105098,99.9223861694336,11415100
2016-10-17,100.30966757477725,100.79564882426628,100.30206669501985,100.56024169921875,10595900
2016-10-18,100.12741054416891,100.9095363606203,100.10463108052127,100.88675689697266,7151000
2016-10-19,100.51466347577146,101.19808208047364,100.47670543109749,100.97027587890625,6941300
2016-10-20,101.47905178358357,101.56258035051768,100.91713127996265,101.07659912109375,6082300
2016-10-21,101.38790713004309,101.53977405159661,100.89432515161491,101.22843933105469,9222700
2016-10-24,101.30440938484321,101.33477814370559,100.45393350950654,100.78804779052734,6507500
2016-10-25,100.63618252009813,101.4183084244484,100.60581376072356,101.05382537841797,5134700
2016-10-26,100.58304241350034,100.84121744249879,100.22614863182858,100.37041473388672,5842500
2016-10-27,99.52754800734647,99.52754800734647,98.76060065235417,99.27696228027344,10044700
2016-10-28,99.01115799739311,99.42119987806723,98.96559907584093,99.05671691894531,7541000
2016-10-31,99.39084231171313,99.69457621404723,99.25416553167449,99.6642074584961,7047500
2016-11-01,99.02518265662792,100.12073044991486,98.81216076446906,99.6718521118164,12622400
2016-11-02,99.89249262730796,100.50873537878807,99.68707450720697,100.10551452636719,8666200
2016-11-03,99.47401953783996,99.70226052775942,99.23817477149016,99.33708190917969,6085400
2016-11-04,99.86962855536395,100.26523385709376,99.76311764969546,100.22720336914062,7622600
2016-11-07,99.47402158063865,99.66422047467428,99.23817680944553,99.37511444091797,5386700
2016-11-08,99.6794315461225,99.82398455126793,98.68279127967976,98.97188568115234,7576500
2016-11-09,96.78841786516529,96.90253836687785,94.50603104855328,94.77230834960938,31233500
2016-11-10,94.3158213409812,95.06900727893252,93.36482694301924,93.3724365234375,22961200
2016-11-11,93.5474112201925,93.61588583146253,92.55077100204295,92.84748077392578,10040200
2016-11-14,92.26931420057691,93.31921612514961,91.8508799909323,92.2921371459961,21174400
2016-11-15,92.98446392098042,93.43333065838975,92.64971191043018,92.74861907958984,11963700
2016-11-16,93.0453306620342,93.68439636165527,92.94642349108467,93.58549499511719,9149500
2016-11-17,92.77904717777358,92.90077729410775,92.04868389300277,92.20845031738281,11221600
2016-11-18,92.53555825677772,92.79423175536128,91.55413132620428,91.942138671875,13577700
2016-11-21,92.21603314624284,92.42145120685625,91.97257878861899,92.1703872680664,6488100
2016-11-22,92.55839350611201,92.63447190360587,91.96496807507667,92.13995361328125,9989900
2016-11-23,91.28782291652482,91.98775897699859,90.7248360413763,91.78234100341797,13563500
2016-11-25,92.20080029356797,92.27687867591274,91.59977120554984,91.91930389404297,3126300
2016-11-28,92.36820795082414,92.61166234061218,92.12474775662558,92.59644317626953,8555000
2016-11-29,92.39100125440021,93.12136418946793,92.21601574705701,92.98442077636719,8363000
2016-11-30,91.27266083555777,92.06388905816128,90.89987256870006,91.47807312011719,21163500
2016-12-01,90.34443877900408,90.71035679300418,89.6812043814062,90.51215362548828,21715700
2016-12-02,90.84758741049772,91.64041761551645,90.82471825914875,91.1753921508789,12487500
2016-12-05,90.66464694704499,91.78528212189391,90.2987230020512,91.07630920410156,12100100
2016-12-06,90.97719628476396,91.4346026424535,90.80948721192969,91.0076904296875,11526600
2016-12-07,91.34311434216461,91.95298556914601,91.34311434216461,91.78527069091797,10392200
2016-12-08,90.8323545402592,90.95432530133749,90.5502880675105,90.7027587890625,12041100
2016-12-09,90.44354840958233,90.61126327098823,89.40677091740271,89.5744857788086,14646400
2016-12-12,89.39917843978088,89.80322157836004,89.10186773777151,89.74223327636719,9496300
2016-12-13,90.2605563408554,90.32916376840575,89.52871469951663,90.06234741210938,12189200
2016-12-14,90.77898785151598,90.87808945470123,89.04086240387859,89.05610656738281,16618400
2016-12-15,89.62022038351923,90.1767282355757,89.21618322470668,89.50587463378906,12400500
2016-12-16,89.6584013398926,89.89472380718743,89.04091060087514,89.30010223388672,14924600
2016-12-19,89.94044026339922,90.39784088540597,89.75747536166496,90.2606201171875,10868300
2016-12-20,89.67357793795566,89.87941190663241,89.48299394570925,89.81079864501953,7030600
2016-12-21,89.89466903014329,90.26059290713557,89.7498291301395,90.20722961425781,4624700
2016-12-22,89.83194742567001,90.19118443227875,89.80901839654875,90.04595947265625,5177800
2016-12-23,90.37464268361838,90.48929368622515,90.15298563361655,90.22942352294922,4461600
2016-12-27,89.74788180167623,89.96189387577618,89.60266265504649,89.93896484375,5276600
2016-12-28,90.08415909226494,90.86377507217102,89.9618631879873,90.59626007080078,7578600
2016-12-29,90.80266745748064,91.16189869218142,90.695661416269,90.91731262207031,8581400
2016-12-30,90.78740120908668,91.45237249397204,90.74154313129921,91.05491638183594,10613900
2017-01-03,90.50453152070178,91.71217133663092,90.32873264033974,91.44465637207031,13217300
2017-01-04,91.53645545078136,91.90333175962165,91.29950842695348,91.79632568359375,6699600
2017-01-05,92.06380513237855,93.27145132887887,91.84979306340715,93.23323822021484,13265800
2017-01-06,92.58354147037466,92.89692041790731,92.29309738329317,92.3771743774414,8369300
2017-01-09,93.15682731650713,93.24854930036643,92.83580912008942,93.11861419677734,8839100
2017-01-10,92.90455475937408,93.17971473944888,92.69818185862285,93.05741882324219,8417900
2017-01-11,93.20266508424572,93.77591420195648,92.7975699740861,93.37081909179688,9402500
2017-01-12,93.85999670173935,94.11986685125039,93.1185935330643,93.1644515991211,9977600
2017-01-13,92.73643554083327,93.0574536940836,92.19376032994082,92.72114562988281,9820000
2017-01-17,93.86759604482826,93.96696292102966,93.2408441382995,93.69180297851562,7853300
2017-01-18,93.07270176038467,93.21792670125895,92.41538162866736,92.49181365966797,9064700
2017-01-19,92.0943858810313,92.16317881190474,91.37591757263733,91.8574447631836,11795600
2017-01-20,91.5975580948728,91.9567951228566,91.17717892939123,91.67399597167969,16953200
2017-01-23,91.97971095567168,93.14914382516105,91.73512494660125,92.59117889404297,13118400
2017-01-24,92.30837915276074,92.58353915739146,91.56698196230712,91.956787109375,8395000
2017-01-25,91.1695418928613,91.41412795826663,90.6192217878514,90.80266571044922,11115100
2017-01-26,90.88674722496968,91.15426233612013,90.44343313712491,91.1083984375,7827900
2017-01-27,91.2612643575643,91.5899274314586,91.14661336315619,91.43705749511719,7197800
2017-01-30,91.29180609220616,91.62810817056098,91.10836223340561,91.161865234375,6569500
2017-01-31,91.2077922654403,92.02562775016426,91.14664427016899,91.79632568359375,13298500
2017-02-01,91.22871398925781,91.55808741796275,90.8304047899845,91.22871398925781,10975500
2017-02-02,91.86443994078071,92.025295842007,91.15207475306845,91.19037628173828,6978600
2017-02-03,91.48914976800722,91.8185231899461,90.74614419916864,91.15211486816406,10275600
2017-02-06,91.73423044932656,92.01764074274485,91.24400123715057,91.7035903930664,8433800
2017-02-07,91.74957121217932,92.6917341921284,91.5121180199297,92.37767791748047,8418400
2017-02-08,93.00576640358054,93.65685156846011,92.99811077203614,93.63387298583984,15734200
2017-02-09,92.99812805586834,93.13599957721354,92.42364000761808,92.5538558959961,16890600
2017-02-10,92.00235329289423,92.64577714978071,92.00235329289423,92.500244140625,7978500
2017-02-13,92.10956878392403,92.23212901943957,91.82615262228963,92.20914459228516,11536800
2017-02-14,92.10188950484503,92.14785250627551,91.02185539710572,91.542724609375,13210500
2017-02-15,90.96823502550134,91.32058686176876,90.88397634248169,91.12142944335938,8481000
2017-02-16,91.32061332646164,92.07893584940773,91.24401609533476,91.61934661865234,10005800
2017-02-17,92.38531351016347,92.45424925221401,92.01763868724804,92.16317749023438,7886400
2017-02-21,91.67294605152904,92.38531125529649,91.6116659418733,92.0023193359375,8703800
2017-02-22,92.53086920323355,92.54618631182079,91.6040234238679,92.15553283691406,8101500
2017-02-23,92.35466957094624,92.48488541867245,92.17083508921554,92.43126678466797,5330800
2017-02-24,92.95214284047593,93.55727080807014,92.88320709626566,93.45769500732422,11336000
2017-02-27,93.30451335012032,93.37345495208596,92.86024705165198,92.90620422363281,11039800
2017-02-28,93.06705049695411,93.51132259324294,92.92917315134702,93.25088500976562,8410500
2017-03-01,91.66533165229129,91.7497526354102,91.28927241648908,91.6883544921875,10717100
2017-03-02,91.33532219228553,91.48881169213668,91.03601356890142,91.35834503173828,8201200
2017-03-03,91.50416108668348,91.59625244140625,90.98228860734181,91.59625244140625,9515200
2017-03-06,91.41976033097465,91.41976033097465,90.95928003450241,91.15882110595703,4489200
2017-03-07,90.9285893858973,91.08207891889775,90.75207115322146,90.88253784179688,7080100
2017-03-08,90.03063540813638,90.52180881969568,89.96924312312815,90.39134216308594,11336300
2017-03-09,90.05366676381435,90.16111644705096,89.6162152197955,89.66993713378906,10575400
2017-03-10,89.90015240057087,90.03829526339969,89.54712194117454,89.98457336425781,9218500
2017-03-13,89.66225080885917,89.86178596520163,89.40131166212515,89.41666412353516,6993100
2017-03-14,89.61621069716854,90.06133845079366,89.57016501756911,89.84645080566406,9869200
2017-03-15,90.2224725147332,91.19714866261752,90.1227049588718,90.94388580322266,14600500
2017-03-16,90.55253563956937,90.67533195771448,90.27624977899359,90.48346710205078,8018200
2017-03-17,90.64460863560194,91.13578206631837,90.58321049295009,91.05136108398438,7266800
2017-03-20,90.98231270906733,91.50418532665599,90.94393739760108,91.44278717041016,5497800
2017-03-21,91.36597967173428,92.32530324722394,91.34295098751552,92.20250701904297,12540700
2017-03-22,92.64768286535245,92.99303719048122,92.42511897717523,92.57093811035156,11661400
2017-03-23,92.73208314752574,92.8778963928959,92.14113636993953,92.44044494628906,6746500
2017-03-24,92.50185249862525,92.93930398978007,92.40208491476496,92.77046203613281,5819600
2017-03-27,93.49955075263954,93.60699456648702,93.00837735926576,93.19256591796875,6878500
2017-03-28,93.46886403988591,93.49188688086124,92.47116465912588,92.57093811035156,6811200
2017-03-29,92.81651040761092,93.15418844815972,92.77045887757129,93.12348937988281,6291000
2017-03-30,92.91626361149935,92.931610215639,92.34066934467617,92.37136840820312,7042400
2017-03-31,92.31002210809035,92.71677468150804,92.25630018056823,92.64002990722656,5144800
2017-04-03,92.63612646097774,93.72822974070513,92.59767579774936,93.57440948486328,12996500
2017-04-04,93.34368883293685,93.51288231458508,93.02066922627075,93.06681823730469,6976700
2017-04-05,92.72073098171973,93.45905064542762,92.56691658548007,93.35137939453125,8555200
2017-04-06,93.2437386111686,93.37448734510205,92.68999721554104,93.21297454833984,6497000
2017-04-07,93.70520643757906,94.02053374349572,92.82076439300464,92.83614349365234,10270000
2017-04-10,93.16679827065319,93.53596102572986,93.05912702284812,93.26677703857422,5314500
2017-04-11,93.67440928657838,94.32812934374415,93.61288117427851,94.15123748779297,11297400
2017-04-12,94.220455034398,94.74343223674876,94.05125566486635,94.66651916503906,11532500
2017-04-13,94.94340867567767,95.16644371917612,94.5281085175989,94.95879364013672,8396700
2017-04-17,94.95108227449171,95.02030286550172,94.48963318245129,94.66651916503906,8015000
2017-04-18,95.25872701514098,96.12010304749302,95.0203128970728,95.90475463867188,11529700
2017-04-19,95.44332592049894,95.49716156731272,95.13569113828643,95.38179779052734,7344000
2017-04-20,94.99721117127989,95.3048458090346,94.70496149261639,95.0125961303711,7932900
2017-04-21,95.22793861650659,95.55095234570983,94.97413960028575,95.0125961303711,9798500
2017-04-24,94.25126058583325,94.72040236512379,94.18203996434727,94.54351043701172,8066400
2017-04-25,93.98974836198063,94.18201934853266,93.3514072783931,93.40524291992188,8122300
2017-04-26,93.45908476349362,93.93591895413803,93.38987002021125,93.92053985595703,5766200
2017-04-27,93.63597139477055,94.09742059361825,93.50522853083193,93.8897705078125,4978300
2017-04-28,93.52059161328549,94.1666250751587,93.48214094275883,94.09740447998047,8166300
2017-05-01,93.78528410993059,94.13209231761236,93.03000519288925,93.3151626586914,8795900
2017-05-02,93.23036835412799,93.85462535992782,93.20724859537954,93.79296875,6727800
2017-05-03,94.19373500632508,94.32475089830074,93.67737410508114,93.85462951660156,8932900
2017-05-04,93.2612036474664,93.42304785073101,92.99916597558678,93.39221954345703,9707200
2017-05-05,93.54637956317849,93.61574474258504,93.16874299054263,93.47702026367188,5605400
2017-05-08,93.33822586293738,93.36134561212005,92.89122444575406,92.96829223632812,8057800
2017-05-09,92.77569294275717,92.96836551099841,92.59072892361762,92.96066284179688,5536700
2017-05-10,93.18411906169511,93.29971784331111,92.60610163402569,92.85272216796875,6517000
2017-05-11,92.4827884271055,92.92208143693836,92.4134291581359,92.85272216796875,7479800
2017-05-12,93.26118658518337,93.63111444499546,93.23806682893228,93.55404663085938,7463900
2017-05-15,93.2997817993164,93.41538654007557,93.06086964700846,93.2997817993164,5173200
2017-05-16,93.33830624943697,93.93944376549092,93.33830624943697,93.6465835571289,6722700
2017-05-17,94.50972378758087,95.21105459307631,94.32475981202442,95.01067352294922,11236400
2017-05-18,95.37288990861417,95.51932289387968,94.94130537928201,95.11856079101562,8350500
2017-05-19,95.07232356646445,95.39601197127742,94.80258322912032,95.3420639038086,11277400
2017-05-22,95.11086065581966,95.2264594578974,94.99525597384356,95.08003234863281,4062900
2017-05-23,95.18793901460919,95.27271539877736,94.39412912639712,94.44036865234375,7901300
2017-05-24,94.64070248060501,94.99521905562968,94.44032150171417,94.97209930419922,7355200
2017-05-25,94.81028769191143,95.01066875197637,94.60991251174497,95.00296020507812,6464800
2017-05-26,95.21874298165343,95.36517006968201,94.98753365123301,95.164794921875,2963800
2017-05-30,95.58869394638425,95.67347032935851,95.36519310762473,95.63493347167969,4819400
2017-05-31,95.60410760706063,96.0665204831007,95.58869051258334,95.87384796142578,8000200
2017-06-01,95.53635461120776,95.91479713110489,95.50546687587781,95.88390350341797,9037300
2017-06-02,96.71023482726007,97.13500871267892,96.57894140225899,97.0191650390625,13245000
2017-06-05,96.46314483990129,96.6639504717626,96.37046395772909,96.41680145263672,6775500
2017-06-06,97.07327784019037,97.21229621314167,96.84930346752682,96.94197845458984,12841500
2017-06-07,96.7256891603114,96.94193856428373,96.37814631712078,96.47854614257812,12852400
2017-06-08,96.44771404738526,96.44771404738526,95.99977109301969,96.22373962402344,8758600
2017-06-09,95.82982225157485,96.2623211692846,95.75259114374894,96.07696533203125,5130500
2017-06-12,95.930216682808,96.53262753911423,95.87615432114859,96.04606628417969,4335800
2017-06-13,95.77575251252149,96.16963289981321,95.76030275673239,96.06150817871094,4742600
2017-06-14,97.25092415399449,97.86106011519786,97.10418677056622,97.5444107055664,20212300
2017-06-15,97.3821905875318,97.56755232403883,97.18139087818324,97.3899154663086,5863700
2017-06-16,97.37445274717167,97.65248940574187,97.32039039091386,97.58297729492188,6672500
2017-06-19,97.55981169068774,97.68338616173683,97.33583738117756,97.44396209716797,5641300
2017-06-20,97.92280988364386,98.39392726959734,97.92280988364386,98.31669616699219,8405700
2017-06-21,98.16994369711273,98.57927380546988,98.01548150645696,98.51748657226562,5914800
2017-06-22,98.63338002788373,98.75695454925106,98.32444961682287,98.73377990722656,6608100
2017-06-23,98.44802070349432,98.78011985263576,98.39395832537164,98.68743896484375,4329900
2017-06-26,99.06586675794,99.29756599675257,98.98091076319915,99.05813598632812,5541600
2017-06-27,98.41713913095991,98.46347663435391,97.79155926570881,98.00008392333984,8354200
2017-06-28,97.8301595801132,97.86105320927527,97.29726068105009,97.67569732666016,7357900
2017-06-29,96.5480871792573,97.09643573004092,96.46313118904445,96.85701751708984,9115800
2017-06-30,96.68708084704119,96.84154303033658,96.42448806461353,96.63301849365234,10189800
2017-07-03,96.73983911576995,96.77079657283075,95.9813961791086,96.3219223022461,11021100
2017-07-05,96.12070902699395,96.46897601677384,96.05880001273829,96.34514617919922,11394500
2017-07-06,95.5944297508867,95.68730211519868,95.13782057821368,95.5479965209961,10853100
2017-07-07,95.06816247799262,95.21520890838438,94.87468281885845,94.97529602050781,9401800
2017-07-10,95.09141503112795,95.26941306721419,94.94436855429215,95.11463165283203,3859200
2017-07-11,95.08362761329961,95.44737025390779,94.96753865711175,95.27710723876953,4425600
2017-07-12,95.88083871549695,95.99692776369073,95.57126988849159,95.93501281738281,7839900
2017-07-13,95.65633558619162,95.6950338771166,95.04493919766412,95.33129119873047,7449300
2017-07-14,96.04330245266023,96.0897415863391,95.28486548876312,95.4473876953125,6566800
2017-07-17,95.44738837687447,95.95817161474407,95.40094924286399,95.71051788330078,4737300
2017-07-18,96.29869484769428,96.56182434630043,96.14391348434133,96.54634857177734,9163000
2017-07-19,96.56958606662229,96.74758998704463,96.42253960647042,96.58506774902344,5140900
2017-07-20,97.1190590406477,97.30480378570687,96.71662390208209,96.8636703491211,12239100
2017-07-21,97.3048298412877,97.5370019779841,97.18099997809,97.27387237548828,6201500
2017-07-24,97.08808719631304,97.2506153002887,96.86365599555324,96.89460754394531,5378500
2017-07-25,96.07426635467561,96.11296465125001,95.55574224595257,95.63313293457031,9743300
2017-07-26,95.4009739250816,96.03558714512585,95.25393335884297,95.78793334960938,8459500
2017-07-27,95.27714337322229,95.48609884998446,95.05270621401444,95.31584167480469,6390800
2017-07-28,95.40095138239009,95.95817376676682,95.39321644699046,95.88078308105469,5491800
2017-07-31,95.54805845506041,96.0046738282414,95.50162519507185,95.99693298339844,5464600
2017-08-01,95.53853688159984,96.72520553269997,95.52302746435373,96.67091369628906,9676800
2017-08-02,96.77172337023578,97.08196491909756,96.70192212835869,96.72518920898438,5745600
2017-08-03,97.17500935007018,97.74119452949999,97.15174227658177,97.7256851196289,10324500
2017-08-04,97.06646904801529,97.08973613188742,96.51579303269912,96.89583587646484,8485500
2017-08-07,96.82598850789417,97.02764634667318,96.64760366069113,97.00437927246094,4684600
2017-08-08,96.84928046190815,96.93459702896662,96.2908469020218,96.65538024902344,6197400
2017-08-09,97.67141142013237,97.68692083287935,97.10522021835082,97.18278503417969,9221800
2017-08-10,97.43097184094576,98.06696424206976,97.35340702927154,98.0126724243164,10378200
2017-08-11,97.54734270861991,98.08250933355558,97.37671544601464,98.05924224853516,5717800
2017-08-14,97.71797499833025,97.94290001375596,97.51632298507941,97.55509948730469,5111000
2017-08-15,96.74066459935041,97.36889918632443,96.72514927376223,97.14397430419922,7473200
2017-08-16,96.81825160811063,97.74121255845674,96.80273627801408,97.50077819824219,5283800
2017-08-17,97.4930566852891,98.25314837302909,97.34569649891617,98.2298812866211,9364700
2017-08-18,98.48579789328788,98.617648616759,97.92736433815743,98.20658111572266,8382500
2017-08-21,98.32290726173242,98.51680745473033,98.113497656935,98.44700622558594,7669800
2017-08-22,98.33841463115792,98.3539240417021,97.9350989486436,98.06695556640625,6140700
2017-08-23,98.53231280493314,98.7417223885224,98.31514555754761,98.73397064208984,7446400
2017-08-24,98.40824518556467,98.74175382662405,98.28415211213346,98.36946868896484,5569400
2017-08-25,98.51681384632172,98.8503224366101,98.4004784568668,98.74949645996094,7303300
2017-08-28,98.43922412791986,98.8037573470553,98.29186404162463,98.68741607666016,4448500
2017-08-29,99.63368808541966,99.68022224178267,98.74174002778717,99.00544738769531,7659400
2017-08-30,98.85803161401275,99.0751987909658,98.76495743073495,98.97437286376953,4735200
2017-08-31,98.99768306141866,99.30016689215498,98.9433912435266,99.2691421508789,7978400
2017-09-01,98.94505555504524,98.9683705416216,98.26112358742697,98.50982666015625,14128600
2017-09-05,99.24039543344557,100.10308552191356,99.24039543344557,100.07199096679688,15215700
2017-09-06,100.0409522329252,100.2585667779786,99.27929539568667,99.45805358886719,9066400
2017-09-07,99.73779210845535,100.70152162085229,99.73779210845535,100.47612762451172,13618900
2017-09-08,100.34399899922929,100.38286125739538,99.9243174446855,100.25850677490234,9808500
2017-09-11,99.38030715299709,99.5202030256159,98.90621591409725,99.06165313720703,17856700
2017-09-12,98.74299718986093,98.77407988836836,98.3388509546703,98.54092407226562,7557400
2017-09-13,98.63417801463996,98.64194572355161,98.14453959396144,98.15231323242188,6740000
2017-09-14,98.21450210034435,98.572012427686,98.1834134723734,98.55646514892578,6674500
2017-09-15,98.70412124422518,98.71189488254954,98.3466109654376,98.5953140258789,9769200
2017-09-18,98.31549646019192,98.36990005504336,97.80254319769527,98.0279312133789,6863000
2017-09-19,98.14455869446714,98.16787368483715,97.71710336873372,97.78704833984375,5554900
2017-09-20,97.90360934138874,97.96578658944998,97.40620321599633,97.85697937011719,8037000
2017-09-21,98.05132905373785,98.36220359420408,97.78707857887943,97.80261993408203,6147800
2017-09-22,98.31553631924386,98.4942944488261,97.97356733893847,98.0823745727539,5660700
2017-09-25,98.17561379991896,98.91394924740985,98.08234794073728,98.69633483886719,9679000
2017-09-26,98.5253610924033,98.6186269617112,98.26111669035377,98.51759338378906,7251900
2017-09-27,97.04870462729578,97.38289996395595,96.84663151152348,97.03315734863281,12145700
2017-09-28,96.53576631011505,96.87773533976286,96.34924044373913,96.74561309814453,8883700
2017-09-29,96.96319580078125,97.17303659044889,96.5823646228109,96.96319580078125,11285500
2017-10-02,97.19834617761734,97.34631447691746,96.75444722126448,96.78559875488281,7860700
2017-10-03,96.50528435464595,96.96476225550579,96.50528435464595,96.87909698486328,6219800
2017-10-04,96.98031238804285,97.02703672781622,96.47411025481901,96.8868637084961,7447000
2017-10-05,96.77785627319281,96.80122439088862,96.32617367076408,96.52086639404297,8180300
2017-10-06,96.01466331459298,96.64546583139487,95.8121812204583,96.248291015625,10375000
2017-10-09,96.39628993788685,96.61434490458208,96.28726245453923,96.55204772949219,3590900
2017-10-10,96.67662737899443,97.24513279925117,96.5831727239855,96.70777893066406,6666800
2017-10-11,97.0114930345266,97.08158550676512,96.77007595120065,96.8946762084961,4385900
2017-10-12,96.99590762033131,97.33077930925622,96.75448462684139,97.30741119384766,7141600
2017-10-13,97.7980048343133,98.0783627011565,97.47870606425116,98.00827026367188,7746900
2017-10-16,97.75912011169162,98.0472675130818,97.6423032764496,97.93824005126953,5737300
2017-10-17,97.65009564159759,98.19523296736043,97.65009564159759,98.0628433227539,4969600
2017-10-18,97.38532777344811,97.48656587680519,97.09718032943682,97.41647338867188,5943800
2017-10-19,97.92264024152412,98.13291168804119,97.55661700922018,97.5877685546875,8966500
2017-10-20,96.5676205378766,96.78567550457184,96.28726245453923,96.55204772949219,12326900
2017-10-23,96.69220491517355,96.9491948155168,96.58317151491926,96.72335052490234,6871100
2017-10-24,96.0769786450839,96.32618512284667,95.90564807758115,96.12370300292969,6842800
2017-10-25,95.42282083913666,95.77327139505289,95.33715554379393,95.66423797607422,9961400
2017-10-26,95.83551779769135,95.83551779769135,95.34489440917969,95.34489440917969,8179400
2017-10-27,95.74211078509012,96.04583100656671,95.59414239048051,95.97573852539062,10480900
2017-10-30,96.45856639563617,96.92582775820759,96.22493274357517,96.8946762084961,9051600
2017-10-31,96.98032548519205,97.08156949043905,96.87908742149465,96.92581176757812,4424300
2017-11-01,97.04525259800091,97.66178528268733,97.0062351597096,97.357421875,8940400
2017-11-02,97.55250795180172,97.95832376506289,97.49007291772075,97.78663635253906,7222700
2017-11-03,97.9192557458989,98.0987489334836,97.66171582896833,98.05192565917969,10984100
2017-11-06,98.27827113823535,98.50459360736475,98.11438368558252,98.41874694824219,6246700
2017-11-07,98.51242072280992,98.94164815687934,98.4343739583135,98.83238983154297,6422700
2017-11-08,98.79333904382807,98.95723244050046,98.49678166505669,98.61384582519531,3356200
2017-11-09,98.23143332101967,98.52018480977812,97.98169924618882,98.3328857421875,6280400
2017-11-10,97.3261312180867,97.42758362637016,96.74081649633675,96.8500747680664,11981000
2017-11-13,97.39641862757603,97.40421854062063,97.01400853963536,97.05303192138672,5880800
2017-11-14,97.37301439080673,97.73981279473828,97.37301439080673,97.7085952758789,6195900
2017-11-15,98.37972567778519,98.85578226886814,98.05195076547166,98.76993560791016,9568200
2017-11-16,98.34073243375192,98.59046661226238,97.9036931557593,97.9114990234375,5894900
2017-11-17,98.38752633312244,98.67628380961001,98.30167967671075,98.63726043701172,6938800
2017-11-20,98.26266888457916,98.62946122273655,98.26266888457916,98.5982437133789,4232300
2017-11-21,99.18356142135252,99.33964897255397,98.57483485699503,98.91041564941406,5818400
2017-11-22,98.8167708576298,99.26940987896131,98.7309241914513,99.23039245605469,4140700
2017-11-24,99.0587125901427,99.13675340069653,98.87141345398706,98.95726013183594,3141400
2017-11-27,99.00406393081444,99.15234560955867,98.6606772870409,98.81676483154297,6079900
2017-11-28,98.93384352648314,99.25381859334873,98.69972109246339,98.94945526123047,5983000
2017-11-29,97.98953613952168,98.08318868572816,97.63054364359522,97.97393035888672,14547100
2017-11-30,97.79444734990591,97.95833486734351,97.11548562825489,97.64617156982422,9630000
2017-12-01,98.43206711232344,99.85533181555878,97.82991321886364,98.96383666992188,24583100
2017-12-04,98.4711736587467,99.05768399322884,98.3851516657193,99.0107650756836,9609200
2017-12-05,98.9012852328431,99.70675848402897,98.88564161587908,99.50343322753906,10958900
2017-12-06,99.9960805249546,100.27759993012377,99.83185838598499,99.84749603271484,11834200
2017-12-07,100.04306943541711,100.1760163739551,98.7683885316867,99.0655517578125,13056800
2017-12-08,98.99509709094272,99.11240032222284,98.72139352881592,99.07330322265625,4786100
2017-12-11,99.20627656700545,99.38613640971151,98.85437272429034,98.87001037597656,3863800
2017-12-12,98.66668753394345,98.85437515654878,98.2756806029541,98.8309097290039,7502400
2017-12-13,99.16714869562009,99.62071804292138,98.99510473862368,99.57379913330078,8532900
2017-12-14,99.35489581932572,100.08216918582094,99.15157047861355,99.99614715576172,6885000
2017-12-15,99.9491582968895,100.55912796242825,99.75365489299679,100.37145233154297,7239400
2017-12-18,100.0743040512902,100.09776351000619,99.24537135643628,99.45651245117188,7239700
2017-12-19,98.78401342703867,98.83093236028783,97.80649587572366,98.16622161865234,11045800
2017-12-20,97.21215694948184,97.52496373797399,96.9306314364682,97.07921600341797,10005800
2017-12-21,97.1982910931718,97.84873663357912,97.17478202188877,97.64498138427734,7026900
2017-12-22,97.72338750315919,97.83310053395019,97.59016539132894,97.77824401855469,3974300
2017-12-26,97.94279254558022,98.37380619661768,97.93495419442387,98.06817626953125,3168400
2017-12-27,98.51487982927128,99.51014129769335,98.50704147706416,99.34556579589844,9059700
2017-12-28,99.15744252405544,99.39254515306601,99.03205883978251,99.25932312011719,5297100
2017-12-29,99.1339406177392,99.61981662930044,99.1182698981637,99.41606140136719,7580500
2018-01-02,99.12611297292658,99.14178967310362,98.013306416729,98.34244537353516,16238200
2018-01-03,98.74214061611674,98.89887178108599,98.34246837286128,98.81266784667969,8605100
2018-01-04,98.46786564067948,98.86753791459074,98.24843960132777,98.79700469970703,9217900
2018-01-05,98.64025175760109,98.88318682200634,98.24057957187807,98.51486206054688,10915400
2018-01-08,98.73429982819074,98.7656472561933,98.09169250141436,98.45217895507812,8850600
2018-01-09,97.80959025913084,97.82526696557352,97.02592234652462,97.13563537597656,16226400
2018-01-10,96.24221591963867,97.11992578292326,96.12467056291646,97.01805114746094,14302600
2018-01-11,96.79082439178248,97.63718118320843,96.6340872238061,97.41775512695312,12511000
2018-01-12,97.25313647245542,97.7938689658116,97.10424371170743,97.582275390625,9987100
2018-01-16,98.09168941191759,98.17789334148195,97.61365161302808,97.98981475830078,9125900
2018-01-17,98.02115213237082,98.46000410775547,97.644989025677,97.85658264160156,8327000
2018-01-18,97.11993286539185,97.38637699860499,96.8143029578075,96.94752502441406,10843900
2018-01-19,96.70462923644278,96.83001300331208,96.37549012213472,96.43817901611328,11374300
2018-01-22,96.7437837118758,96.94753900595371,96.3832972555291,96.53219604492188,8984700
2018-01-23,97.02589059424676,97.33152050183112,96.57920026939965,96.94752502441406,12325700
2018-01-24,96.27357132336732,96.49299731265435,96.03063626078666,96.42247009277344,9038900
2018-01-25,96.51653299549878,97.29236247457325,96.2344120978515,97.21399688720703,12173300
2018-01-26,97.08075709799421,97.10427215238668,96.46949721981753,96.8534927368164,6462900
2018-01-29,96.36764405439246,96.36764405439246,95.84258798851396,96.1795654296875,12223000
2018-01-30,95.8269136383662,95.89744686118469,95.37238480348383,95.61532592773438,12064400
2018-01-31,96.28927845900803,96.33629662045635,95.56046706200068,96.1795654296875,18045100
2018-02-01,96.18346715003086,96.2227285227671,94.73065855754336,94.78562927246094,18632800
2018-02-02,94.35371013476926,94.44009353528484,93.63908491075082,93.90608978271484,23944400
2018-02-05,93.58413331534715,95.66517804048125,93.16792556859218,94.79349517822266,28606200
2018-02-06,94.56572757216028,94.91911580453109,94.01602053250443,94.2044906616211,10935400
2018-02-07,94.33799761709308,94.49506106335869,93.10507802285785,93.30925750732422,16271100
2018-02-08,92.67316485701343,93.5919635285693,92.547514102942,93.20716857910156,15155100
2018-02-09,92.75171693455523,93.52130702724897,92.50042135450188,92.61821746826172,15661600
2018-02-12,93.10508665709963,93.6862124751372,92.81452973943927,93.02655792236328,10944600
2018-02-13,93.14429946271191,93.45842020902573,92.97153275267156,93.44271087646484,8157600
2018-02-14,93.02658395759181,93.08940935950713,92.24913908081008,92.40619659423828,12043300
2018-02-15,92.81455212510659,93.29358531130092,92.65748862639377,92.7203140258789,8222400
2018-02-16,93.48203535529619,93.61553480688775,92.93232221540852,93.22288513183594,8454100
2018-02-20,92.88521111776043,93.0658326141001,92.4925614218001,92.81453704833984,8268800
2018-02-21,92.85380673730054,92.89307410695615,91.49524202279213,91.67585754394531,12054300
2018-02-22,92.06850259355129,92.39833290435266,91.88003240977845,91.9507064819336,9317900
2018-02-23,92.57108544035535,92.90876440130944,92.44544065956423,92.76741027832031,9072900
2018-02-26,93.19934781891467,93.37996934577052,92.69675660248092,92.79884338378906,8771600
2018-02-27,93.07368203032252,93.18362945811113,92.08420910245553,92.66532897949219,12525700
2018-02-28,93.03444294116802,93.31715127152538,92.86167607357628,93.25432586669922,9311600
2018-03-01,93.19056654428874,94.1269593621387,92.9702402350162,93.8908920288086,12287700
2018-03-02,93.52105844583505,93.58401053682282,92.94663712503667,93.12761688232422,10064300
2018-03-05,93.44238852021418,93.48173508517881,92.56107709461565,92.8758316040039,5658200
2018-03-06,93.13548707407163,93.38728943371441,92.9466368052,92.96237182617188,5452000
2018-03-07,93.30070652521059,93.3872641257033,92.82070746918382,92.86005401611328,4461800
2018-03-08,93.09612223085283,93.63120289042523,93.05678168442935,93.3951416015625,7086700
2018-03-09,92.84431814407371,93.06464441083918,92.52956376150566,92.7813720703125,6570400
2018-03-12,93.0961333584451,93.37154723353221,93.00171123299016,93.31645965576172,5801300
2018-03-13,93.09611342863384,93.93021338005192,93.00169132339259,93.78857421875,7455300
2018-03-14,93.95381316009401,94.74069600732523,93.93020763522743,94.61479187011719,10175000
2018-03-15,94.55971031094859,94.81151258192499,94.37086010857621,94.61479187011719,6757900
2018-03-16,94.26857134573417,94.43381602998178,94.07185062590038,94.27643585205078,6084300
2018-03-19,93.8043398850669,94.40237276190487,93.79646937257847,93.97745513916016,8491200
2018-03-20,93.5682842884935,93.81221615963918,93.50533219160351,93.5997543334961,5446000
2018-03-21,93.37152935509891,93.96955604661001,92.93874135149466,93.70201873779297,9742400
2018-03-22,94.66990238094203,95.07121443672106,94.1662976849784,94.63056182861328,12136600
2018-03-23,94.174121541735,94.66985548026322,94.12691050095286,94.5596923828125,7250400
2018-03-26,94.42597361775617,94.78006861744608,94.16630074948134,94.1977767944336,8237900
2018-03-27,94.29219772278395,95.30727758200794,94.27645669979002,95.2049789428711,9168500
2018-03-28,95.56694262509593,95.71645232351311,95.17350110584326,95.45677947998047,7412500
2018-03-29,95.63772698812978,96.2278890310851,95.61412146696178,95.92100524902344,9694300
2018-04-02,95.69239006237751,96.48884263427114,95.54256675879725,96.1103286743164,12036500
2018-04-03,95.70025257052203,95.79488254002844,95.28231406701437,95.36905670166016,9855000
2018-04-04,95.69237059712802,95.77911323663383,95.1009467911924,95.17192077636719,6654300
2018-04-05,94.70666485835928,94.84071947798783,94.44643693818094,94.46221160888672,7603700
2018-04-06,95.1482746799869,95.53466992215107,94.8013040858866,95.4952392578125,8831200
2018-04-09,95.1324526928974,95.65290832519531,94.90376818927605,95.65290832519531,6307500
2018-04-10,95.57409326639859,95.71603523329647,95.24289734906175,95.4794692993164,6046000
2018-04-11,96.08665936479373,96.11820269177515,95.6292901479747,95.81855010986328,5901300
2018-04-12,95.44791034063809,95.47156632853464,94.95111654598955,95.11671447753906,6622800
2018-04-13,95.0378582119951,95.51888337902622,95.02208955798417,95.33751678466797,4964000
2018-04-16,94.80917625202972,95.39271268996832,94.76974559400028,95.36905670166016,4491300
2018-04-17,95.35326831386453,95.87372404686347,95.27441302542397,95.62926483154297,5590400
2018-04-18,95.64507299825604,95.68449764814821,94.84862046862472,94.86439514160156,8138400
2018-04-19,94.17044619093386,94.25718883636102,93.68942098130121,94.09159088134766,9875800
2018-04-20,93.75248955253578,93.94174346229434,93.38975038538466,93.41340637207031,7579400
2018-04-23,93.31085975756609,93.5395442360551,93.11371858813808,93.43702697753906,7073200
2018-04-24,93.21622844889431,93.4054822841845,92.86137675569132,93.01119995117188,8190800
2018-04-25,92.5854240354557,92.77467796009276,92.21479750484752,92.3882827758789,6603800
2018-04-26,92.83773277043073,93.15315386456793,92.72732816795664,93.03487396240234,6528600
2018-04-27,93.42131415217086,93.79982205452659,93.39765816030797,93.75251007080078,5401800
2018-04-30,93.90232216738494,94.28083000038185,93.79192354807137,93.9180908203125,8321100
2018-05-01,93.86438359344876,93.91970462057779,93.43762482961903,93.57987976074219,7979200
2018-05-02,93.76160629858722,93.94337875569364,93.46129314069093,93.47709655761719,4644000
2018-05-03,93.91968898127702,94.29113268566549,93.79324352441171,93.89598083496094,6345300
2018-05-04,94.22784695756134,94.22784695756134,93.64301828697182,94.03816986083984,4283500
2018-05-07,94.02241931639927,94.06193087828133,93.84064683722049,93.88806915283203,3647800
2018-05-08,93.69046732405685,94.04610143025593,93.49289148071598,93.80110931396484,6091200
2018-05-09,93.35064749594794,93.58773491782614,93.24000549316406,93.24000549316406,7832500
2018-05-10,93.69046296473988,94.03029364065567,93.5323986797,93.99077606201172,7101500
2018-05-11,94.29900680111486,94.33061966245421,93.90385507867815,94.2278823852539,4273400
2018-05-14,93.88806004835327,94.03821361620511,93.72209100411402,93.72999572753906,4996200
2018-05-15,92.90810104323302,92.92391049377481,92.2284393788649,92.6631088256836,12901000
2018-05-16,92.79743364198494,92.88436750758584,92.29954461771011,92.30744934082031,6518000
2018-05-17,92.17312792357549,92.32328757160735,91.74636315775285,91.84120178222656,7330300
2018-05-18,92.07827487267033,92.69471072095456,92.07827487267033,92.63148498535156,9606500
2018-05-21,92.56824440877661,92.7658202787062,92.42598954124583,92.67888641357422,4448500
2018-05-22,92.69473124412109,92.74214754155258,92.34699565085185,92.53666687011719,4700700
2018-05-23,93.05825255106662,93.34276234059216,92.98712811845432,93.20841217041016,9634000
2018-05-24,93.80107179995841,94.09348007225643,93.76155423528006,93.95122528076172,8204100
2018-05-25,94.48870286381901,94.70998692202794,94.41757842919687,94.53612518310547,8482800
2018-05-29,95.46075189312174,96.82797344847432,95.17624217637643,96.606689453125,21668100
2018-05-30,95.6267150586355,96.00606335814523,95.4212344785037,95.9586410522461,11616300
2018-05-31,96.06927550735385,96.40120750443987,95.5871899703969,95.80057525634766,10769900
2018-06-01,95.19142105297713,95.61917719263097,94.93793660468737,95.29440307617188,8718800
2018-06-04,95.14387973322339,95.16764295223147,94.55769817135882,94.605224609375,7156500
2018-06-05,95.02505361262176,95.18348513861164,94.7557290837561,94.82701873779297,5635900
2018-06-06,94.32802364907292,94.34386378839997,93.80520839805995,94.0586929321289,7813300
2018-06-07,94.01909237761123,95.44494065811823,94.01116928593642,94.96965789794922,13238300
2018-06-08,94.70823435785616,94.93795562945702,94.61318144791592,94.6844711303711,6790600
2018-06-11,94.32010386295043,94.5735884059024,94.21712784484589,94.51021575927734,6844200
2018-06-12,94.20916145838416,94.6289944731273,94.17747514963338,94.533935546875,6048200
2018-06-13,94.6211048931375,94.77161340211673,93.97155044258425,94.48644256591797,8834700
2018-06-14,94.88251355263901,95.2944296732938,94.64487521553599,95.27066040039062,10078800
2018-06-15,95.71426994214784,95.92022197420661,95.29443674292668,95.35780334472656,7992800
2018-06-18,95.43701509297468,95.50038169007357,95.0884716129664,95.27066040039062,4893700
2018-06-19,95.82514953613281,96.03110756979889,95.61126841252465,95.82514953613281,6133300
2018-06-20,95.66670820976474,95.6825543880347,94.97755054367752,94.9854736328125,6879100
2018-06-21,95.34196504306671,95.65089914065827,95.23106593334401,95.48455047607422,7235800
2018-06-22,95.12802682582283,95.54786582491809,95.10426360849651,95.47657012939453,4082500
2018-06-25,95.57959163360084,95.93605212791509,95.56374545313744,95.69049072265625,8363700
2018-06-26,95.6667179550255,95.87267598869157,95.57958813985006,95.82514953613281,5450000
2018-06-27,96.44300915414875,96.78362946928925,96.28458363045165,96.72817993164062,8173400
2018-06-28,96.74408343632315,96.83914243893517,96.50644499511851,96.75200653076172,7109500
2018-06-29,96.77568798242416,97.03709548602102,96.36377807299031,96.41922760009766,11164700
2018-07-02,96.65342924996966,96.66137027825506,96.29616172111444,96.34379577636719,9662000
2018-07-03,96.48674405847875,96.8837108363428,96.48674405847875,96.85989379882812,3808800
2018-07-05,96.9075225317141,97.28067225149314,96.86782949045521,97.13776397705078,3860400
2018-07-06,97.45531463623047,97.5902818463498,97.24095530587802,97.45531463623047,4679900
2018-07-09,96.91547343858268,97.02662365700499,96.78050618153168,96.82814025878906,5952700
2018-07-10,96.7566727271358,96.96309106505188,96.70903260072843,96.82018280029297,5759700
2018-07-11,97.21716115364663,97.29655935474202,96.93134458995368,97.19334411621094,6869100
2018-07-12,96.99480021566963,97.23298255589607,96.97098319309268,97.18534851074219,4824700
2018-07-13,97.34420063159615,97.55062506669827,97.23305041051795,97.43153381347656,4079000
2018-07-16,97.02661895751953,97.09013509560805,96.5740770737954,97.02661895751953,5517100
2018-07-17,97.09008094934205,97.16947304906029,96.7804475203807,96.84396362304688,3764300
2018-07-18,96.87573207679877,96.8916141337782,96.37555631208564,96.45494842529297,6330000
2018-07-19,96.70108319968269,97.21713502471025,96.67726011141758,97.06629180908203,6166700
2018-07-20,96.52641417705827,96.5343491490258,95.8277489811634,95.8753890991211,10469500
2018-07-23,95.57370279792383,95.57370279792383,94.62098511802324,94.69243621826172,11571800
2018-07-24,94.70043821698845,95.12916326612795,94.58928795134878,95.01801300048828,9053500
2018-07-25,95.28789498740477,95.47844338657721,94.68450989505423,94.86711120605469,7357900
2018-07-26,95.04177692330558,95.17674416224834,94.60511714015577,94.68450927734375,6821100
2018-07-27,95.15287988131654,95.16876193520743,94.79561241274587,94.84324645996094,4542000
2018-07-30,94.47014399048024,94.80360065875776,94.45426798591075,94.51778411865234,7111200
2018-07-31,95.10530116376387,95.16087627025647,94.92269378115543,95.03384399414062,6797400
2018-08-01,94.12435930772006,94.56199534078671,93.94930246618375,94.25962829589844,13312600
2018-08-02,94.3869066031115,94.4823876995249,94.13228022805632,94.39485931396484,4451100
2018-08-03,94.55401599353517,94.92004107238755,94.53809842836591,94.86434173583984,6162400
2018-08-06,95.11897866592636,95.35768753292572,94.90413400777658,94.92005157470703,4200200
2018-08-07,94.7131751912508,94.76887453954294,94.34715003522054,94.42671966552734,5346900
2018-08-08,94.41873114741186,94.71313927498161,94.37894331195962,94.52217102050781,5640900
2018-08-09,94.87228410783989,95.34970777720505,94.7847557268663,95.31787872314453,7144100
2018-08-10,95.77940622772915,96.32048809180066,95.70778932693983,96.01016235351562,8457900
2018-08-13,95.68395538252152,96.042021810113,95.65212631128178,95.81127166748047,7923200
2018-08-14,95.91465897873593,95.93057047023972,95.50884613151973,95.59637451171875,4251200
2018-08-15,96.01014445553217,96.38412217163665,95.9385275680935,96.15336608886719,7649800
2018-08-16,96.12954446608143,96.22503167406697,95.70781992133358,96.14546203613281,5400400
2018-08-17,96.35235390607778,96.59106892044785,96.0818158891817,96.26483154296875,3537600
2018-08-20,96.78995955445279,97.0048042004751,96.7103899366112,96.90931701660156,5603700
2018-08-21,96.57511613581183,96.70242630381905,96.33640122348622,96.58306884765625,4695000
2018-08-22,97.07642554666371,97.11621339527906,96.74222947307884,96.96502685546875,5309600
2018-08-23,97.07640021108513,97.17984009140598,96.90134343610231,97.1161880493164,5328700
2018-08-24,96.77403637082996,97.338988481275,96.67059041643464,97.30715942382812,6092200
2018-08-27,96.90134672276581,96.97296361985684,96.69446088433523,96.75016021728516,6407400
2018-08-28,96.280725483074,96.35233633185854,96.0260990138836,96.16932678222656,4929300
2018-08-29,96.23297117485299,96.40006920226203,95.97834474202403,96.29662322998047,5613300
2018-08-30,96.5273645385438,96.64672198855823,96.3443550431908,96.50349426269531,5302900
2018-08-31,96.98889592935501,97.01276620991783,96.19318753313696,96.28071594238281,9677500
2018-09-04,95.66825047252992,95.7799001622357,95.50077593797123,95.72407531738281,18343600
2018-09-05,95.5087266680818,95.62037632740982,95.3412521790898,95.4688491821289,9422600
2018-09-06,95.50871541187378,96.01911553277704,95.45289058878903,95.81974029541016,9566000
2018-09-07,95.16579046283451,95.2216152863314,94.89463697409994,95.00628662109375,11212600
2018-09-10,95.03819138073497,95.38111704931755,95.03819138073497,95.35719299316406,6386400
2018-09-11,94.96643399253009,95.03820617216093,94.58363078114704,94.63148498535156,5440000
2018-09-12,94.94251534807306,95.03821159303926,94.82288895741434,94.85478973388672,3347200
2018-09-13,95.17378192964614,95.35720986669673,94.88668712055296,94.99833679199219,4833000
2018-09-14,94.43213539578291,94.83088606074045,94.34440976273606,94.54378509521484,5579500
2018-09-17,94.24870741274343,94.75910777713291,94.20085927997326,94.54378509521484,5433000
2018-09-18,94.15299654881859,94.16097326504308,93.43525028436018,93.55487060546875,10182300
2018-09-19,93.39534015019898,93.39534015019898,92.66164070968671,92.99658966064453,13379600
2018-09-20,92.97264797704041,93.54684954664134,92.88492239921536,93.4272232055664,8657300
2018-09-21,93.20399110960317,93.53096352074435,93.18006095658546,93.38741302490234,6173800
2018-09-24,93.10028574554276,93.52296039605038,93.08433839915334,93.14813995361328,5505500
2018-09-25,92.89293902827434,93.10028495182475,92.82913747435835,93.05243682861328,6650900
2018-09-26,93.25181494324092,93.77019193670614,93.03649229782218,93.70639038085938,9512700
2018-09-27,93.49900339165812,93.82598167972242,93.38735375291641,93.77015686035156,5758500
2018-09-28,93.9854859723694,94.03334016691299,93.48306256303225,93.52293395996094,12807700
2018-10-01,93.24399155343939,93.37986766634563,92.81237969654181,92.83635711669922,22442400
2018-10-02,93.25199684698742,93.6196649180261,93.19604749048203,93.40386199951172,8266900
2018-10-03,92.93226220256135,93.0042005574982,91.30972513990335,91.78130340576172,20829200
2018-10-04,91.22180951831568,91.42962399230456,90.88611343588698,91.1338882446289,16207400
2018-10-05,90.63038620852969,90.89415015207848,90.01494310494016,90.35063934326172,18096500
2018-10-08,90.31064803170774,90.40656382969259,90.03090124344695,90.04689025878906,5855900
2018-10-09,90.43052593634428,90.99801392440821,90.37457658816957,90.95805358886719,11530800
2018-10-10,90.430542210248,90.78222737521929,90.15079541903116,90.71028900146484,15290100
2018-10-11,91.11790253623066,92.03707557966531,90.95005450016332,91.81327819824219,16086800
2018-10-12,91.42965506302745,91.92521094693853,91.34173375946222,91.49359893798828,6794100
2018-10-15,91.64544486583709,91.77332649087289,91.34970907978202,91.45361328125,7146300
2018-10-16,91.42961559754049,91.69337939438289,91.24578465890797,91.66140747070312,4762300
2018-10-17,91.64543997490853,91.74934417083135,91.10192937696232,91.11791229248047,5880700
2018-10-18,90.81416243868344,91.42960512949765,90.75821310315487,91.0859146118164,5728800
2018-10-19,90.99803000274176,91.07795678596757,90.64635093694366,90.8861312866211,10892400
2018-10-22,91.07794640985173,91.18185670442764,90.74225029973414,90.76622772216797,3244200
2018-10-23,91.72533023686759,91.93313854599423,90.98998835727805,91.0539321899414,10330700
2018-10-24,91.40566736659123,91.77333545927955,91.30975156492445,91.74136352539062,16008000
2018-10-25,91.5495143595429,91.70936788965126,91.30173955846854,91.3576889038086,12613200
2018-10-26,91.86127823022788,92.17299703599647,91.74937948446603,91.90923309326172,18582500
2018-10-29,91.78933122359514,91.93320189721929,91.32575336238283,91.701416015625,7679900
2018-10-30,91.32570770175982,91.5495050603878,91.13387616748955,91.24578094482422,9939500
2018-10-31,90.91010819533027,91.0859507762417,90.48649075841963,90.7822265625,8706400
2018-11-01,90.41769894190323,90.98656455410433,90.40968502825953,90.86638641357422,6100200
2018-11-02,90.67402832734349,90.74614127610403,89.6564820389966,89.73660278320312,11314800
2018-11-05,90.12122952665452,90.30550670600277,90.01706701301774,90.08917999267578,4760200
2018-11-06,90.21736585083787,90.32152835735678,90.00103915229339,90.03308868408203,3159900
2018-11-07,90.69011962317727,90.85837513762911,90.06516882297754,90.1532974243164,9313100
2018-11-08,90.50580256587764,90.51381647676865,90.0651352720392,90.14525604248047,6905100
2018-11-09,90.3375523178922,90.93846730005113,90.31351669665757,90.81828308105469,6465300
2018-11-12,91.29903114814731,91.58747088327752,91.26698772231013,91.41120147705078,6840000
2018-11-13,91.106695858306,91.35507202148438,90.92241874137413,91.35507202148438,6525800
2018-11-14,90.92246282272819,91.75572637663272,90.77824295516308,91.41120147705078,8690800
2018-11-15,91.69159815936209,91.7717189187998,91.08266938455556,91.37110900878906,7879600
2018-11-16,91.49931525949653,91.98805991489559,91.27497465298346,91.8999252319336,9236700
2018-11-19,91.6675573377022,92.15629577636719,91.6675573377022,92.15629577636719,7027200
2018-11-20,92.33257431049401,92.50884365651555,92.0841981117304,92.1883544921875,6332600
2018-11-21,92.05213940629461,92.21238091607115,91.77171370777478,92.15629577636719,4951100
2018-11-23,92.67708689514745,92.74919985122108,92.21237797367337,92.25244140625,3027900
2018-11-26,92.02811433967788,92.18835586782184,91.9640152832913,92.04413604736328,6599000
2018-11-27,91.98808299160714,92.34062181189526,91.94802565200824,92.14833068847656,5967200
2018-11-28,92.02011997448695,92.15632591362169,91.62752386817115,91.69963073730469,7814000
2018-11-29,92.07619474394872,92.34059879325423,91.81179069464321,92.06017303466797,7295600
2018-11-30,92.3886657821494,92.47680046119524,92.12426785783468,92.40469360351562,9127800
2018-12-03,92.09713643181696,93.06082916259766,92.08107754134117,93.06082916259766,9763800
2018-12-04,93.80769310549852,95.30142112603355,93.66313858328516,94.61880493164062,18100500
2018-12-06,95.19700819357269,95.72703727446373,94.86774278375516,94.91593170166016,15319400
2018-12-07,94.61072283374918,95.1889406195362,94.37782921852909,95.09257507324219,8608400
2018-12-10,95.46203073465318,95.79129003449144,95.11670641901308,95.48612213134766,8777700
2018-12-11,95.5423196713306,95.87157890995958,95.25321071072568,95.47003936767578,8071900
2018-12-12,95.22914452798119,95.3415751394232,94.95609438090145,95.04443359375,6182200
2018-12-13,95.13278819391091,95.22915993088125,94.74731350004912,94.81958770751953,5564200
2018-12-14,95.20504953211257,95.38172182412539,94.94003190358046,95.14883422851562,8169200
2018-12-17,95.23713173510622,95.80732319331925,95.22910535688247,95.70291900634766,9726800
2018-12-18,95.84947474609491,96.42906439082338,95.74482900417435,96.27611541748047,10018800
2018-12-19,96.68661820407252,97.934345724836,96.53366929543265,97.5479507446289,23046300
2018-12-20,98.21612766227186,98.23222464459987,97.13744560002684,97.19379425048828,18543700
2018-12-21,97.51576515936321,97.57211379594979,96.91202713527527,97.17767333984375,9945100
2018-12-24,97.50770324549018,97.74114932700046,97.33061193612319,97.66065216064453,8377500
2018-12-26,97.395040091066,97.71703501078926,96.5739588802368,96.61420440673828,11700400
2018-12-27,97.61235329107735,97.70894743230912,96.5819748410052,96.6302719116211,12146500
2018-12-28,96.92008795822947,97.44332885742188,96.83153921491039,97.44332885742188,9879100
2018-12-31,97.12131954006647,97.8538517767489,96.96837061680225,97.81360626220703,17409000
2019-01-02,97.93434075054222,98.33683268627543,97.676740015795,98.32878112792969,19841500
2019-01-03,98.44150094803766,99.70532567033213,98.39320386996938,99.4477310180664,21187000
2019-01-04,98.48174322933455,98.6588406984859,97.92630842518076,98.29660034179688,12970200
2019-01-07,98.70713605140183,98.73128458771815,97.90215208597655,98.00679779052734,8498100
2019-01-08,97.95852703802963,98.15977308345805,97.71702932689877,97.74922943115234,7737100
2019-01-09,97.61235555967913,97.74920135729789,97.24206367942479,97.59625244140625,9349200
2019-01-10,97.62843977899351,97.73309160947161,96.87175299909059,96.96835327148438,8222900
2019-01-11,97.2661977914822,97.62038650094027,97.14544898850227,97.34669494628906,5786900
2019-01-14,97.32255067324856,97.41109938987316,96.791258373501,96.98445892333984,6730500
2019-01-15,97.0488608538854,97.05691241283472,96.55782016415726,96.6302719116211,8997400
2019-01-16,96.26800577380007,96.91199524419089,96.20361173999198,96.72685241699219,6048400
2019-01-17,96.77519376847312,97.02473688522612,96.50954752974418,96.75104522705078,8153400
2019-01-18,96.46926810666328,96.69466875867494,96.10702780648204,96.2438735961914,14106400
2019-01-22,96.8476394635667,97.17768590735764,96.65444499050507,96.89594268798828,8881100
2019-01-23,96.5014494119823,97.09714180687118,96.46120390954188,96.85564422607422,5776800
2019-01-24,97.33062856458773,97.61237176573799,97.1696280628296,97.49162292480469,7121900
2019-01-25,97.07303921191853,97.20183962851753,96.85569618583506,97.02474212646484,6460800
2019-01-28,97.03276918002068,97.35476399864909,96.9281234741211,96.9281234741211,6435800
2019-01-29,97.02472610195066,97.43526968512765,96.91202882681046,97.4191665649414,5750100
2019-01-30,97.27424320788542,97.38694659446212,96.86370587590861,97.34669494628906,10571300
2019-01-31,97.84583753409187,98.35297539799312,97.80558586518471,98.18392944335938,11843400
2019-02-01,98.01046062785228,98.0830699650908,97.4941008895573,97.5909194946289,12024600
2019-02-04,97.17134427815456,97.26009309053092,96.83248237843685,97.15520477294922,8966200
2019-02-05,97.40532226377633,97.80872373629929,97.34884630383984,97.59895324707031,6983300
2019-02-06,97.91362351120524,97.95396612787962,97.40533978037114,97.64737701416016,5184000
2019-02-07,97.99435006394812,98.3574153236526,97.80878871035382,98.2928695678711,8781000
2019-02-08,98.63975486786006,98.80918279075325,98.48646029958643,98.71236419677734,5885400
2019-02-11,98.31698060323387,98.5751572291283,98.22823181101238,98.3250503540039,4352800
2019-02-12,98.15565928714915,98.22826860502832,97.7845244777047,98.0749740600586,7939600
2019-02-13,97.74423057056075,97.93786165795055,97.55059948317096,97.70388793945312,4757700
2019-02-14,98.5428854019821,98.59129159627102,98.09107784084198,98.26050567626953,5868900
2019-02-15,98.0749716767069,98.44610032171383,98.05883832493201,98.41383361816406,5527200
2019-02-19,98.76883787961918,98.86565647134888,98.38963942295211,98.66395568847656,5872800
2019-02-20,98.38964776757729,98.4945361230351,98.09919812317396,98.38158416748047,4455800
2019-02-21,97.67963386607244,97.75224933310034,97.38111455570095,97.50213623046875,7382500
2019-02-22,98.00240500163034,98.38966716691068,97.96206237151227,98.08308410644531,6374600
2019-02-25,97.76032967656839,97.86521801852902,97.55862890254456,97.7926025390625,6293500
2019-02-26,98.21213280080622,98.28474211687255,97.91361347211264,98.27667236328125,6028900
2019-02-27,97.71996498820474,97.72802858493472,97.04224738242823,97.16326904296875,7737300
2019-02-28,97.2681710165257,97.3165833838558,96.58238967429885,96.8324966430664,9533400
2019-03-01,96.47921387308868,96.6409129265316,95.92134165239068,95.93751525878906,13541100
2019-03-04,96.44683597297119,96.83491602030449,96.26087658099235,96.68938446044922,9808500
2019-03-05,96.43877068558838,96.91579330368785,96.43068388367551,96.89153289794922,5595200
2019-03-06,96.9561903073869,97.44129343554965,96.93193607624191,97.24725341796875,7766700
2019-03-07,97.53834276450081,98.03961962720808,97.51408852683188,97.87791442871094,8187200
2019-03-08,97.92644959560188,98.38729871316258,97.70814907398561,98.29027557373047,7517600
2019-03-11,98.15282496256846,98.1689924006415,97.81325324722297,97.99920654296875,5157800
2019-03-12,98.07197057367428,98.8238828594785,98.03962953070791,98.68643188476562,6422300
2019-03-13,98.36306631769502,98.60561496751158,98.33072526403441,98.5005111694336,4386300
2019-03-14,98.38724785701773,98.44384311699318,97.76469382886694,97.78894805908203,8188400
2019-03-15,98.42766606939041,98.59745184336818,98.1527765786894,98.43575286865234,4302000
2019-03-18,98.29026746801425,98.53282221237978,98.24983962114554,98.37920379638672,3893300
2019-03-19,97.90214515761764,98.33065920442117,97.74044616637107,98.16087341308594,5220200
2019-03-20,98.42765392993465,99.32509731628956,98.41957330008982,99.18765258789062,10123700
2019-03-21,99.41406214238386,99.5191658763287,99.23618953999912,99.40597534179688,7182600
2019-03-22,100.42469483130661,101.28979742863643,100.3034174979868,100.95022583007812,13077000
2019-03-25,100.90979638826826,101.82341360542128,100.66724789391483,101.11192321777344,9736300
2019-03-26,100.82086124943652,101.29788378013444,100.75618535125118,101.0391616821289,7502000
2019-03-27,101.40301987105435,102.14684536913185,101.31408354319471,101.96897888183594,14207200
2019-03-28,102.07409451274356,102.42983986553514,101.88005439686816,102.3247299194336,9143200
2019-03-29,101.61323179849444,102.25195351997424,101.5808907554346,102.22769927978516,10841400
2019-04-01,101.52109139925345,101.577811371831,100.62977489502916,100.77562713623047,16501500
2019-04-02,100.86476727213072,101.07543793984306,100.67839810083183,100.96199798583984,9725000
2019-04-03,100.15984330135826,100.37052021337408,99.96537563442902,100.0869140625,10407000
2019-04-04,100.1517323951831,100.38671697806993,100.02208935270279,100.37051391601562,7503400
2019-04-05,100.16788405387237,100.6135390973396,100.13547176638193,100.5000991821289,6321800
2019-04-08,100.33810482441906,100.43533556389046,100.08691098941517,100.14363098144531,4446400
2019-04-09,100.65406992578887,100.7513006196985,100.28943627759001,100.45960235595703,7020300
2019-04-10,100.69462364952714,100.89719592435134,100.55687598633034,100.70272827148438,7519900
2019-04-11,100.41910598901885,100.49202902436951,99.99775847118269,100.11119842529297,8679300
2019-04-12,99.57645036291994,99.71419805854892,99.36577341653542,99.39818572998047,7005500
2019-04-15,99.48726103540946,99.65742094697359,99.43864568410918,99.64932250976562,3070000
2019-04-16,99.26850267510233,99.36573339425847,98.96869353300444,99.0254135131836,8927300
2019-04-17,98.96059170279733,99.31712083512743,98.9443886431525,99.06593322753906,6118500
2019-04-18,99.51161208005331,99.74659668377052,99.48730439380944,99.58454132080078,27589400
2019-04-22,99.23607924072513,99.31710689160225,99.04971007989559,99.10643005371094,6241200
2019-04-23,99.3495586108845,99.4224816710062,99.1712939990102,99.31714630126953,6239700
2019-04-24,99.75470149570552,100.14363684037684,99.7384922501683,100.12743377685547,7302000
2019-04-25,100.06258741745107,100.16792894450715,99.74657520031184,99.98155975341797,5380900
2019-04-26,100.45964563040037,100.49205175432127,100.1841441209508,100.32189178466797,5950700
2019-04-29,99.8519441318923,99.94917488261135,99.54403026923877,99.68177795410156,10246000
2019-04-30,99.62503183478853,100.26516089792348,99.60882877458903,100.1922378540039,7957400
2019-05-01,100.43500506709816,101.05211276083593,100.36192277481973,100.60552215576172,14371900
2019-05-02,100.42691096600096,100.53246742268448,99.90723792618914,100.12647247314453,6612800
2019-05-03,100.41063690185547,100.58926941005093,100.17515917447494,100.41063690185547,6191700
2019-05-06,100.93847486620484,100.99531391837621,100.6299208965591,100.68675994873047,4482500
2019-05-07,101.11708802683279,101.612402296631,101.00340995130439,101.45812225341797,8984900
2019-05-08,101.62051635894771,101.74231605793767,100.93032632465801,101.01964569091797,6907600
2019-05-09,101.58802635492293,101.74230637195525,100.9384321521453,101.43374633789062,9411900
2019-05-10,101.40935520493782,101.86406728445472,101.16575590806093,101.2956771850586,6037800
2019-05-13,101.82351832970909,102.25387191632625,101.7017186252915,102.09147644042969,10501600
2019-05-14,101.91282294117336,102.02650099683642,101.66110193649995,101.79102325439453,5690400
2019-05-15,102.48125096607717,102.52996838073688,102.12397340526157,102.41629028320312,9566300
2019-05-16,102.15640065579262,102.17264391556532,101.92904457888257,102.07520294189453,7666400
2019-05-17,102.53806719326904,102.55431045786818,102.05899620242951,102.3025894165039,4747100
2019-05-20,102.40815195492118,102.61926483458865,102.02651577207493,102.09147644042969,6043100
2019-05-21,101.98593145312475,102.08337247251794,101.74233819712883,101.92909240722656,4021800
2019-05-22,102.12398260219788,102.57870122827498,102.08338681798945,102.51374053955078,5675300
2019-05-23,103.03338933939618,104.0077746602965,103.02526770647462,103.66674041748047,9743700
2019-05-24,103.57740375594932,103.75604248046875,103.43936699427148,103.75604248046875,4981900
2019-05-28,104.15393261695625,104.66547775349919,104.007768013672,104.50308227539062,8098600
2019-05-29,105.29070343996287,105.47745760270467,104.7466718250335,104.81974792480469,13260600
2019-05-30,105.01464975412244,105.74543566985774,104.65737223443605,105.72107696533203,13024800
2019-05-31,106.28944459214188,107.10143427547368,106.21636849423705,107.04460144042969,18933600
2019-06-03,107.32939095928869,107.87453911651974,107.03647423439057,107.76062774658203,17822400
2019-06-04,106.90626967381884,107.2073184443477,106.22280156025836,106.531982421875,14250000
2019-06-05,106.19843974992192,106.54830605222864,105.8729697316476,105.929931640625,8815200
2019-06-06,106.56456899286177,107.06903193723808,106.03569735217113,106.27165222167969,9621100
2019-06-07,107.23174343366857,107.45957858822895,106.94697121743232,107.19107055664062,11378500
2019-06-10,106.3285734157731,106.34485001412177,106.03566913793784,106.18212127685547,8288700
2019-06-11,106.11705779518452,106.39369796957982,106.03569961087376,106.24724578857422,5115100
2019-06-12,106.09261271127461,106.38552938823322,106.01938664588648,106.32856750488281,5278700
2019-06-13,106.4262322625396,106.79237506539647,106.41808775476862,106.69474029541016,5560400
2019-06-14,106.67038573828184,107.16671676328127,106.6622412263775,106.96330261230469,5838800
2019-06-17,106.90629888559327,107.2073477383827,106.69475272085066,107.15039825439453,6046400
2019-06-18,108.0046803214604,108.10231504901537,107.36188525731598,107.6873550415039,10320700
2019-06-19,107.28873012235012,107.98847510158548,107.06090733054428,107.84201049804688,11962500
2019-06-20,108.1430618806453,108.63124821170612,107.88268590508498,108.12678527832031,10721500
2019-06-21,107.81757000108027,107.83384660009762,106.89814701082156,106.9388198852539,14495000
2019-06-24,107.5327691868445,107.83381790381114,107.46767522350501,107.7361831665039,6378800
2019-06-25,108.04540311017315,108.28950245726485,107.98845363124993,108.06982421875,9604600
2019-06-26,107.95593161843102,107.97220822371504,107.3050163920159,107.37824249267578,12766800
2019-06-27,107.65484118497956,108.28949197674983,107.39447767791329,108.13489532470703,9724200
2019-06-28,107.87452334664846,108.28135138201125,107.76874408452409,108.06166076660156,8149200
2019-07-01,108.07800233950833,108.22474178100663,107.27904613658622,107.80896759033203,14131200
2019-07-02,108.07798177515141,108.74648205882824,107.98830354248935,108.64049530029297,10494300
2019-07-03,108.85249009943334,109.48022541103771,108.84432961502105,109.4150161743164,5380300
2019-07-05,108.0535072686265,108.0616677510281,107.34424192623476,107.96382904052734,12180100
2019-07-08,108.46929335526583,108.6078847181688,108.11058044433594,108.11058044433594,6490000
2019-07-09,108.16764286081673,108.19211186844188,107.74372072464469,108.06981658935547,6215700
2019-07-10,107.89860492444257,107.97197461736961,107.21378380451604,107.47467041015625,9470000
2019-07-11,107.05076839074297,107.13229858969325,105.78712494558467,106.03986358642578,14126800
2019-07-12,105.91753130331371,106.34961383939792,105.72186635801317,106.162109375,6992000
2019-07-15,106.34965542717292,106.83881176182891,106.34965542717292,106.77359008789062,6055500
2019-07-16,106.12142431180541,106.47198938151335,105.95022824036292,106.45568084716797,6172700
2019-07-17,106.84696483440302,107.62961251873172,106.83881678968817,107.60515594482422,9662200
2019-07-18,107.1812366097266,107.8742061423554,106.99373203633569,107.61331939697266,5724900
2019-07-19,107.27904261250099,107.55622539717866,107.21382093850112,107.3605728149414,5804800
2019-07-22,107.99647482024042,108.0127833496223,107.4013441153142,107.56439208984375,5204100
2019-07-23,107.28720157055064,107.40133638848637,106.77358866995876,106.97740173339844,8108900
2019-07-24,107.28720541114932,107.531771144222,107.18121863364274,107.44209289550781,6389700
2019-07-25,107.00183649921787,107.13227981877827,106.39854547607071,106.928466796875,8893100
2019-07-26,107.36871026891528,107.43393193648197,107.00184927364359,107.18120574951172,6188400
2019-07-29,107.46655241652779,107.5725267449115,107.12413554094498,107.21381378173828,6231800
2019-07-30,107.61326175449334,107.69479192869542,107.14856215310598,107.47467041015625,5678500
2019-07-31,107.36872261489705,108.69758780987806,107.33611799724517,108.33887481689453,15798700
2019-08-01,108.96296428165964,110.59671440955888,108.85676653469841,110.49051666259766,26664800
2019-08-02,110.81726802194122,111.51160430908203,110.60487253979635,111.51160430908203,15143100
2019-08-05,112.84313013982027,113.45578648829864,112.45103356686121,113.43944549560547,18543000
2019-08-06,112.89216955621413,114.34620666503906,112.80231277018434,114.34620666503906,12747400
2019-08-07,116.32299072760763,116.86213119922552,114.18278229512326,114.38700103759766,32582000
2019-08-08,113.66001187981648,114.71377537607856,112.71243368092085,114.63209533691406,14746000
2019-08-09,114.90980169856836,115.62865566810001,114.25629922304168,114.4033432006836,10626000
2019-08-12,115.76751868025926,117.16436786184056,115.5959694567115,116.78861236572266,14094300
2019-08-13,117.47478903158466,117.55648151549964,115.95540106823641,116.38834381103516,15974900
2019-08-14,118.57755537660684,119.04316755625408,118.20996418961776,119.010498046875,15068900
2019-08-15,119.22292684971252,121.38765349771839,118.92068702981832,120.33387756347656,23588700
2019-08-16,119.31273922986313,119.6803304214097,118.3161509104126,119.36992645263672,17150500
2019-08-19,117.27873894408583,118.16912962069006,117.22971597839604,117.66265869140625,13614700
2019-08-20,118.67564110187176,118.95337570890983,118.31621398004474,118.8798599243164,7451500
2019-08-21,118.21818930092441,119.0922393525724,117.86692645555993,118.08748626708984,9372000
2019-08-22,117.63002878555557,118.20183893258009,117.20525019154036,117.30328369140625,13878800
2019-08-23,117.23787962479184,119.48428541750712,117.16435141672173,119.2310562133789,16191800
2019-08-26,119.15758311356493,119.50066920665378,118.68379399514893,118.7491455078125,12174500
2019-08-27,119.77840718857988,120.66879811026243,119.6558684374101,120.57894134521484,11332300
2019-08-28,121.53464185168512,121.63266284718847,120.61974598826373,120.7341079711914,10095900
2019-08-29,120.28482136574448,120.35833711057806,119.36992552464835,120.27665710449219,8884900
2019-08-30,119.76202152147917,120.47269864796732,119.55780281023353,120.309326171875,13550800
2019-09-03,120.36661402950726,121.65956035692167,119.94109687357201,120.4648208618164,15660800
2019-09-04,119.90841454191838,120.80038024055884,119.86749604940158,120.6448974609375,7962200
2019-09-05,119.19647922511955,119.31104351126682,117.74804951080912,118.4599838256836,19382900
2019-09-06,118.86916308703834,119.49927300650808,118.72187147516301,119.30287170410156,9466400
2019-09-09,117.69892554062473,117.83803839311734,117.17520142500692,117.18338012695312,15862700
2019-09-10,116.88879229099197,117.25703368810204,115.10486119600297,115.12940979003906,13851400
2019-09-11,114.89211067490042,115.50585060903252,114.88393197094419,114.92485046386719,10941700
2019-09-12,115.79222830371857,116.03772669142849,113.79552639730908,114.17195892333984,19163300
2019-09-13,113.15727189303075,113.5091559340915,111.73339080810547,111.73339080810547,18922200
2019-09-16,112.82989612925854,113.39453857947437,112.3143508509633,113.15721893310547,10971600
2019-09-17,113.22269297828326,114.23741371133156,112.94446732918732,113.77096557617188,9081200
2019-09-18,114.50746891665652,115.10485128427709,114.18014603331542,114.25379180908203,10984600
2019-09-19,115.1866565963716,115.37487908521437,114.54018963903737,114.59746551513672,13176200
2019-09-20,115.19483718737342,116.1849967699224,114.92479025943342,116.1113510131836,11519800
2019-09-23,116.39776501349293,117.15061742171986,115.95586551061281,116.08679962158203,15246700
2019-09-24,116.54512301319632,117.71532700692649,116.53694430905627,117.48619842529297,12421600
2019-09-25,117.2324330249125,117.4697526439467,115.49759988852726,115.76764678955078,14147100
2019-09-26,116.4223134611978,117.01150447330049,116.119526769118,116.5123291015625,9636500
2019-09-27,116.46324268075725,117.00332408622874,116.31593867085394,116.79874420166016,10386900
2019-09-30,116.10318593308308,117.09334563178349,116.0704461574268,117.08516693115234,8006900
2019-10-01,115.79818640374648,117.97053714753147,115.69982014657559,117.43769073486328,16613700
2019-10-02,117.60161344601079,118.26561048574288,117.42126702677227,117.72457122802734,12891500
2019-10-03,118.02790058943323,119.41328360144317,117.97871746614219,118.79846954345703,13470500
2019-10-04,119.15091938880227,119.70834456317264,119.02794912380732,119.6755599975586,11516200
2019-10-07,118.99524094027525,119.29854527346427,118.626354925343,118.68373107910156,11013900
2019-10-08,119.53621838931835,119.62637908293817,118.55250618218207,119.00337219238281,14529700
2019-10-09,118.53617584767882,118.54436886683379,117.88037157092134,118.33123779296875,8608800
2019-10-10,117.32288820533246,117.37207131810244,116.18343356194966,116.56871795654297,15054200
2019-10-11,115.56864481167764,115.6670235670704,114.52756867546162,115.12598419189453,26294000
2019-10-14,115.97846030677643,116.00305185568087,115.65056464910546,115.96207427978516,5936900
2019-10-15,115.31451889259277,115.54404846496367,114.3964006031092,114.56034851074219,11832300
2019-10-16,114.47013176976694,114.81442599744075,114.23240927033221,114.69966125488281,7729500
2019-10-17,114.37178399137588,115.07677109736463,114.19143757995406,114.42096710205078,6219300
2019-10-18,114.60950652911148,114.95380081225657,114.31439535664128,114.42096710205078,6456100
2019-10-21,113.59300062540854,113.93729484310349,113.31427553720158,113.5602035522461,8038000
2019-10-22,114.25704024949312,114.37999804880015,113.65041925325782,114.2242431640625,6683300
2019-10-23,114.78987827405444,115.01940784680714,114.24064590293739,114.3390121459961,5995400
2019-10-24,114.50297460096034,114.9620463132122,113.97014070546692,114.1094970703125,6161700
2019-10-25,114.3800080959963,114.39640664015208,113.37990954570625,113.55206298828125,5669800
2019-10-28,112.78149170647093,112.78149170647093,112.2978409854136,112.5191650390625,11402100
2019-10-29,112.81426531630838,112.91264406123277,112.44537942100446,112.59294128417969,5296600
2019-10-30,112.9371983487494,114.31437523896658,112.9371983487494,114.2406005859375,10914100
2019-10-31,115.15876449415836,116.14246445258055,115.11777438996918,115.78178405761719,15834100
2019-11-01,115.5649687345601,116.00841414424455,114.79305545345804,115.42536926269531,11425500
2019-11-04,114.1197453327369,114.25934486915958,113.7584229889361,113.90624237060547,11124300
2019-11-05,112.68262609946295,112.86328719167533,112.2802422976724,112.62513732910156,13493000
2019-11-06,113.33954832919952,113.65980882262885,112.78113802794836,113.30669403076172,9351900
2019-11-07,111.96819064989192,111.97639796046593,110.40793705391712,111.25375366210938,19209800
2019-11-08,110.98277365335291,111.63972194506525,110.6789402371626,110.78569793701172,10222900
2019-11-11,111.17164184514571,111.17984915563699,110.56396255217561,110.85958862304688,4577000
2019-11-12,111.0895525210306,111.63974321773125,110.68716863975004,111.3687515258789,5772900
2019-11-13,112.34595704470648,112.46914191726994,111.82040083374838,112.09139251708984,6672400
2019-11-14,113.1588988965394,113.68445495331156,113.05214121102098,113.24922943115234,10213300
2019-11-15,112.89614568961885,113.45455620196344,112.855084066171,113.1260757446289,4657600
2019-11-18,113.49561398090353,113.82408189686343,113.26567140343423,113.33136749267578,5943900
2019-11-19,113.62700807421503,114.34144530413627,113.62700807421503,114.27574920654297,7893100
2019-11-20,114.89161890101309,115.45823669433594,114.77665387992205,115.45823669433594,7905500
2019-11-21,114.6698386131428,115.03116064956487,114.2428205218948,114.73553466796875,5980900
2019-11-22,115.04768465081098,115.19549150092229,114.70277694004766,114.88343811035156,4664800
2019-11-25,115.21187783202923,115.40074625032388,115.1133274366277,115.22008514404297,4157300
2019-11-26,115.78669780268255,116.04126229655819,115.73742887228686,115.8934555053711,4281100
2019-11-27,115.45825533040693,115.71281988032287,115.31043597643182,115.55679321289062,4095700
2019-11-29,115.4746052878389,115.52387420148858,114.7848154362583,115.31037139892578,6251100
2019-12-02,113.6331478756712,114.06912174224037,113.47685298920494,113.77298736572266,17702200
2019-12-03,115.19602441084913,116.61912065025624,115.10553859534801,116.1584701538086,13062400
2019-12-04,115.44282953939172,115.57444758109452,114.51330693036057,114.9986343383789,8586300
2019-12-05,114.06089142342688,114.70251376387182,114.0115377898217,114.43927764892578,7273800
2019-12-06,113.54261876218101,114.43924297242371,113.40277932540981,113.80585479736328,7931100
2019-12-09,114.33233429647144,114.4310415510222,113.98684635375658,114.05264282226562,4016900
2019-12-10,114.48865302627819,114.62850508377205,113.85526453899983,114.0609130859375,4947600
2019-12-11,114.58735471574693,115.27833071159122,114.5297671068653,114.95751953125,6256700
2019-12-12,114.49686994998606,114.57090040342884,112.37457575543465,113.0655517578125,14857000
2019-12-13,113.61670423973369,114.84237408781591,112.8845959208662,114.37348937988281,11335100
2019-12-16,113.84703597115445,113.89640216826875,113.04911856699583,113.34525299072266,9156600
2019-12-17,113.69074779852549,113.79767650732637,112.86815361376507,113.18896484375,6179700
2019-12-18,112.94216158706179,113.06554566948913,112.10311217118998,112.25940704345703,6244700
2019-12-19,112.05175666709675,112.7603197488958,111.85401374710568,112.43899536132812,6591100
2019-12-20,112.15889418863347,112.62028186708305,111.99410209901176,112.58731842041016,5455700
2019-12-23,112.71917751573365,112.85100619429751,112.05181211683188,112.42256927490234,5175000
2019-12-24,111.98580948533181,112.92506607878674,111.96109319907232,112.74380493164062,4667400
2019-12-26,112.80155781467984,113.05696798627272,112.47198616433982,113.0157699584961,5290200
2019-12-27,113.2382466330327,113.3947916194897,113.11465253073116,113.1393814086914,7300500
2019-12-30,111.96118142811898,112.79332638896351,111.77168556017908,112.72742462158203,7979700
2019-12-31,112.224815557554,112.43079311064467,111.54096857266825,111.62335205078125,10707400
2020-01-02,112.70267276796282,113.31237085288129,112.60380756517092,112.8839340209961,11034100
2020-01-03,113.9220594073054,114.65533893436901,113.6007349532409,114.62237548828125,12366000
2020-01-06,115.09200722406398,115.10848894666651,113.8231785929555,113.97148895263672,11369800
2020-01-07,113.88085151284247,114.08682903148502,113.40298216096735,113.41121673583984,8381200
2020-01-08,113.6419109375624,113.95500078996257,112.31542778198713,112.66146850585938,10621700
2020-01-09,112.05178958839522,113.23822231318367,111.97764068606399,113.05696105957031,7411500
2020-01-10,113.42774974225613,114.08688061430327,113.39479885599783,114.06216430664062,8776000
2020-01-13,113.60077852647333,113.77379268324724,113.19705787420764,113.71612548828125,5966900
2020-01-14,113.8478951950593,114.37520974478271,113.81494432163699,114.3010482788086,13920300
2020-01-15,114.95197460611135,115.14970504248458,114.54001943450159,115.05907440185547,6290500
2020-01-16,114.73774154798274,114.96020084463993,114.30931725233518,114.6965560913086,6798600
2020-01-17,113.35360287349181,113.81499072072349,113.17234156609707,113.71612548828125,9693100
2020-01-21,114.36696002511087,115.0590414982499,114.33400915242972,114.9107437133789,6794900
2020-01-22,115.11671780859083,115.4627585348447,115.00960547479671,115.31446075439453,6317000
2020-01-23,116.04771544445641,116.48438668947256,115.9900357164627,116.12186431884766,9747400
2020-01-24,116.51737350285336,117.44839600812465,116.41850830649582,117.0611572265625,8585000
2020-01-27,118.60188492939362,118.88201141357422,118.23112780952242,118.88201141357422,10935200
2020-01-28,118.58535222781339,118.7171808361266,117.67082425879404,117.9509506225586,10612900
2020-01-29,118.18167108830036,119.21979332648687,118.17342394100093,119.10444641113281,9566800
2020-01-30,119.38459354151767,120.01900797191891,118.88200777205984,119.1209487915039,14711800
2020-01-31,119.60699960582184,120.28261176357955,119.54108530468444,120.20845031738281,14538100
2020-02-03,119.62414966664647,120.29262342462411,118.93916680806022,120.1110610961914,15309000
2020-02-04,118.83198941403762,118.95577629117645,118.06447299748275,118.49362182617188,11388300
2020-02-05,117.43716808850657,117.76727454984464,117.1070490344142,117.19783020019531,10782600
2020-02-06,117.33811594022288,117.91582108679371,117.18957182327829,117.72599792480469,6683100
2020-02-07,119.0217515433748,119.45090019678263,118.73289882434348,119.19505310058594,11374800
2020-02-10,119.74803646580648,119.87182332886867,119.40140806370577,119.52520751953125,6699300
2020-02-11,119.32709290204245,119.4343832065033,118.79066656525565,118.92271423339844,7784100
2020-02-12,118.3202133178711,118.46877004481985,118.0066159480987,118.3202133178711,5595500
2020-02-13,118.37800144889171,119.0052088478049,118.23770555411203,118.77413177490234,7883400
2020-02-14,119.46741474254652,119.73151013612082,119.21158020049737,119.29411315917969,7137400
2020-02-18,119.94600786836733,120.53196130880997,119.59939231211057,120.1110610961914,6909200
2020-02-19,119.76445402379893,120.17709341896666,119.64891549686217,120.10282135009766,5707700
2020-02-20,120.55675146288475,121.266491869104,120.49072763524138,121.04366302490234,9332900
2020-02-21,121.97624985813282,122.86755277066277,121.85245044117183,122.17430877685547,13860300
2020-02-24,124.47677866141615,124.58406891419278,123.79179587975119,123.99811553955078,15929300
2020-02-25,123.96517011803834,125.2443425556128,123.90739454072398,124.65840148925781,20802900
2020-02-26,123.75052942924074,125.21127614659255,123.44518036241821,123.99811553955078,22589500
2020-02-27,126.02005235501879,126.33366228418878,124.47678524774129,125.34333038330078,30687900
2020-02-28,127.46430151324351,128.72697700416336,127.2249762145008,128.17404174804688,44935200
2020-03-02,128.3551089680339,129.34690379112607,127.08229531245867,127.23107147216797,28152400
2020-03-03,127.12358256480422,131.99165249264738,125.92516367335108,129.20635986328125,38608000
2020-03-04,129.27253003050086,130.04944001701264,127.43770381893026,127.83441925048828,23463700
2020-03-05,129.86757203768732,131.26435500073046,129.60308675200582,131.0164031982422,17786200
2020-03-06,138.27303412068986,139.95082303494252,135.63650508076395,137.83499145507812,76288300
2020-03-09,148.02577506378702,148.52166622400557,140.78564557784208,141.57081604003906,41552800
2020-03-10,140.20708107997734,142.92625319198547,133.91743255113312,134.31414794921875,37728300
2020-03-11,136.72751360516938,138.04991501949775,128.6278459293103,129.37168884277344,29519300
2020-03-12,135.14072722202346,137.49625232969632,128.6527233868926,130.17347717285156,24361800
2020-03-13,128.107157109422,130.75194750811963,125.78470034351321,127.23107147216797,19812900
2020-03-16,132.55373125380916,137.32261484135205,130.42962569324547,135.4712677001953,30496700
2020-03-17,135.13234930199866,136.8927931175288,126.21444629461075,126.43759155273438,18570900
2020-03-18,126.32187192161159,127.39632116877598,114.89141025033611,119.30491638183594,47061000
2020-03-19,121.45380400177805,126.82603770307995,120.04876078678465,122.55304718017578,21175300
2020-03-20,126.70211644321064,131.76853942871094,125.71858203422663,131.76853942871094,20863100
2020-03-23,130.17336397285922,137.7688784662982,129.40472730570642,137.19859313964844,19971800
2020-03-24,133.27277075194328,136.74405900274604,132.57851562405386,134.64476013183594,11948600
2020-03-25,135.20673795715098,137.7606124879799,133.5785366931035,134.3389129638672,10750600
2020-03-26,135.54562886222342,136.93413900687403,134.11579130845365,135.00013732910156,10576200
2020-03-27,136.80196943829586,139.05830572663183,136.03331964516855,138.60372924804688,12550000
2020-03-30,139.09955073112437,140.59550939220293,137.14901586081825,137.4630889892578,13473200
2020-03-31,136.95064499350772,137.95897303904383,136.00843826701438,136.34730529785156,11464800
2020-04-01,139.4495075786385,139.84680872639046,137.72790716043627,138.25762939453125,11334700
2020-04-02,139.739205975327,140.06200526721395,138.43972380697804,139.13499450683594,5771200
2020-04-03,139.50749735784984,140.98078819441827,139.16814058672676,139.4661102294922,6570800
2020-04-06,138.22448615305277,139.2756579373228,137.83547012177732,139.10183715820312,9434800
2020-04-07,136.53602254335618,137.74444530105782,135.50140796265217,137.64512634277344,13811400
2020-04-08,136.6601730924521,137.55408161783822,135.84903878647262,136.64361572265625,10147100
2020-04-09,135.973198913354,137.22300890216408,135.55935304068623,136.89193725585938,14259100
2020-04-13,136.3621927618519,137.15678226454708,135.64210510253906,135.64210510253906,8750300
2020-04-14,135.60894775390625,136.3538775466524,135.31097836272136,135.60894775390625,9019100
2020-04-15,138.05896601696,139.54881347263387,138.00930654003287,139.201171875,10027800
2020-04-16,140.09514910610454,140.9725132708519,139.89651110090588,140.78213500976562,8265400
2020-04-17,140.55858076706565,141.40281702885076,138.4479648534621,138.89491271972656,8612100
2020-04-20,139.41637488144764,140.11990516247704,139.01908645042093,140.01231384277344,6462600
2020-04-21,142.30505186178718,142.48714507679043,141.35321129846818,141.77532958984375,7850700
2020-04-22,140.68278785000646,141.03041691910556,139.6399006427092,140.32687377929688,6230200
2020-04-23,140.60001742146713,141.47736880481284,140.38482207654823,141.07180786132812,5968600
2020-04-24,140.38485062893082,141.4029083251953,140.35174850358612,141.4029083251953,6211800
2020-04-27,140.4261657396952,140.50065495570254,138.58868930074823,138.77078247070312,9039500
2020-04-28,139.50749199214135,140.5834941401637,139.4247177386097,140.3682861328125,9905400
2020-04-29,140.31862396938564,140.92283559405016,139.01915409473094,139.63992309570312,8619600
2020-04-30,139.664722016093,140.07028292427583,137.98450863471444,138.00933837890625,11606100
2020-05-01,138.81820494857212,139.32375235004397,137.9397156450864,139.19114685058594,10209400
2020-05-04,138.86789322957222,138.96734100567903,137.97282530675133,138.53639221191406,8300900
2020-05-05,137.2186940392538,137.79882729298473,136.9700618888101,137.64964294433594,7831800
2020-05-06,135.27940448424016,135.619201413103,134.30146715253858,135.4285888671875,14721500
2020-05-07,135.5528545011388,137.88168304047744,135.3705251180061,137.69107055664062,9164800
2020-05-08,136.32364898013253,137.0778160147697,135.65233826641935,135.90097045898438,8129800
2020-05-11,135.63576939717427,136.09987606967087,134.3428971963742,134.84014892578125,8713500
2020-05-12,135.22142838810802,136.6883347210818,135.19656642625844,136.22422790527344,10057300
2020-05-13,136.82083997432667,137.8153556570885,136.60536558094674,137.17721557617188,13305600
2020-05-14,138.6690513111737,139.35691555656587,138.44528108243128,138.51986694335938,10080000
2020-05-15,139.48117037796848,139.6386377720354,137.84850210151458,138.16343688964844,7225600
2020-05-18,136.688196452113,136.7959399417798,134.60800099052372,135.130126953125,10073100
2020-05-19,134.6909804856088,135.66891776279692,134.65782278193132,135.63577270507812,8639100
2020-05-20,135.2296226877317,136.49763249320333,134.98928633236133,136.04180908203125,10927300
2020-05-21,136.63025444562126,137.04463711558301,136.15785213180624,136.38162231445312,8920000
2020-05-22,136.51422592096935,137.30983355458721,136.42306122899697,137.2021026611328,4956700
2020-05-26,135.67711734911688,135.7434074175707,135.0721098224157,135.3621826171875,8098900
2020-05-27,134.91472393880628,135.84294985511232,134.74897337566648,135.11363220214844,8047400
2020-05-28,134.22690104916933,134.7324486422257,133.97826880495185,134.6164093017578,10272600
2020-05-29,134.84840814460563,135.9920956645925,134.55005212940145,135.5777130126953,14632700
2020-06-01,134.51558403664168,134.79772348290717,134.15875019160052,134.66494750976562,13341400
2020-06-02,134.15870807055478,134.5072353939659,133.81018074714368,134.17530822753906,11517100
2020-06-03,132.92226541784171,133.04674761077527,131.89328353130398,132.39117431640625,12255700
2020-06-04,131.87668955045984,131.9513712723918,130.4410860259635,130.47427368164062,14038600
2020-06-05,128.30006955175097,129.5863091129753,127.09681808952412,129.54481506347656,17778500
2020-06-08,128.6818183897967,130.1589156286756,128.66521823480696,130.04273986816406,10346700
2020-06-09,131.9845394654203,132.4741364063109,131.36216660971624,131.51983642578125,9095300
2020-06-10,132.14218871312238,133.51969746272212,131.98451892159918,133.46990966796875,13135500
2020-06-11,135.4698783244755,136.28310896440337,134.95538727953118,135.99267578125,17086400
2020-06-12,134.7728157028419,135.81010414462438,134.4740761251201,134.68153381347656,9716100
2020-06-15,136.0009102099099,136.27475577438312,134.54870694092648,134.75616455078125,7759800
2020-06-16,132.28333241331316,133.79361790261746,131.69414696705186,132.68994140625,13698900
2020-06-17,132.99693407877265,133.41184931722452,132.22518515090397,133.23757934570312,7113900
2020-06-18,134.4657973897484,134.830925022361,134.10897617019563,134.6483612060547,7691400
2020-06-19,133.60270074647698,134.84744640560567,133.5280190458591,134.75616455078125,8565500
2020-06-22,135.4201095101737,135.6109670758594,134.49070293408857,134.77284240722656,9319700
2020-06-23,134.00103273161858,134.48233596671832,133.70229322921907,133.85166931152344,9088600
2020-06-24,134.04262207330942,135.33715661650334,134.0343283203673,135.28736877441406,11436500
2020-06-25,136.2665077688255,136.3826835628525,135.5943342510138,135.6773223876953,10968000
2020-06-26,136.2996707748898,137.1875955603859,136.2415765572773,137.12950134277344,12119300
2020-06-29,136.79761687398243,137.14614430180112,136.40759537237764,136.69802856445312,7274400
2020-06-30,137.11288554115424,137.16267334359284,135.66068221305704,136.0341033935547,14841700
2020-07-01,135.26312205423656,135.88622470801658,134.71478867641673,135.76991271972656,13181000
2020-07-02,135.17176377929258,136.0358067540896,134.78960116421834,135.9111785888672,7599800
2020-07-06,134.86435161736355,135.4376081369532,134.38248400201365,135.35452270507812,7972700
2020-07-07,135.7698740338717,137.36501485178724,135.5870962933452,137.25701904296875,12791900
2020-07-08,136.51759799867062,137.0160723492812,136.1104998368447,136.70867919921875,7253900
2020-07-09,136.8001846473706,139.11812214414792,136.75033843753533,138.885498046875,13373100
2020-07-10,139.53344337120532,139.74946039155083,138.04631070455562,138.1875457763672,8478000
2020-07-13,137.49813910075554,138.71111919883015,137.27381834539221,138.6446533203125,8054000
2020-07-14,139.51689751747975,139.69137192023373,138.72763632144245,138.8439483642578,11344600
2020-07-15,137.84695628123774,138.7026831271053,137.77218698644754,138.19589233398438,7840300
2020-07-16,139.0765417702702,139.38394777616148,138.77745191514248,138.85223388671875,9107400
2020-07-17,138.96853023745277,139.07652609167198,138.30388478131246,138.56143188476562,8549900
2020-07-20,139.16795025293905,139.25933918477125,138.5780866105264,138.902099609375,6907200
2020-07-21,138.99348460872852,139.34242069938082,138.81070675023537,138.98516845703125,8454400
2020-07-22,139.79105255782235,139.95722347104066,139.31750095092042,139.40057373046875,6592100
2020-07-23,140.3392709540738,141.13684758085301,139.97371552834377,141.02883911132812,10471800
2020-07-24,140.41411883845313,141.170153194455,140.297806835765,141.02061462402344,7520700
2020-07-27,141.44435403151536,141.4858967590072,140.3975457548477,140.4972381591797,6146400
2020-07-28,140.8544086586145,141.51905394139595,140.76301977376883,141.46920776367188,8520700
2020-07-29,141.27811765897155,141.56058776638758,140.38915195515483,141.228271484375,6733700
2020-07-30,142.10898253918393,142.28344422577067,141.8597388812867,142.15882873535156,9376100
2020-07-31,141.3612707593609,142.44963445738694,141.18680904908595,142.0674591064453,8886000
2020-08-03,140.76162268104974,141.38541855427223,140.53705261316497,141.35214233398438,9066200
2020-08-04,142.0840712606805,142.70786715310751,141.99258068881147,142.69955444335938,9878900
2020-08-05,141.4436857046388,141.85954977536448,141.13595035347433,141.45201110839844,6954100
2020-08-06,142.54148788959324,143.2650868797169,141.90936675692737,142.2420654296875,9481800
2020-08-07,142.4583131885666,142.6412942898286,141.04437869885217,141.2938995361328,8176900
2020-08-10,141.57667915732918,141.60162997110646,140.62019745278286,140.66177368164062,6408500
2020-08-11,139.03986132784107,139.30602017494653,137.96693861693402,138.98995971679688,19234200
2020-08-12,137.81729012367185,138.12503803117883,137.22677050899503,137.72579956054688,11744800
2020-08-13,137.49285149231233,137.7174214389824,135.71295540242048,136.2535858154297,12744700
2020-08-14,136.2453978697704,136.52818241906877,135.70477960251378,135.72140502929688,6398100
2020-08-17,136.3783927422473,136.78594388632908,135.9292526747029,136.0623321533203,6901500
2020-08-18,136.7027753976207,137.12695198719916,136.47820534847517,137.03546142578125,8140600
2020-08-19,137.54283570830572,137.74245496869187,135.82116559293118,136.17880249023438,12497700
2020-08-20,137.55938806112832,137.77563260669692,137.17678789003511,137.40968322753906,10319900
2020-08-21,137.87551744375097,138.34128296928867,137.24339620952802,138.233154296875,6836000
2020-08-24,138.33299202531038,138.8736100901208,137.95039160275908,138.00860595703125,6490600
2020-08-25,136.69445221086693,137.30992258490252,136.26195025448374,136.95228576660156,10518300
2020-08-26,136.44499810096977,136.67788095496996,135.80456390688735,136.42835998535156,8276600
2020-08-27,137.03549183627229,137.08540617361584,134.0412788448855,134.10781860351562,19860100
2020-08-28,134.54865699754976,134.78153984801872,133.60880019240915,134.00802612304688,8415400
2020-08-31,134.40724801023154,135.77959411471178,134.3739717836428,134.89796447753906,11388100
2020-09-01,134.6923259317992,136.6157990393135,134.2093771291139,136.44093322753906,10587000
2020-09-02,136.14937955741766,137.8563494856441,136.13273536500853,137.73977661132812,15167700
2020-09-03,138.01463738599256,139.25531652832845,137.75651249525433,138.13121032714844,16416600
2020-09-04,136.89886926619852,137.14033725526298,135.2668353454766,135.50831604003906,13780300
2020-09-08,136.86557538939115,137.60664907789248,136.34100341796875,136.34100341796875,13790400
2020-09-09,136.50743948983182,136.76556424487356,135.52488575476372,135.9745330810547,9558900
2020-09-10,135.27514225107765,136.8488830224876,134.85047377426372,136.6656951904297,8847700
2020-09-11,136.81560136327707,137.0321030550358,136.62409138675832,136.9571533203125,5458200
2020-09-14,137.2152690093336,137.45674969461626,136.74897725147432,136.94882202148438,4274900
2020-09-15,136.6989359542066,136.94873858815743,136.38251843750288,136.6156768798828,6928500
2020-09-16,137.20686999810232,137.29846387816076,135.7080668269146,136.20767211914062,8815200
2020-09-17,137.30678853831319,137.35675923286118,136.39086242611597,136.62400817871094,7813900
2020-09-18,136.6989486880518,136.75724148044932,136.0078335087876,136.19935607910156,7246300
2020-09-21,137.29852979653455,137.72318560496487,136.67402923416833,136.89051818847656,11086900
2020-09-22,136.92382426701602,137.29019994245812,136.4491977677854,136.7822723388672,10524100
2020-09-23,136.80721479317563,136.99872467944775,136.12442163399942,136.96542358398438,6224800
2020-09-24,137.3567883958904,137.49000549316406,137.07367188863728,137.49000549316406,8278100
2020-09-25,137.4816833950511,137.73980819697877,137.148621593627,137.49000549316406,5140300
2020-09-28,137.28180531160112,137.30678430535974,136.86547180830348,137.09861755371094,4470100
2020-09-29,137.22359586566594,137.58997157004305,137.02375110723386,137.25689697265625,10297600
2020-09-30,136.55743201469016,136.55743201469016,135.3500670166347,135.94125366210938,12971000
2020-10-01,135.45696069511482,136.482211790195,135.115223048747,136.16546630859375,11523900
2020-10-02,136.37384927694254,136.42385904396244,135.18189471544622,135.65701293945312,8828800
2020-10-05,134.15662544763964,134.15662544763964,132.96468387923224,133.00636291503906,14726000
2020-10-06,132.80633024030806,134.54007408579176,132.26452813434938,133.72320556640625,22419400
2020-10-07,132.9980473885081,133.7148837113946,132.4145789207304,132.74798583984375,9429200
2020-10-08,133.33980407027983,133.57319146845742,133.08141178791604,133.46482849121094,8431500
2020-10-09,132.9647746507908,133.58992245869683,132.37296246309393,133.43988037109375,8441500
2020-10-12,133.72320265769343,133.93158514345458,133.4564796896211,133.8649139404297,3962000
2020-10-13,134.37341611055942,134.8902007914026,134.34839850209275,134.82351684570312,7914300
2020-10-14,135.30697444857068,135.65705564658037,135.00690303332482,135.13192749023438,6954800
2020-10-15,135.8987627826442,136.02379994804664,134.73182555085972,134.89852905273438,9458800
2020-10-16,134.74846364496986,135.29859650068337,134.28168887721,134.52340698242188,8416300
2020-10-19,133.78164238970976,134.18173345992918,133.4065562164624,134.01502990722656,9286600
2020-10-20,133.24810835758,133.373132772039,132.48959299343898,132.73965454101562,11189000
2020-10-21,132.3562646710808,132.83971374914992,132.00618348737467,132.28125,10453700
2020-10-22,131.93957584175294,132.222985960838,130.83932187362967,130.906005859375,12664900
2020-10-23,130.70588192462785,131.87283195454665,130.65587214252585,131.70611572265625,8783800
2020-10-26,132.70633724850651,133.38149461706558,132.53962104801158,132.93138122558594,7227300
2020-10-27,133.5565521713698,133.9483124174362,133.2814856548553,133.8232879638672,6062300
2020-10-28,134.51507973675953,134.58176366511373,133.53150769185845,133.94827270507812,11765800
2020-10-29,133.97333577788643,134.0566939041994,132.08956167865875,132.6480255126953,11932400
2020-10-30,132.55627159857465,132.82300729692264,131.33932495117188,131.33932495117188,13095400
2020-11-02,132.42327758509796,132.83215051948528,132.11454433336115,132.32315063476562,10810500
2020-11-03,131.71394739735953,131.82241395319605,131.03805267772307,131.55540466308594,16228700
2020-11-04,134.87647095924453,135.31871523809997,133.958598267856,134.40919494628906,21570800
2020-11-05,134.87653667989176,134.95998432243056,133.99204769120013,134.6428985595703,18537500
2020-11-06,133.19092342568905,133.44125348906746,132.6235204988595,133.0157012939453,12408400
2020-11-09,130.14525698511787,130.29544736058526,129.02713063781394,130.22035217285156,23245000
2020-11-10,129.3025236485202,130.0117773690897,129.15232050442978,129.4694061279297,12561000
2020-11-11,129.35252024810055,130.12018944237792,129.31079646673876,129.93661499023438,5888200
2020-11-12,130.95472698392896,132.1729809626748,130.7628127030649,132.14794921875,15999700
2020-11-13,132.13953869746,132.25635768391348,131.76405000759635,131.97265625,7344600
2020-11-16,131.6139005776856,132.07283704463714,131.51377361483065,131.65562438964844,6310400
2020-11-17,132.48165851002582,132.8070837450712,132.33145539183533,132.51502990722656,7444600
2020-11-18,133.0407154590698,133.14919477641618,132.13119532346877,132.89886474609375,10333300
2020-11-19,133.48297243644885,134.10879120598938,133.37449310872088,133.58309936523438,10637200
2020-11-20,133.9502722650039,134.79303710774727,133.8334532498482,134.76800537109375,7246800
2020-11-23,134.1922517558952,134.33410249614022,133.74165506823059,134.15052795410156,11300000
2020-11-24,133.4996489820411,133.52468071132742,132.68190338430787,132.81541442871094,10891700
2020-11-25,132.88219885911025,133.43292248784593,132.35650696510646,132.4065704345703,9145800
2020-11-27,133.18255913829864,133.73328262945986,133.15752740981983,133.69155883789062,4708200
2020-11-30,133.53301312711872,133.9502255689912,133.30771484345988,133.52467346191406,13071600
2020-12-01,132.4330423032924,132.59174681843686,130.87106716319445,131.55599975585938,13662800
2020-12-02,131.03811460193396,131.07986820940377,129.86872045084687,130.5118865966797,12114300
2020-12-03,131.08816950133888,131.82321619080992,130.78746974158216,131.56427001953125,9626500
2020-12-04,130.04411646954995,130.12763641851006,129.27566411449828,129.63482666015625,12734500
2020-12-07,130.5953497937596,131.03804485785008,130.45334172085995,130.80416870117188,9316100
2020-12-08,131.61445543488128,132.03209346660412,131.30539462460152,131.42233276367188,7397200
2020-12-09,130.7624632393388,131.40562934223897,130.31140705200085,130.9879913330078,7750100
2020-12-10,131.3387986203191,132.21582819597955,130.99633241241938,132.14901733398438,10025100
2020-12-11,132.51651847755943,133.13462724138552,132.2408886421778,132.61676025390625,8135900
2020-12-14,131.5476387069722,132.54996748651934,131.23022970774988,132.249267578125,7535900
2020-12-15,131.78983998437727,132.29935882992532,131.39725926344843,131.80654907226562,6847500
2020-12-16,130.78751093795574,131.881720402892,130.62880646680324,131.4557342529297,9954200
2020-12-17,132.2199723010678,132.4959024320615,130.79851173074957,131.10789489746094,9422700
2020-12-18,131.37547085327557,131.5928773352447,130.5894902831332,130.7149200439453,6505000
2020-12-21,131.4423589780486,131.55941909502135,130.81524847456689,131.2333221435547,8988200
2020-12-22,131.74337183988294,131.96913519236045,131.34202469216407,131.9105987548828,7370800
2020-12-23,130.95741187679104,131.01594832346407,129.98749051399025,130.9992218017578,9266600
2020-12-24,131.19149647148006,131.63465348670525,131.14969931647698,131.51759338378906,3117100
2020-12-28,130.75669023759974,131.65136101831064,130.52257006553,131.57611083984375,7791100
2020-12-29,130.76503770556258,131.51756495326293,130.73995431454532,131.40887451171875,9030900
2020-12-30,131.12467829558466,131.71833597184826,131.00760537838298,131.69325256347656,9097300
2020-12-31,131.65974748262082,132.1781546786633,131.651377844882,131.885498046875,7742100
2021-01-04,130.99925543060908,132.26183383369624,130.8905521495098,131.72669982910156,13152900
2021-01-05,131.23336497247823,131.23336497247823,130.1547401682551,130.74839782714844,10458100
2021-01-06,128.6162220162616,128.6413054220251,127.33690452932584,128.06436157226562,22827300
2021-01-07,126.91878983943874,127.23652988814356,126.47563280234779,126.93551635742188,14651900
2021-01-08,126.65959174500469,127.06095164252405,125.97395758095126,126.52581787109375,13622500
2021-01-11,126.25828178387326,126.43387838556829,125.83185112061287,126.31681823730469,8370700
2021-01-12,126.0826516571295,126.39203484846138,125.36356443511391,126.21643829345703,12186300
2021-01-13,126.81000222939933,127.98897205148845,126.73475209401114,127.63777923583984,12533300
2021-01-14,127.57934518515303,127.62951197730298,126.08263450684393,126.44218444824219,14835500
2021-01-15,127.2532103252422,127.39535378013854,126.65118348180457,126.94384002685547,11624700
2021-01-19,126.77666343613446,127.3954170990352,126.68468671271134,127.35360717773438,9575600
2021-01-20,127.08607456033536,127.49577870672029,126.9188348383992,127.47906494140625,5368900
2021-01-21,126.62612234683282,126.88532591358461,126.34183538707876,126.58431243896484,8162700
2021-01-22,126.96898855898571,127.10276244725873,126.60943854034751,126.99407196044922,9507200
2021-01-25,127.7298409055833,128.50746443134403,127.62950732494076,128.49073791503906,8712600
2021-01-26,128.0140946119789,128.43216805910018,127.86358153654889,128.2482147216797,7690300
2021-01-27,128.82523336318263,129.18477061357953,128.373706631758,128.5743865966797,7895200
2021-01-28,128.2649257246172,128.31510525441124,127.22811176347268,127.86357879638672,10667800
2021-01-29,126.60940869870186,127.50409233534715,126.50907511649635,127.09437561035156,14965900
2021-02-01,126.95705224468838,127.54303105903091,126.81474401644664,127.24166870117188,8165500
2021-02-02,126.18696456819642,126.47994772272276,126.00279788894628,126.42135620117188,9177500
2021-02-03,125.92745143969509,126.06139316921362,125.21590995172744,125.29961395263672,9633100
2021-02-04,124.86429467979937,125.14054464538015,124.56293224220066,124.9647445678711,8262600
2021-02-05,124.81409402883257,125.20753986486949,123.91000654007027,123.91837310791016,10258900
2021-02-08,124.14435260494365,124.94797711771832,123.9266941871403,124.46244812011719,11574800
2021-02-09,124.91459339867058,125.29129347480298,124.44580994629328,124.55462646484375,5218300
2021-02-10,124.96480338791687,125.38336181640625,124.84760753887544,125.38336181640625,8079800
2021-02-11,125.29956564137055,125.39164894823703,124.5210535888115,124.69685363769531,11962700
2021-02-12,123.64213492668989,123.9602433624671,123.08126826645291,123.14823913574219,14088400
2021-02-16,121.56611307975915,121.93444654689685,121.09732967554382,121.27311706542969,17789100
2021-02-17,122.17713168729749,122.53709836867543,121.36512778625793,122.0431900024414,11199100
2021-02-18,121.0554055272308,121.8841553781632,120.81264738668165,121.54930114746094,10755300
2021-02-19,120.59500939316086,120.81266787337225,119.58210551030857,119.9336929321289,12741700
2021-02-22,119.73279450261805,120.32715294974435,118.63617372501416,119.021240234375,13203900
2021-02-23,118.46875275734489,119.28912350384063,118.15064434051764,118.67803192138672,12658500
2021-02-24,116.65219488756838,118.18410691426027,116.49314070132336,117.89949035644531,17363100
2021-02-25,116.794512192081,117.1293537243997,114.35849980829757,115.97412872314453,52621700
2021-02-26,117.8408969263296,119.95880071496498,116.92843020533537,119.80811309814453,45423300
2021-03-01,117.8905245594665,118.51911755760118,117.41278774228064,118.22576904296875,22048000
2021-03-02,117.67256906490256,118.28440860864333,117.58037494110282,118.23412322998047,12482200
2021-03-03,116.81772262885745,117.4630688756309,116.29807707289166,116.95181274414062,19763700
2021-03-04,117.02724943797058,117.28706581228899,115.62758399756513,116.19750213623047,22366600
2021-03-05,115.80358888710072,116.78419240994027,115.65273270916711,116.4238052368164,20598000
2021-03-08,116.35672423176399,116.4153862453648,115.51860046386719,115.51860046386719,15236600
2021-03-09,116.72551131228754,117.18648198414989,116.47407160138489,117.11943054199219,14463400
2021-03-10,117.16974529100148,117.46308103660667,116.73391720212852,117.35413360595703,12387600
2021-03-11,116.64170940859398,116.81772106638688,116.04664856160544,116.50760650634766,14150700
2021-03-12,114.320077115534,114.37037528428854,113.6914842880173,114.03511810302734,20402700
2021-03-15,114.39552571790794,114.89839234070887,114.32847427711688,114.70562744140625,11366500
2021-03-16,114.83974065078796,114.92354536774752,113.77531971423045,114.24466705322266,15567900
2021-03-17,113.27246416587629,113.59095540831174,112.43434008684277,113.38980102539062,27107500
2021-03-18,111.73030575019477,112.70253263649307,111.62973496497668,112.24156188964844,21615100
2021-03-19,112.37563816643387,113.0042310026051,112.14096453069695,112.93717956542969,18685000
2021-03-22,113.72501961799709,114.32846977258608,113.45681386540014,114.20274353027344,17047500
2021-03-23,114.47928560913185,115.27550037508432,114.1105092235329,115.23360443115234,16768400
2021-03-24,114.87324042504996,115.89575243468845,114.78104629995948,115.85384368896484,13863000
2021-03-25,115.98793166438954,116.2142286312326,114.89836835926778,114.94027709960938,20782000
2021-03-26,114.33687054542823,115.02413833998861,114.16924830904374,114.53802490234375,8433300
2021-03-29,114.68045606751276,114.69722212070593,113.1215456280878,113.56575012207031,13968100
2021-03-30,113.39816236199586,114.41228508472106,113.15509927757866,114.16085815429688,15020800
2021-03-31,114.26979440730418,114.47932535470883,113.12994554187266,113.52386474609375,19271300
2021-04-01,114.60232794264931,115.50034023732445,114.39251043005063,115.40802001953125,14885900
2021-04-05,114.60231938445611,114.95481124254938,114.09036417969698,114.90445709228516,8243000
2021-04-06,115.11429998802227,115.80249487054944,114.98840177833983,115.68499755859375,9282400
2021-04-07,115.35768796904921,115.90322129008155,114.87931060791016,114.87931060791016,11052700
2021-04-08,115.30733903855281,115.87804946732302,115.28216195557374,115.82768249511719,7847900
2021-04-09,115.39963192927537,115.97873031304688,115.05552813511481,115.40802001953125,8717800
2021-04-12,115.36607454208661,115.42481679032848,115.0639367913191,115.35767364501953,7659000
2021-04-13,115.23177447275708,116.2472840092934,115.1478423495956,116.22210693359375,13232800
2021-04-14,115.84444088946383,116.02069323001392,115.4583838482502,115.85282897949219,7293200
2021-04-15,117.06986796174016,118.3203730383287,117.0446908666581,117.79164123535156,23896700
2021-04-16,116.74248889209254,117.27122040508728,116.59980168987907,116.87676239013672,15238400
2021-04-19,116.44036832017696,116.91874574132734,116.28090491104392,116.54107666015625,13886800
2021-04-20,116.19693467164025,117.29637637688514,116.18014568506362,117.07817077636719,11476500
2021-04-21,117.11175718878017,117.42229586868281,116.71731197950636,117.31318664550781,11902200
2021-04-22,117.49781182725168,117.8251266479492,116.82639319841834,117.82512664794922,14156400
2021-04-23,117.81677517214615,117.89230642972396,117.0698250770732,117.54820251464844,12302200
2021-04-26,117.62373096514739,117.92586879449726,117.37196011256322,117.3803482055664,9103500
2021-04-27,117.15371888789804,117.34676024573422,116.26409456481434,116.35641479492188,14137300
2021-04-28,116.36476452620562,116.56619390901456,115.78567906233395,116.4319076538086,15263700
2021-04-29,115.35767874441855,116.1214176490428,115.08911895755655,116.08785247802734,17178200
2021-04-30,116.24730557581852,116.43194603603358,115.80249341427667,116.35641479492188,15692000
2021-05-03,116.57745433183656,117.37592749900192,116.22444554714318,116.4261703491211,16447700
2021-05-04,117.2414997118449,117.80463389377873,116.96413281775295,117.2162857055664,18639700
2021-05-05,116.85481994675489,117.54403672779446,116.7623643499087,117.40955352783203,11127900
2021-05-06,117.03976351657512,117.82983650362856,116.997735901833,117.60289764404297,21907600
2021-05-07,117.7541477384827,118.17439806899118,116.75394989986897,117.02290344238281,18346900
2021-05-10,116.78760987472664,117.03976273647136,115.7285832454316,115.83785247802734,15146200
2021-05-11,115.34193293803901,115.55205815943565,114.95530971268357,115.18223571777344,15158600
2021-05-12,114.87125309574138,114.98052231354569,113.77019900103065,113.971923828125,20859400
2021-05-13,114.24926297033772,114.6190853593944,113.99712300054809,114.14840698242188,13073900
2021-05-14,114.75354243143639,115.2158203125,114.49298930529717,115.2158203125,17566700
2021-05-17,115.0057188867376,115.29148606304918,114.7871933092682,114.97209167480469,6113800
2021-05-18,114.64432077910865,114.78721722205665,114.36696676051297,114.67794799804688,11423100
2021-05-19,114.76202121541516,115.40081029652929,113.98876169751412,114.4006118774414,14296000
2021-05-20,114.94686734447968,115.56044206936954,114.8712253619664,115.34190368652344,13310500
2021-05-21,115.7033610823203,115.73697547650302,115.19905539439466,115.71176147460938,10171600
2021-05-24,115.98066602337762,116.4765582293048,115.89661084524575,116.14035034179688,6868700
2021-05-25,116.51866827346159,117.24990010559485,116.51025505468301,117.2162857055664,12346900
2021-05-26,117.32554581807085,117.59451232688043,116.72879721732176,117.01456451416016,9793700
2021-05-27,116.40935530132312,116.56905249778362,115.98070453057952,116.54383850097656,10695200
2021-05-28,116.4766326422433,117.08179440135515,116.27490778086343,116.35896301269531,10258000
2021-06-01,116.00458091874961,116.37492285763122,115.52479962973067,116.33284759521484,11778500
2021-06-02,116.61902592137484,116.82102827970753,116.42543604681047,116.60218811035156,7347900
2021-06-03,116.58536041256536,116.58536041256536,116.0298410354751,116.16450500488281,10994000
2021-06-04,116.5937656960472,117.75531768798828,116.5937656960472,117.75531768798828,15773700
2021-06-07,117.49441855399368,117.59543259307769,117.26716586390437,117.39341735839844,7799800
2021-06-08,118.39507245642324,118.39507245642324,118.01630507475669,118.21830749511719,11230900
2021-06-09,119.32086831389533,119.6491348744058,118.89160060968386,119.26195526123047,12768300
2021-06-10,118.53815189896103,119.99430821273847,118.41188755327588,119.97747039794922,19698300
2021-06-11,119.78379821777344,119.85954906706841,119.38819332459207,119.78379821777344,8646700
2021-06-14,119.60715735705274,119.60715735705274,118.68968245933806,118.86644744873047,9401300
2021-06-15,118.51287705945356,118.75696752765398,118.24352345255541,118.72330474853516,18207300
2021-06-16,119.01788899585908,119.24515448323731,118.01626404168184,118.62228393554688,19676300
2021-06-17,119.4050573837737,121.98910205572622,119.21988003801356,120.39826965332031,35225800
2021-06-18,121.44199029638182,122.92339615741045,121.30731353352022,122.66246795654297,26616900
2021-06-21,121.53456732675063,121.61874350634882,120.38142815844975,120.60868072509766,16485000
2021-06-22,119.66602725215051,120.93700598277482,119.62393914192046,120.9033432006836,14530200
2021-06-23,120.45730309177961,120.78556998077501,120.12062371355175,120.59197998046875,12040900
2021-06-24,120.71818404308543,121.12220170670788,120.64243313931058,120.7855224609375,8788400
2021-06-25,120.58345692319635,120.70129589442527,118.99262438986365,119.53131866455078,15562200
2021-06-28,120.12894042518896,121.03798943382253,120.11210261665367,120.76022338867188,11460700
2021-06-29,120.44881331464426,120.97066986908834,120.39829988117732,120.9622573852539,11217900
2021-06-30,121.41676983658351,121.98912695412871,121.26526807375784,121.50094604492188,15708900
2021-07-01,121.34751667283432,121.62564491206383,120.96825556851482,121.50765228271484,10810000
2021-07-02,121.55824070778147,122.24091339111328,121.45710782439436,122.24091339111328,9650200
2021-07-06,122.81403033164061,123.88440050685834,122.81403033164061,123.67369842529297,20037200
2021-07-07,124.37325524379632,125.207627419697,124.07826712772342,124.76936340332031,20964400
2021-07-08,125.47729419449463,125.94926474865451,124.87889468889209,125.2581558227539,17487800
2021-07-09,123.78320996596574,123.88435567347221,123.46295166284636,123.49665832519531,14483600
2021-07-12,123.96870000715471,124.08669268353388,123.19331772520047,123.33659362792969,10610400
2021-07-13,123.74113776940787,124.28053464106134,121.90380873580844,122.39263916015625,23340200
2021-07-14,123.05844084541484,123.82539951972363,122.88988174980187,123.78325653076172,16038600
2021-07-15,124.693512083182,125.24134531149645,123.91812982456648,125.14863586425781,18462400
2021-07-16,124.17937618220289,125.02218451170377,124.16252927498172,124.91262817382812,12787900
2021-07-19,127.22196142674201,128.06477006535604,126.94383303277067,127.65180206298828,40203900
2021-07-20,128.5536154984838,128.70532775831873,126.21903169843833,126.42131042480469,25674800
2021-07-21,124.887313852203,125.15701865116431,123.61467809021498,124.81990051269531,19988900
2021-07-22,124.82837456234273,126.26114652193709,124.78623156289392,125.9998779296875,18136900
2021-07-23,124.68504242304249,125.29186533277961,124.64289944259895,125.15701293945312,12639300
2021-07-26,125.57845873448717,125.6290251837223,124.63451738813444,124.78621673583984,10737700
2021-07-27,125.85662077311675,126.16003241002522,125.57006891054755,126.11788940429688,13036500
2021-07-28,125.30032546339176,126.14313387804582,124.96320724162446,126.12627410888672,14346700
2021-07-29,125.39301539124523,125.7638530936254,125.18231332036865,125.4267349243164,11532000
2021-07-30,125.6879908027161,126.18524455355387,125.6289880558883,126.01668548583984,14342100
2021-08-02,126.1112208886576,127.61324714373467,125.88338168397033,127.14070129394531,21232700
2021-08-03,127.20819854736328,127.61323597230971,126.90441725967655,127.20819854736328,13361900
2021-08-04,127.84110022982125,128.11113381668412,126.33907381164929,127.46981048583984,18267900
2021-08-05,127.21663392304298,127.35165069175207,126.57532358553638,126.82003021240234,15345400
2021-08-06,125.15770481057362,125.52898166604237,124.62608425192637,124.7020263671875,21144300
2021-08-09,125.01423814426633,125.36021382814504,124.23791094262513,124.25479125976562,12942400
2021-08-10,124.45731166896543,124.52482005903138,123.67253790086905,123.68098449707031,13716900
2021-08-11,123.54597207856195,124.23791056832538,122.95528973951772,123.60503387451172,17227600
2021-08-12,123.2759209210364,123.57126848637604,122.71898641971978,123.40250396728516,14709400
2021-08-13,123.90040054009393,125.36023273311788,123.88352022040779,125.35179901123047,18653800
2021-08-16,125.89179807572688,126.59218296216496,125.57113652205736,125.65552520751953,19170900
2021-08-17,125.63023346854293,126.12809332375403,125.45302234799075,125.60491943359375,14126900
2021-08-18,125.4868087816672,126.12811925876198,125.26740326578198,126.02686309814453,13144000
2021-08-19,126.83691115319554,126.9634942029502,126.41499340582897,126.95504760742188,15474300
2021-08-20,127.07325277752207,127.25889771682498,126.66821512627702,127.03950500488281,12388400
2021-08-23,126.74408873373858,126.9972419573401,126.50781582528593,126.95504760742188,10615000
2021-08-24,126.37282621555616,126.6344260909082,125.96778869628906,125.96778869628906,13835900
2021-08-25,125.90877005233145,126.0437740210889,124.53331330855032,124.92147064208984,16743800
2021-08-26,124.8623499230884,125.3686564138305,124.47417989673161,125.26738739013672,16657400
2021-08-27,125.36866909618044,126.1449963515187,125.16614390421428,126.11968231201172,15384700
2021-08-30,125.72307707715127,126.49095772653618,125.67243612281032,126.44877624511719,10596300
2021-08-31,126.29687731130288,126.65128673111447,125.30959116841846,125.58805847167969,15262400
2021-09-01,126.11952371226153,126.2209086294875,125.46049596572574,125.79845428466797,10807100
2021-09-02,126.09404164209856,126.35596099095612,125.68003218896492,126.34750366210938,9765900
2021-09-03,125.27456076357203,125.47733051020013,124.9957394696805,125.1985092163086,12928000
2021-09-07,124.42123165411516,124.64091613386474,123.914294246355,124.14241027832031,15547800
2021-09-08,124.75915060403311,125.2069509283346,124.5310217752626,124.98726654052734,14533700
2021-09-09,125.19010679267166,126.64335062856502,124.91974274233083,126.49971771240234,20324600
2021-09-10,125.80683829716085,126.03496714361769,125.18161441822494,125.38438415527344,14894600
2021-09-13,125.92518243821326,126.30540165334057,125.84914375210106,126.14486694335938,15036100
2021-09-14,126.50814780014277,128.06278925922828,126.381416680347,127.67412567138672,19918400
2021-09-15,127.75864546375232,127.79243613789494,126.67715050694103,127.22634887695312,11940300
2021-09-16,126.45743729891863,127.11646481233403,126.31380441956183,126.64331817626953,13328900
2021-09-17,126.04343284636265,126.19552306708103,125.6378804115794,126.03498840332031,13782900
2021-09-20,127.21786964820383,127.89378608451581,126.93059098126366,127.59807586669922,14660400
2021-09-21,127.33615052067069,127.54737762047837,126.9052389860044,127.48822784423828,10035800
2021-09-22,127.40371839894031,128.24862670898438,127.10800822579151,128.24862670898438,22277800
2021-09-23,127.0911799229799,127.11652615555204,125.33376807503005,125.35066986083984,23853300
2021-09-24,124.91122382214515,124.9196811551089,123.98183254771682,124.1254653930664,20203900
2021-09-27,123.40736137435178,124.0917353514609,123.25528399823132,123.66928100585938,13464300
2021-09-28,121.94571034055951,122.57094760498799,121.36272110210236,121.74292755126953,26613500
2021-09-29,122.34280345114914,122.87508725725246,121.40495411661317,121.95413970947266,23569400
2021-09-30,121.75135202093233,122.09775479888428,121.37113278213077,121.9372329711914,22567600
2021-10-01,122.54040349079902,123.0056829055423,121.9905078690964,122.96339416503906,26151800
2021-10-04,122.38812320698487,123.0564557179009,121.90592053874853,122.65037536621094,28027600
2021-10-05,122.3288772724271,122.41346764073018,121.36445929496787,121.46597290039062,22659200
2021-10-06,122.01586976288542,122.43040521465059,121.84667609781873,122.15122985839844,18696500
2021-10-07,121.13605430078357,121.2629463217314,120.6284603996939,120.8738021850586,14856000
2021-10-08,120.3492732007136,120.42542131443727,119.73171057846331,120.0278091430664,17257800
2021-10-11,119.79096191602952,120.04474598900846,119.66405697088933,119.72328186035156,7213400
2021-10-12,120.66228232231737,121.82972740340388,120.53537741854619,121.77051544189453,17968700
2021-10-13,122.3373096323964,123.11561058240305,122.31193123577135,122.95487213134766,23584600
2021-10-14,122.98025407412709,123.47939267565113,122.62494360248591,123.41171264648438,12946400
2021-10-15,122.66727906634685,122.78571592289252,122.21891004452041,122.69265747070312,11811500
2021-10-18,122.66726913974719,123.5132503062282,122.26120179425779,123.2679214477539,12115900
2021-10-19,122.37962185345275,122.4388338144868,121.52517273098354,121.56747436523438,12156300
2021-10-20,121.18681633850416,121.5505820866843,120.5607855546329,120.74690246582031,12782500
2021-10-21,120.97527628726768,121.10216826676839,120.32386733899259,120.60304260253906,13660000
2021-10-22,121.35603845290278,122.15971826213007,121.15301116304063,121.93131256103516,13740000
2021-10-25,121.54210758645027,122.0750798299436,121.50827402100278,121.74514770507812,8137900
2021-10-26,122.34578895816882,122.75186920166016,121.6013343290637,122.75186920166016,13671000
2021-10-27,123.85164301601542,125.35748852539638,123.45403081772001,124.98526763916016,22092300
2021-10-28,125.02753511522566,125.48437211623983,124.22385569035589,124.562255859375,17497600
2021-10-29,123.91088727242396,125.20523768335033,123.78399523552952,124.94298553466797,19087300
2021-11-01,123.50127842982845,124.31444831667524,123.41656730927669,124.04339599609375,18035500
2021-11-02,124.09418648317528,125.0005461311614,124.09418648317528,124.59394836425781,9836700
2021-11-03,125.2123568876293,125.34787660121236,123.27258315609667,123.30647277832031,20639400
2021-11-04,123.56055510323144,124.82267830885922,123.5436232206789,124.60244750976562,15922400
2021-11-05,125.80527518203229,126.70315614563994,125.47492250815587,126.46598052978516,21513000
2021-11-08,126.17803742618761,126.44908984957685,125.79685016422609,126.2288589477539,12083800
2021-11-09,127.73658345806467,128.55823226028812,127.60105082726217,127.87211608886719,23430200
2021-11-10,127.76199626500534,127.84669446679146,124.54316731975679,125.53422546386719,28170600
2021-11-11,125.79677977825547,125.92384643618189,125.27160711577288,125.34783935546875,5552500
2021-11-12,125.36482300768097,125.79681875825108,124.31446443214675,124.79729461669922,12712000
2021-11-15,124.42453550430129,124.48383585717767,123.00994807610707,123.23017883300781,15232700
2021-11-16,123.40812048088813,123.99259369795335,122.6965934884193,122.91682434082031,12998700
2021-11-17,122.4593952525863,123.91632566738922,122.36621819276326,123.89091491699219,14239900
2021-11-18,123.66222940759313,124.43304378156009,123.62833978724768,124.3568115234375,11054600
2021-11-19,125.00904862030356,125.8730529712112,125.00904862030356,125.66975402832031,14022100
2021-11-22,124.85652118347863,125.05982004495914,123.78076530319233,124.19581604003906,15266000
2021-11-23,123.61140502802382,123.76388248177018,122.40011596679686,122.40011596679688,15318500
2021-11-24,122.77279664722825,124.36527252197266,122.64572997684473,124.36527252197266,13769700
2021-11-26,126.06786733621094,127.63491966112416,125.93233471375616,127.50786590576172,20064800
2021-11-29,125.62735677286405,126.75394713958872,125.50876899347718,126.48289489746094,23234200
2021-11-30,127.76197071092407,128.81232901879218,127.27067470845837,128.40573120117188,31481100
2021-12-01,127.62885878710688,129.25718735532502,127.03518641113968,129.19781494140625,30826500
2021-12-02,129.6982544975232,129.74915071170489,127.85790277938963,129.35902404785156,17754200
2021-12-03,128.6380731206688,131.5554999861802,128.35821526952373,130.90248107910156,34427100
2021-12-06,130.6480655949437,130.90249479071312,128.85010876809775,129.1045379638672,30924200
2021-12-07,128.67201097146454,129.35896070721245,127.94265421506924,128.06138610839844,22115900
2021-12-08,127.61193443819272,127.62041066827675,125.82246638895818,125.84790802001953,33633900
2021-12-09,126.65360063934754,127.0776451141873,125.92424362499072,126.55183410644531,17544900
2021-12-10,127.14552394304634,127.4169186829099,126.20414446796651,126.24655151367188,14298700
2021-12-13,127.54407149726728,128.32431162436043,127.4762228417625,128.11228942871094,17860500
2021-12-14,127.52711308127459,128.00204075500608,126.62814099302446,127.8069839477539,14015500
2021-12-15,126.8825906825071,127.88332945049524,126.47551160237722,126.57727813720703,25383900
2021-12-16,126.29539135509896,127.25481595279965,126.27840683463356,126.62651824951172,18677900
2021-12-17,127.64539525860236,128.1887834257361,127.4925734094378,128.06143188476562,18093500
2021-12-20,127.99345086287587,128.22269649193058,127.01705492733836,127.1019515991211,17147300
2021-12-21,125.77741485500633,126.67739968841963,125.33590821687233,126.61797332763672,16598200
2021-12-22,127.12735732013851,127.2377371883163,126.524543321745,127.20378112792969,12253900
2021-12-23,127.00856856966698,127.01706730644666,125.68406117118006,126.10009765625,11642500
2021-12-27,126.04916454837912,126.51612870492218,125.93029882492218,126.40576171875,7821800
2021-12-28,127.01706726471744,127.16988906200429,125.66707661172643,125.9048080444336,9174600
2021-12-29,124.73308740715905,125.07269990738924,124.30856530417809,124.52931213378906,11771200
2021-12-30,125.02182610468375,125.63313929592252,124.34258778604143,125.57369995117188,10355000
2021-12-31,125.49725186256455,126.53308707666449,125.17461084182833,125.81989288330078,13402300
2022-01-03,124.30862794506142,124.758620564548,122.50015872932553,122.51714324951172,33860400
2022-01-04,121.93131003346728,122.37281690551441,121.19264528929524,122.00772094726562,21996400
2022-01-05,122.38130987568667,122.39829439821509,121.16718210049733,121.34547424316406,20911700
2022-01-06,121.06520991742649,121.78690267285205,120.81049406519473,121.65953826904297,18996400
2022-01-07,121.52372686243265,121.61712226291496,120.19072096058426,120.78504943847656,18756800
2022-01-10,120.26714124133721,121.25203591329412,120.02092405104307,121.08222961425781,13775800
2022-01-11,121.31149561691689,121.94827906178946,121.15866085334345,121.88883972167969,24388700
2022-01-12,122.17743980121892,122.27083516966482,121.41330529966861,121.42179107666016,14440600
2022-01-13,121.74449583756922,122.61901067565117,121.43883928554308,122.5001449584961,15166000
2022-01-14,121.7700091834161,121.80397823197802,120.38606195092987,120.64927673339844,22997500
2022-01-18,119.68135086113757,119.97850874345048,118.88324674194133,118.951171875,21171700
2022-01-19,119.31622033238384,120.31809956057818,119.12942950942202,119.77471160888672,17930500
2022-01-20,120.02940516263098,120.55582151117395,119.79167376214951,120.51336669921875,13959000
2022-01-21,121.75297551377105,122.347317025135,121.13317665935563,121.9482650756836,28916600
2022-01-24,122.51714896073474,122.57657535106713,120.92942661183456,120.9464111328125,25001600
2022-01-25,121.50672461813255,122.0161563565026,120.39447870992477,120.7510757446289,15599000
2022-01-26,120.78509310634188,121.04830784314508,119.2822933307993,119.29077911376953,23655500
2022-01-27,120.91244963234763,121.72752522728284,120.84452450687087,121.48130798339844,21501800
2022-01-28,120.64072914624789,121.80392891368756,120.43696675896392,121.52374267578125,12826500
2022-01-31,120.71708840358937,121.37085601238206,120.53031061360534,120.89539337158203,13998400
2022-02-01,120.97023490917093,121.03825459133905,119.9329574596057,120.49411010742188,20806100
2022-02-02,120.68972595445429,122.0671025837139,120.67271778106131,120.90228271484375,18404600
2022-02-03,119.40590702286818,120.29013758018529,119.18483965346101,119.95854949951172,17234100
2022-02-04,118.90424874319089,119.15080885991101,117.9944996442758,118.19004821777344,23609800
2022-02-07,118.1049953767264,118.44508087128817,117.7989132422488,118.26654052734375,12962400
2022-02-08,117.50986930851693,117.82444912006055,117.17828132586912,117.4758529663086,16269200
2022-02-09,117.94348011691967,118.49612242899805,117.49286088437988,117.69690704345703,14349100
2022-02-10,117.04221648600398,117.1867534754171,115.49479758740956,115.82638549804688,30896200
2022-02-11,116.37055929736059,117.76493098603724,115.08672126444482,117.54387664794922,43210300
2022-02-14,116.59163094485095,117.1102699261521,115.60536452574807,116.08148956298828,23157400
2022-02-15,115.29080626904313,115.4948524812289,114.72965323865887,114.76365661621094,18198500
2022-02-16,115.58836944489086,115.69040551688047,114.36404036850126,115.44383239746094,16473700
2022-02-17,116.0134695786862,116.96573262439705,115.5458421419667,116.30254364013672,24508200
2022-02-18,116.92322443264423,117.64590962182409,116.61714218386369,117.5268783569336,17522600
2022-02-22,117.06771741251124,117.90093595316624,116.88066649901707,117.83291625976562,19534000
2022-02-23,117.05918805774165,117.2037379914155,116.11544901850542,116.2089614868164,17757800
2022-02-24,118.26656021076609,118.49611211975672,115.84340849507423,116.28553009033203,28150400
2022-02-25,116.36203157788184,116.74463101429706,115.78387065136715,116.37052917480469,15025400
2022-02-28,117.6969053007911,119.06577114921005,117.60339279488753,118.92123413085938,25817700
2022-03-01,119.49587651718265,121.17304253017909,119.18938899727944,120.29615020751953,35664400
2022-03-02,119.05321410850433,119.54700046422643,116.13307921781325,116.18415832519531,30397400
2022-03-03,117.05252674547256,118.08265658399648,116.65238980272225,117.36752319335938,20649100
2022-03-04,119.49591125788822,119.88753936574855,118.60198798239837,119.39375305175781,25853100
2022-03-07,118.44018733384729,119.73424711746699,118.14222167348605,118.48275756835938,23710900
2022-03-08,117.06954110002115,117.69954696837209,116.84819400657555,117.29090118408203,28331300
2022-03-09,116.69496593761723,116.92482190223717,115.89469201174141,116.1415786743164,18819200
2022-03-10,114.78795031460663,115.07740727678808,113.84294776932838,114.47295379638672,26868900
2022-03-11,114.36223944272147,115.31575055729412,114.26008124919288,114.85602569580078,15583800
2022-03-14,112.97452918945889,113.13628832176009,112.14020697037407,112.17425537109375,24385000
2022-03-15,113.11074788706871,113.35763451454142,111.68899008944966,111.97844696044922,17518800
2022-03-16,112.23386182895047,113.34062327066827,110.94832354108877,113.07670593261719,25857700
2022-03-17,113.0767002625756,113.51939442457241,111.58683266321262,112.23385620117188,19330600
2022-03-18,112.86385748620312,113.68965782806586,112.86385748620312,113.60453033447266,55891700
2022-03-21,111.76559064704671,112.09761770784311,110.4630219477214,110.97383880615234,26122000
2022-03-22,109.79046134988248,110.11396657598151,109.26261378725621,109.55207061767578,21830900
2022-03-23,110.13948793245387,112.03801369103833,109.70530275852391,111.95287322998047,21266100
2022-03-24,110.37788847688333,111.68045725884436,110.33533122815784,111.07600402832031,17141600
2022-03-25,110.25020567817643,110.2672363743406,108.67520403897825,109.53507232666016,25684500
2022-03-28,110.15653074213843,111.15261189117336,109.85855208626297,110.47152709960938,17657800
2022-03-29,111.1526045588301,111.99544839423497,110.454502111722,111.30585479736328,19319700
2022-03-30,110.73547985727919,112.38709359978174,110.6673700652253,112.17425537109375,16310200
2022-03-31,112.36155293353633,112.94898851736824,112.08912675864605,112.44669342041016,19901000
2022-04-01,110.85393461371606,113.36928323401548,110.59814791583321,112.87474060058594,23489700
2022-04-04,112.49100007413193,112.53363551422339,111.45077079685625,112.09026336669922,13609900
2022-04-05,111.49340591371708,111.51046269379655,109.38734243653613,109.5578842163086,25196900
2022-04-06,107.80141251115644,109.39588326172743,107.77583384490627,108.6711196899414,22952000
2022-04-07,107.52855469313354,108.00604044220844,106.93169750678993,107.8525619506836,23458800
2022-04-08,106.96582011362631,107.28983394324794,105.95116268760572,106.6844482421875,26859200
2022-04-11,105.66123370673962,105.8914546957314,104.5016198877033,104.99616241455078,30020700
2022-04-12,105.7721286649883,105.86592147776621,104.59545756114115,104.85125732421875,23124200
2022-04-13,104.91941911069493,105.98524008294801,104.78299090372415,105.06436920166016,17189500
2022-04-14,104.75743495880609,104.81712068598544,102.64284282897582,102.95832824707031,34274500
2022-04-18,103.06065327369767,103.23971046192332,102.05451775991305,102.44673919677734,18784300
2022-04-19,101.59407978087411,102.08009399597648,101.1848015709296,101.6793441772461,26012300
2022-04-20,102.50641598118337,103.99856559144456,102.25061630303618,103.72571563720703,31423200
2022-04-21,103.02654236534853,103.09475648362675,101.61112868472911,102.95832824707031,23323200
2022-04-22,102.37852448420121,103.5466669018814,102.15683184542657,102.31031036376953,19773400
2022-04-25,103.49551941198536,104.18617610628586,103.28235513089729,103.3335189819336,25418900
2022-04-26,104.39933508028048,104.9023996355516,103.81952800498486,104.3737564086914,26931300
2022-04-27,104.18614909148192,104.29699214701408,102.97537134485287,103.0350570678711,14560500
2022-04-28,102.65137366961824,103.23118067830616,102.32736635794953,103.18854522705078,16892500
2022-04-29,101.73048970290674,103.14590323832375,101.55996092996152,101.84986114501953,26153400
2022-05-02,100.66523622486747,101.01541734883459,99.87091499692836,100.08444213867188,29233900
2022-05-03,101.67307397214985,101.90368039395426,100.69084791948255,100.7591781616211,21256700
2022-05-04,100.75914416939459,101.61325235899179,100.22959474596612,101.31431579589844,25575700
2022-05-05,99.37554367071381,99.47803905825111,97.38546888127307,98.53852081298828,48384500
2022-05-06,97.4879493951776,98.25664839359744,96.77903773461644,97.08651733398438,32790500
2022-05-09,96.39467110005322,97.97477028031271,96.18968691595197,97.94060516357422,26773000
2022-05-10,98.98264300358852,99.89653892527747,98.63246187361325,98.82890319824219,33640800
2022-05-11,98.0003778532675,100.73352813720703,97.7441492904889,100.73352813720703,34173600
2022-05-12,100.80188293869291,101.54495968425945,100.49440987177758,100.545654296875,26405700
2022-05-13,99.9136101044138,100.0588069780935,98.99117140751275,99.05950164794922,20782700
2022-05-16,99.25596798190573,99.87947017959368,98.94848833870783,98.95703125,11050600
2022-05-17,97.97479576362953,98.5214247409646,97.6758590598262,97.76126861572266,15040800
2022-05-18,97.98331925747549,99.93068541787773,97.88936680970782,99.84527587890625,21337300
2022-05-19,101.33143986449423,101.39977011377165,99.80258474765094,100.08444213867188,21937500
2022-05-20,100.0075363393585,101.6559655962683,99.98191413332468,101.22037506103516,22780900
2022-05-23,100.53710424959213,100.9983235917169,99.53779893315361,99.55487823486328,15925200
2022-05-24,100.69937440402101,102.18552108831487,100.66520928852432,101.51931762695312,23388200
2022-05-25,102.1598951329834,102.16843804062654,101.28870101060174,101.92074584960938,14410800
2022-05-26,101.6559978991577,101.71578523767808,100.61399093013569,101.45955657958984,14912900
2022-05-27,101.94640186512554,102.27096078357809,101.41685219323108,101.7072525024414,11190400
2022-05-31,100.08442781648735,100.12713584525697,99.01679226054954,99.55487823486328,28393700
2022-06-01,100.1341577619487,100.39940039000841,98.98761921543621,99.44110107421875,15544800
2022-06-02,99.79186955222879,99.86032134401955,98.79078657699691,99.49240112304688,9832000
2022-06-03,98.47422624448038,99.30418647303496,98.28599356247337,99.27851867675781,15330400
2022-06-06,98.52555700405036,98.83358357970536,97.3790121884627,97.44746398925781,20815400
2022-06-07,98.06352110068934,99.06460424803359,98.03785330633538,98.49989318847656,14278700
2022-06-08,98.1234172857667,98.50844726668916,97.6100418018956,97.62715148925781,11476100
2022-06-09,97.40467789986812,98.14907652977757,97.26778082912692,97.95228576660156,15527300
2022-06-10,97.84961147540793,98.06351845982813,96.66028916426549,97.34478759765625,21917100
2022-06-13,95.39396785842212,95.54798116594255,93.46880477837868,94.29020690917969,36968300
2022-06-14,94.57255698408716,94.9575934812523,92.91263665960122,93.10087585449219,21865900
2022-06-15,94.19610084153555,94.96616748981691,93.28913708240685,94.83782196044922,25202800
2022-06-16,92.79285211811278,95.59075927734375,92.51049984502696,95.59075927734375,26067300
2022-06-17,95.83889475286227,96.54050945646755,94.94048273564607,95.89878845214844,21614300
2022-06-21,94.19609950833458,94.99183394564211,93.95652467179893,94.27310943603516,17663800
2022-06-22,96.42067710267067,96.95116204103644,96.1554281055672,96.8656005859375,23703800
2022-06-23,97.45602806608386,98.54267272659679,97.10521746146196,97.661376953125,20669200
2022-06-24,97.0795605915235,97.68705574133108,96.25815842299815,96.30949401855469,18161300
2022-06-27,95.1629542012837,96.0185822641934,95.11161860644482,95.48809051513672,12053000
2022-06-28,95.22284110778926,95.98434950719029,94.86347891371939,95.93301391601562,13706600
2022-06-29,96.15547604620544,97.4560343126482,95.97579494253714,97.43036651611328,12925400
2022-06-30,98.27742211770378,99.05604012011821,98.18330252551085,98.28598022460938,25802100
2022-07-01,99.36365418613215,100.81252440068168,98.78067477042556,99.2950668334961,21858800
2022-07-05,100.21237870462278,100.94967622623085,99.59510575249988,100.07521057128906,16689700
2022-07-06,100.64106128679511,100.7696609361484,98.3948745727539,98.3948745727539,20205400
2022-07-07,98.6777773429525,98.73778963132357,97.31463827530291,97.52896881103516,13088000
2022-07-08,97.30604482014974,97.30604482014974,96.0629305643371,96.44872283935547,15320000
2022-07-11,97.55472334668265,98.41204580526231,97.4775609241678,98.11198425292969,13639900
2022-07-12,99.02930912060474,99.64658227560072,98.56635425435776,98.69495391845703,18547300
2022-07-13,97.53753642022183,100.00662835514596,97.2631935986579,99.82659149169922,20594800
2022-07-14,98.66063206604467,99.58654153414469,98.13766504466496,99.01213073730469,15665000
2022-07-15,99.31219009389352,100.15236863976082,99.10643461890814,99.56938934326172,16022600
2022-07-18,98.80638630705242,98.86639860109301,97.88905178908948,98.53204345703125,15838300
2022-07-19,98.51486377150282,98.72061919836914,97.44321138450543,98.0004653930664,9276800
2022-07-20,99.00357072925902,99.06358302174343,97.77759971920682,98.25769805908203,9117300
2022-07-21,98.75493163813994,100.06663336271241,98.60061340343445,99.9551773071289,14754900
2022-07-22,101.41261539410745,102.25278725170816,101.13827262864737,101.6355209350586,17715300
2022-07-25,100.0580804753318,100.7696595230382,99.85232496376182,100.64105987548828,24868100
2022-07-26,101.9013259545369,102.22710606377073,100.64963622009131,100.71822357177734,13536000
2022-07-27,101.1725974361046,101.58410844054725,100.05807592911091,100.15238189697266,15725600
2022-07-28,101.20687575807159,101.95274179330345,100.58102775181816,100.94967651367188,16637900
2022-07-29,100.90680519704944,102.28709425540274,100.58960021674416,100.67533111572266,16655900
2022-08-01,101.5625417292095,103.15146813281962,101.41653372813214,103.09993743896484,17974600
2022-08-02,103.19445262072519,103.65824869384078,100.738054836855,100.91841888427734,17896300
2022-08-03,100.63497309180852,102.62757452997701,99.91351700081368,102.50733184814453,16731200
2022-08-04,102.18957407298281,102.67913554879716,101.81166466963973,102.4729995727539,11003000
2022-08-05,100.5490791194898,100.58343510505993,99.53560047974067,100.03375244140625,19492300
2022-08-08,101.03866387595569,101.80306671212577,100.96995188888212,101.64846801757812,17476300
2022-08-09,101.11592431072833,101.65701623951597,100.88402308929577,101.25334167480469,8223200
2022-08-10,101.11595840784716,102.129437201504,100.25707829636627,100.592041015625,14665300
2022-08-11,100.37730145126034,100.54048418482141,97.9896097017638,98.24727630615234,20663800
2022-08-12,98.85706855965132,99.2607431340573,98.28162063784131,99.24356842041016,12178400
2022-08-15,99.9134874758209,100.27421541472121,99.15766906738281,99.15766906738281,9031800
2022-08-16,98.98590769952861,99.64724233414482,98.1184371725591,99.5699462890625,11066000
2022-08-17,98.82273200090519,98.8570879876845,98.17857199244582,98.53071594238281,14131300
2022-08-18,98.74543927079459,99.32088732507555,98.41906066176654,98.67672729492188,10738200
2022-08-19,97.25096544767257,97.34543619988848,96.83010961554255,97.08777618408203,16330900
2022-08-22,96.93320222059083,97.01908891438234,96.30621690571688,96.76142883300781,10457200
2022-08-23,96.35773801958989,97.46569387624774,95.9712381331835,96.2289047241211,17813200
2022-08-24,95.75653003335627,96.08290862938351,95.21543798856528,95.5246353149414,13971600
2022-08-25,95.61050753814679,97.13072203552666,95.32707560639909,96.85588073730469,21429700
2022-08-26,96.45222382437714,97.90372652643018,96.20314784527119,97.58594512939453,18764400
2022-08-29,97.00192089094882,97.0620422360254,96.30622355193681,96.77861022949219,14278300
2022-08-30,96.72704985689575,97.49145238962205,96.37490597748558,97.0190658569336,14346600
2022-08-31,96.78719663723447,97.34546343738603,95.83383924071292,96.09149932861328,13623500
2022-09-01,94.56463638309391,94.89169837633813,93.76418914092935,94.33224487304688,22490400
2022-09-02,94.40109121484676,95.1585009591719,94.22034593153916,94.8658676147461,13024400
2022-09-06,93.72971969716274,93.78996810563683,92.4558877609595,92.5161361694336,24648500
2022-09-07,93.23053975228373,94.22894972124396,93.13586271844834,93.9793472290039,17050100
2022-09-08,93.6781136364409,94.26338695511424,92.99816983526115,93.015380859375,14671400
2022-09-09,93.23914904553769,93.64367699834864,92.63665823003288,93.22193145751953,12529800
2022-09-12,93.49735050384207,93.72113317416819,92.02556197576901,92.4559097290039,14806900
2022-09-13,91.71573922968865,92.73136050183578,91.44031684571252,92.67111206054688,22158900
2022-09-14,92.38704932639527,93.13585675517102,92.19770183743375,92.98954010009766,13077800
2022-09-15,92.82602019313799,93.11866011506189,92.59363526781623,92.92930603027344,10260200
2022-09-16,92.12025735901315,92.99817062779823,91.89647464410504,92.1546859741211,18903800
2022-09-19,92.0600068257643,92.80020561724523,91.92229893505845,92.36985778808594,11084400
2022-09-20,90.96690333996187,91.95669784470736,90.7173008738639,91.44889068603516,20133800
2022-09-21,91.8362226189707,92.98955819694261,91.20791847592845,92.98094940185547,23132900
2022-09-22,91.05298069609113,91.19929735987212,90.14064553770874,90.60541534423828,29030600
2022-09-23,90.66565114190162,91.60381255140243,89.99430977420307,90.97550201416016,23042200
2022-09-26,90.68289213943174,90.72592954758406,88.84100401580096,89.23692321777344,25104600
2022-09-27,88.40202516888102,88.63441660790895,86.84416857111373,86.88719940185547,34609500
2022-09-28,88.7635629903142,89.89968127964967,88.20411592631267,89.79640197753906,39283100
2022-09-29,88.56556269421758,89.71028921321646,88.47949446294675,89.33158111572266,19127100
2022-09-30,89.74474981330921,90.25256375919551,87.98893612788704,88.17828369140625,26485700
2022-10-03,89.59658254744133,90.31266659812286,88.99266020485442,89.57933044433594,27192200
2022-10-04,89.85546380520191,90.2868390451863,89.1221272136812,89.32918548583984,13788700
2022-10-05,88.63034720767314,88.72524369140785,87.63818297913842,88.47505187988281,20522100
2022-10-06,88.50954798180732,88.72523555160285,87.59503479219819,87.9832763671875,13965700
2022-10-07,86.97383222694991,87.67266425779194,86.68050036338857,87.1291275024414,14814800
2022-10-10,86.70640724115655,86.71503658739815,85.23973432868878,85.7746353149414,15652600
2022-10-11,86.05071106604566,87.05150455012081,85.40364835618193,86.15424346923828,33246700
2022-10-12,85.65385324326674,86.74092052156925,85.57620887166223,86.57699584960938,21447600
2022-10-13,84.86009440367505,86.60284658710357,84.84283571682086,85.74872589111328,30292500
2022-10-14,86.43899456029104,86.43899456029104,84.76525609943276,85.04133605957031,18728200
2022-10-17,85.66250958518187,85.9817296832116,84.49779756823098,84.62720489501953,18969900
2022-10-18,84.50641772919707,84.94642237350398,83.57465209372869,84.82563781738281,16931500
2022-10-19,83.85070652320056,84.04913541266473,83.10011136788087,83.28128814697266,25431600
2022-10-20,82.76363271559009,83.10873413608628,81.73695779973596,81.85774230957031,25434900
2022-10-21,80.2530324237174,81.03813837981839,79.59734691522412,80.3824462890625,46280300
2022-10-24,80.0804932429306,80.71030394196573,79.2436242873656,79.7181396484375,31332600
2022-10-25,81.59893483324961,82.15972391259905,81.47815030320675,82.03893280029297,31213100
2022-10-26,82.6255940414481,83.41932932675584,82.6255940414481,83.22089385986328,24843900
2022-10-27,83.66953169909691,84.4632604400248,83.01383959116123,84.09227752685547,20270000
2022-10-28,83.56599936483235,84.23031423763788,83.177764340529,83.51423645019531,22244100
2022-10-31,83.13461762401353,83.35893454016167,81.98715817026077,82.91893005371094,23956700
2022-11-01,84.22142128365532,84.25601703281717,83.2095203649131,83.69384765625,17585100
2022-11-02,83.81495380424877,84.43765762546924,82.99331943442594,83.33061981201172,25010500
2022-11-03,82.31006221969665,83.35655903429067,82.24087071167422,82.8808822631836,29097500
2022-11-04,82.24949752253738,82.73383134021441,81.48841094970703,81.48841094970703,23561400
2022-11-07,81.99004997631151,82.0419402998263,80.64084217874813,80.6754379272461,14522800
2022-11-08,81.12519538474663,82.12844593632279,81.09924361834273,81.55763244628906,20360600
2022-11-09,81.14247055509922,82.18031661516825,81.03003932143878,81.82572174072266,15637500
2022-11-10,83.65927878797763,85.1295621922582,83.58143668387525,84.97388458251953,45380900
2022-11-11,84.38578473989355,85.077686815614,84.3598395667858,84.66254425048828,15943100
2022-11-14,84.67983281495766,84.74901773344796,83.9706296638525,84.45496368408203,13741100
2022-11-15,84.9738623087702,85.88198256061607,84.85278048831933,85.82144165039062,26608200
2022-11-16,86.5046965583516,87.74146667062251,86.26253288855844,87.69822692871094,28507700
2022-11-17,86.66037404418701,86.98037980658977,86.29712853992342,86.77281188964844,24528900
2022-11-18,87.00634196600305,87.25715627226089,86.09822802796577,86.17606353759766,14941300
2022-11-21,87.08417390891692,87.1966051647501,86.31443649956414,86.53929901123047,15534000
2022-11-22,87.04957845893642,87.88850738180534,86.94579119271175,87.76742553710938,18103100
2022-11-23,88.33826018150188,89.29827117919922,88.2863698351833,89.29827117919922,23234600
2022-11-25,88.74473015778341,89.02148960032144,88.58905255895166,88.99554443359375,9486100
2022-11-28,89.60959865790298,89.7825708242886,88.81391613498484,89.24635314941406,14563200
2022-11-29,88.34689426794985,89.04744020625068,88.13932632298405,88.19986724853516,16576400
2022-11-30,87.88850005465744,88.8485107421875,87.67228155023112,88.8485107421875,21581700
2022-12-01,89.42415545809877,91.7301941903206,89.38080615506799,91.68685150146484,53156800
2022-12-02,91.28803963494728,92.84851493121727,90.68985380024846,92.83984375,24479500
2022-12-05,91.75622308476431,91.88626441080197,90.94131022900308,91.53948974609375,20159700
2022-12-06,92.32839615070462,93.09996625606938,92.05964894511219,92.71851348876953,21754500
2022-12-07,93.94954263534076,95.08522288230999,93.80215898124291,94.90316772460938,30546700
2022-12-08,94.23562966041712,94.88582951533492,94.03623874218029,94.6430892944336,13377300
2022-12-09,93.57677034582348,93.77616127494751,92.12898689638106,92.1810073852539,25872200
2022-12-12,93.50742173651956,93.72415505101841,92.12032984656207,92.47576904296875,16897100
2022-12-13,94.53039971116293,94.56507783388727,93.16064362734122,93.36870574951172,23854700
2022-12-14,93.3340124313693,93.90618478718116,92.66647029971907,93.7674789428711,19517500
2022-12-15,94.19418603786508,94.82858102262819,93.99431279799312,94.13335418701172,20246200
2022-12-16,92.63861799788013,93.70752806120198,92.38659844424858,93.08182525634766,20838300
2022-12-19,91.96948525777375,91.97817078771047,91.2308107724458,91.51758575439453,26126800
2022-12-20,89.84035550135825,90.21403881833481,89.59702806335964,89.89250183105469,28869000
2022-12-21,90.63117004119965,90.72676390383164,89.47535816041294,90.11843872070312,15894100
2022-12-22,90.09233628614888,90.48340375460475,89.84031679674557,90.10102844238281,11322500
2022-12-23,89.145111911267,89.34498512733839,88.65845053221648,88.78012084960938,15408900
2022-12-27,87.3288556382845,87.83289481880851,86.91172479453546,87.02469635009766,26475700
2022-12-28,87.46787939950033,87.58085092371145,86.3381376366957,86.51194763183594,17302900
2022-12-29,86.78136818197832,87.76337005554254,86.72053632485797,87.49397277832031,16593000
2022-12-30,86.79006432013769,87.38100522932815,86.35554914073809,86.52066040039062,20810200
2023-01-03,88.81486379404745,88.93652746424475,87.63298245769705,88.17178344726562,25313200
2023-01-04,89.70130432462882,89.92725404824097,88.8235819072766,89.3797607421875,21678200
2023-01-05,88.52811168355495,89.76213301565953,88.44989551537044,89.7534408569336,14771100
2023-01-06,89.24938921236152,91.50887279154922,89.19724952766977,91.40458679199219,27473700
2023-01-09,90.73545302779995,92.05637611152757,90.61378269110456,91.8912582397461,21472200
2023-01-10,90.83973000649424,91.09174957193747,89.94462991933267,90.37045288085938,20545200
2023-01-11,91.2221309974735,91.87390386069616,90.98748905381453,91.83914184570312,18794000
2023-01-12,91.9607922402582,93.69016079664101,90.86581213246825,93.64671325683594,32029600
2023-01-13,93.07316416728885,93.68148948848835,92.44746115356432,92.76900482177734,17750800
2023-01-17,91.83042839053842,92.69077314422044,91.81305070215969,92.16934967041016,13911700
2023-01-18,94.25502218281243,94.52441944455418,93.09052480480304,94.40275573730469,35497200
2023-01-19,93.94215393875652,94.17679578228734,93.36859751156463,93.81179809570312,17194700
2023-01-20,92.95149588041967,93.19482334492145,92.21282132598898,92.29103088378906,22754100
2023-01-23,91.74351954776098,92.29100619644021,91.67399553930744,91.85649108886719,12961500
2023-01-24,92.22148209944747,93.37728716245404,91.58708717133241,93.17741394042969,16417200
2023-01-25,93.30779510400018,93.77707230892791,92.6734000037713,93.40338897705078,11906500
2023-01-26,93.10788291885683,93.55109011933308,92.5430120367084,92.96884155273438,15549400
2023-01-27,92.28231438946621,92.95146469232543,92.21279038574284,92.73420715332031,11845500
2023-01-30,92.51695025232655,93.12527534384031,92.28231502585948,92.3952865600586,11459700
2023-01-31,92.96883807807153,93.22954311612243,92.00421418788498,93.13394927978516,13705300
2023-02-01,93.70466011579373,94.61077089807688,92.72012529042348,94.25355529785156,25305800
2023-02-02,94.89828466318242,95.27292928356272,94.17513233708509,94.37552642822266,19548400
2023-02-03,93.02503099349171,93.3212647725406,92.42386221208474,92.96404266357422,20619500
2023-02-06,92.13639683540418,92.6243037600893,92.07540846981856,92.27580261230469,15182400
2023-02-07,91.7704399151723,92.55458056378552,91.48292056947557,91.53519439697266,18290300
2023-02-08,91.51773949017598,91.98822371219566,90.95141552030624,91.97079467773438,13530700
2023-02-09,92.7636691796334,92.89436037681135,90.9514347517496,91.09954833984375,20469900
2023-02-10,90.96016539648109,90.99501683172247,89.8449460576837,90.08018493652344,16598300
2023-02-13,90.3590044269232,90.97760254651938,90.24574222944199,90.83820343017578,13134300
2023-02-14,90.78591750648057,91.33481935863806,89.86237764342891,90.62908935546875,15440300
2023-02-15,90.21958374184442,90.56808477300385,89.30475191697323,89.78395080566406,15246900
2023-02-16,88.9301124229531,89.06080364074391,88.28537750167821,88.51190185546875,19267300
2023-02-17,88.0849760882757,89.2001953125,87.97171392080104,89.2001953125,19560900
2023-02-21,88.006579825825,88.17211584439919,87.37055272606857,87.46639251708984,22728000
2023-02-22,87.98912430912821,88.59901430914307,87.95427288222193,88.26792907714844,15165400
2023-02-23,88.46833687375464,89.38316204515495,88.40734852899462,89.13050079345703,15829100
2023-02-24,88.38122919548346,88.69488550155832,87.61451082630833,87.97173309326172,21403600
2023-02-27,88.25052678884857,88.60774236335132,87.91944812867146,88.2156753540039,14209200
2023-02-28,87.62318983895629,88.62514670803206,87.37052199216468,88.6164321899414,14955700
2023-03-01,88.05745406825827,88.24086990629935,87.30631873326585,87.66442108154297,19000000
2023-03-02,86.52025421621283,87.03557114026071,86.36303967405021,86.88709259033203,23763600
2023-03-03,88.15354425922546,89.00075564614914,87.83911515348862,88.99201965332031,30877300
2023-03-06,89.28027263036758,89.38507791943896,88.2059717721021,88.30204772949219,16631900
2023-03-07,88.61644722072948,89.41125593570736,88.10986628131126,88.84353637695312,23096500
2023-03-08,89.43747397851035,89.93531901868563,88.58152648409113,88.93089294433594,20252400
2023-03-09,88.69505930063652,89.54226399307265,88.50290744706611,89.14923095703125,21550400
2023-03-10,90.86114136181222,92.3110099494687,90.83494004143964,92.22366333007812,43921500
2023-03-13,94.50325727681088,95.28933008779573,91.74327644043247,92.43327331542969,51502500
2023-03-14,91.830599067418,92.2411040503944,90.61655610188866,90.91351318359375,38417800
2023-03-15,93.263003521742,94.07527756864567,92.01402314131181,92.66908264160156,45164100
2023-03-16,93.78703861422524,94.35475811288606,91.74325641537713,91.94413757324219,43089300
2023-03-17,93.14947020261415,94.09275756258842,92.98351964939357,93.32415008544922,38129000
2023-03-20,93.35037883885514,93.42025347797072,92.33722322612857,92.503173828125,24242800
2023-03-21,91.77821049354195,92.07516762070425,91.3065668236869,91.70833587646484,18934900
2023-03-22,91.41137043405526,92.97477320137617,91.21921858637748,92.93110656738281,26388500
2023-03-23,92.02275661883944,93.06211979658217,91.5511129918875,92.93110656738281,25475100
2023-03-24,93.53376727757336,93.83073107472543,92.80883976655852,93.32415008544922,23652700
2023-03-27,91.75201062066397,92.3721328638504,91.12315238430298,91.13188171386719,22224500
2023-03-28,91.04453819110199,91.42884191233905,90.85238633048345,91.2978286743164,17794300
2023-03-29,90.57289972459968,91.22795928865496,90.48555978211441,91.11441802978516,16804400
2023-03-30,91.23668947738805,91.75200643340385,91.0707389326967,91.53365325927734,14315800
2023-03-31,92.01402257998176,93.07085110103554,91.77820409330438,92.9049072265625,25396700
2023-04-03,92.71139010339667,93.77965617851291,92.55377696640404,93.34184265136719,18234800
2023-04-04,92.62382828050993,94.39259866259975,92.59756053789049,93.80592346191406,18052400
2023-04-05,94.36636277505758,94.89174456400883,94.05114305439658,94.78666687011719,23047700
2023-04-06,94.9355026748478,95.32953893665767,94.90923492682826,95.03182220458984,16447300
2023-04-10,94.2524981344525,94.35757578878626,93.30681928696194,93.49945831298828,19134400
2023-04-11,93.73589981840945,93.77091902957699,93.26306030157873,93.6921157836914,13971200
2023-04-12,93.73589060125644,93.8409615854388,92.7114017419428,93.59578704833984,20563000
2023-04-13,93.73589484299758,94.03360488565971,92.71140593732369,92.86026763916016,22079400
2023-04-14,92.28235233507004,92.42245589714607,91.73946105278378,92.01091003417969,19801900
2023-04-17,91.4329680320862,91.58182301599015,90.81127367533696,90.91635131835938,19528800
2023-04-18,90.89883195014035,91.5818199053284,90.89008049056352,91.24032592773438,15922600
2023-04-19,90.98642163679739,91.27537352315842,90.60990168980655,91.15278625488281,16093900
2023-04-20,91.79197865642124,92.18600812839503,91.72192689413585,91.93207550048828,16450100
2023-04-21,92.20354738823632,92.34364426721838,91.30164575517288,91.41548156738281,15244700
2023-04-24,91.90582947706811,92.36991082098953,91.8007518088102,92.29986572265625,17034300
2023-04-25,93.10542372118985,93.8059213370226,93.06163969747978,93.65706634521484,21899900
2023-04-26,93.50824170494876,93.90227132422,92.52753670785413,92.65888214111328,19610400
2023-04-27,92.11599145060751,92.17728509582639,91.5993745381207,91.73947143554688,20247600
2023-04-28,93.00034678082973,93.4819443232919,92.6938786540375,93.21925354003906,26954100
2023-05-01,92.40991249064338,92.54158940070288,90.27676797925024,90.53134155273438,32487300
2023-05-02,91.29504854446017,92.78736877441406,91.1984859380951,92.78736877441406,30057800
2023-05-03,93.05072431155463,93.57742518516591,92.41868058427511,93.3052978515625,23656200
2023-05-04,92.36602164412093,93.44575753724023,92.3045733144098,92.38357543945312,25110500
2023-05-05,91.60229925867317,92.0851123384721,91.39162023174525,92.07633209228516,15096500
2023-05-08,90.87368629408995,91.18093461212808,90.69812156723819,90.78590393066406,20587000
2023-05-09,90.85612931693785,90.97902596090104,90.41721081782221,90.46110534667969,19182500
2023-05-10,91.00536113165319,91.50572795897651,90.97902709295694,91.33894348144531,22886800
2023-05-11,92.43624996448898,92.62936850207147,91.92710283551045,92.30457305908203,19147200
2023-05-12,92.21679255713136,92.39235730298883,91.51452017896993,91.53207397460938,14198500
2023-05-15,90.75956434992148,90.8297929153203,90.52255131340625,90.58399963378906,20085300
2023-05-16,89.89050116345837,90.32941961963016,89.63592765519502,90.31185913085938,29251700
2023-05-17,90.4874337918093,90.55766235469434,89.84660987587075,90.04851531982422,21340900
2023-05-18,89.71495387913717,89.76762866224507,89.31992984134051,89.38137817382812,25536600
2023-05-19,88.88978576266003,89.41648667809942,88.60009791509043,88.74932861328125,29038000
2023-05-22,88.88100261030719,89.28480685551956,88.37185550650517,88.43330383300781,20131100
2023-05-23,88.16119571541988,88.88102199603631,88.02951878780425,88.68789672851562,21749500
2023-05-24,88.90733253961982,88.97756110876561,88.24895477294922,88.24895477294922,18473400
2023-05-25,88.39817751871247,88.48596657094127,87.81002837402004,88.02948760986328,22492800
2023-05-26,87.88901305763738,88.81073757676397,87.78367024229613,88.74050903320312,17030300
2023-05-30,89.01266830160112,89.75004812678915,88.88099141928485,89.62715148925781,23125200
2023-05-31,89.53056477341627,90.57519260842375,89.42522865382738,90.40840148925781,23787000
2023-06-01,90.90396917448702,91.2120273743192,90.33185725184715,90.76314544677734,21040400
2023-06-02,90.65753615359866,90.71914780276632,89.72455783329828,89.76856231689453,19136500
2023-06-05,89.20524538318482,90.16463436033557,89.08202209660259,89.60132598876953,14433200
2023-06-06,89.63651002128283,90.19102142173807,89.24043620538414,90.12940979003906,14332100
2023-06-07,89.92699300127235,90.15583914695252,88.70355688866721,88.79157257080078,25251100
2023-06-08,88.78275661100997,89.90056963557625,88.72114497524908,89.83015441894531,23845100
2023-06-09,89.42527791362208,90.01499024983647,89.19643181480578,89.7069320678711,22147400
2023-06-12,89.98857822839567,90.04139299430155,89.00279213367428,89.97097778320312,19010300
2023-06-13,89.8741781301615,90.06781664529359,88.87078465644574,89.08202362060547,25910800
2023-06-14,89.4516561832033,90.03257148634405,89.30202892578684,89.794921875,29094200
2023-06-15,90.68392813856966,91.21202887772431,90.30545471106187,90.65752410888672,25732000
2023-06-16,90.16460386359213,90.5078695765621,89.8037309926855,90.30542755126953,16759100
2023-06-20,90.75434280525627,91.23843906369578,90.75434280525627,90.93037414550781,17162900
2023-06-21,90.49028593741565,91.22963231416152,90.07660491550803,91.1504135131836,19720100
2023-06-22,90.48148960297026,90.87756346469226,89.95338216712092,90.05020141601562,23630700
2023-06-23,91.38808319366314,91.49369933118577,90.63993978715659,90.947998046875,22901900
2023-06-26,91.20322305299429,91.3616539306956,90.79834563557193,91.04479217529297,12894900
2023-06-27,91.17681398139416,91.49367574260272,90.44627792959662,90.80714416503906,18105700
2023-06-28,91.01841138005317,91.39687815182263,90.50791100880656,91.19444274902344,23826800
2023-06-29,89.92696579395773,90.07659307983182,89.29324233006265,89.54849243164062,41091600
2023-06-30,89.83016700817527,90.71033719391923,89.66293923919653,90.60472106933594,32024900
2023-07-03,90.76180027670674,91.1324778704586,90.0734096121445,90.091064453125,16011800
2023-07-05,89.92337600752761,90.02045743166104,88.90843813099107,89.2349853515625,28170300
2023-07-06,88.43184808464393,88.59070796615387,87.78758787260502,87.9729232788086,41375700
2023-07-07,87.53165152038368,87.90232235371903,87.36396421005881,87.44339752197266,28996500
2023-07-10,87.24924359367716,87.84055285008745,87.24041617293024,87.55813598632812,24665200
2023-07-11,87.87584775101723,88.22887048171968,87.62873385953007,88.00823211669922,20485500
2023-07-12,88.34358710943555,89.24379527796461,88.0523428941263,88.98785400390625,31928000
2023-07-13,89.41148774501045,89.99397625323714,89.16437385667736,89.92337036132812,32441500
2023-07-14,89.77335820146479,89.96752108146799,89.34972948751688,89.39385986328125,18569000
2023-07-17,89.34088308496027,89.57034211951212,89.06728695399764,89.43795776367188,18822000
2023-07-18,89.84395599365234,90.08224249454526,89.64096571016259,89.84395599365234,15407400
2023-07-19,90.0204710852979,90.88537661330119,89.78218456568725,90.85889434814453,27192500
2023-07-20,90.21463080412859,90.2940573967677,89.38502825869965,89.75569915771484,56951200
2023-07-21,90.16167144222725,90.32935203347884,89.69391241746486,89.78217315673828,20657500
2023-07-24,90.01161839452043,90.15283016898043,89.40266113386869,89.45561218261719,17546700
2023-07-25,88.98788360796296,89.57919292059744,88.96140807655392,89.28794860839844,17160600
2023-07-26,89.73804801366013,89.74687543477141,89.07613283065221,89.3761978149414,19310700
2023-07-27,88.88196255169757,89.07612539985192,87.29337028500986,87.63756561279297,44794400
2023-07-28,87.72582591140988,88.13179974425083,87.50518751964746,88.0876693725586,27434000
2023-07-31,87.94645389183718,88.54659051571917,87.91997836529583,88.29947662353516,28663800
2023-08-01,87.47204202609899,87.54284255005145,86.64015950134132,86.85255432128906,34943400
2023-08-02,85.87904881514496,86.05604332791214,85.32151002321125,85.92329406738281,38121300
2023-08-03,84.24180905303015,84.35685478807565,83.66656687398961,83.94091033935547,59394800
2023-08-04,84.20639543592073,85.56042255268234,84.18869193985935,85.42767333984375,42071800
2023-08-07,85.05600898995833,85.13565449277881,84.51616696448285,84.58696746826172,35862900
2023-08-08,85.71972850320441,86.17107316950889,85.34803607302713,85.56928253173828,24010500
2023-08-09,85.73743717628702,86.10028465996517,85.70203692773984,86.01178741455078,20151100
2023-08-10,85.87904370947236,86.16223896420807,84.59580993652344,84.59580993652344,37253200
2023-08-11,84.3391666689023,84.84360840786944,84.25066266929873,84.40111541748047,26753500
2023-08-14,84.2595238783497,84.89671493634404,83.98518035412188,84.21527862548828,19072000
2023-08-15,83.8966862454551,84.25067528926478,83.68428471687943,83.70198822021484,24125000
2023-08-16,83.43648465002718,83.88782943112639,82.9408946170761,83.04708862304688,23076700
2023-08-17,82.74620461310545,82.84355362927354,82.32140829238027,82.69310760498047,32244900
2023-08-18,82.68425352871965,83.35684487099932,82.56920776371335,82.98514556884766,24181700
2023-08-21,82.00282579044533,82.09132306142067,81.62228144853324,81.87892150878906,29254100
2023-08-22,81.98509509159985,82.5514855402677,81.82579735591784,82.50724029541016,21308700
2023-08-23,83.45420133924324,84.56043408895798,83.39225257533558,84.55158233642578,38294700
2023-08-24,84.18872508346014,84.56042437612065,83.97633031044562,83.99403381347656,22300800
2023-08-25,83.7727891461025,84.52502599579911,83.64003987805998,84.26837921142578,23865200
2023-08-28,84.64891192854662,84.65776367904702,83.97632068056976,84.35686492919922,16037300
2023-08-29,84.047123679157,85.41000296471739,84.02057517877392,85.23300170898438,28478100
2023-08-30,85.10025548435478,85.31265023003566,84.85245373716864,85.14450073242188,17550100
2023-08-31,85.43655005179728,85.88789480656587,85.33920105073136,85.5250473022461,26959700
2023-09-01,85.03596581718146,85.05371564810093,83.98854971677717,84.19270324707031,32469700
2023-09-05,83.68676244021326,83.69564074324096,82.98552548856615,83.01215362548828,29435900
2023-09-06,83.51811081267645,83.5358674192143,82.95889960563493,83.21631622314453,23636300
2023-09-07,83.43819659003971,83.50033114640127,83.15415193636423,83.44707489013672,18091500
2023-09-08,83.77551123886582,84.23708810938467,83.58910753921162,83.76663970947266,17052100
2023-09-11,83.1719040599214,83.42044906438612,83.0387634155854,83.16303253173828,17061500
2023-09-12,83.34054041490957,83.65121314009079,83.06537411148584,83.64234161376953,20034300
2023-09-13,83.36717913075897,83.90864028008282,83.27841645116585,83.62459564208984,23332300
2023-09-14,83.38495485554529,83.62461482263208,82.90562814921178,83.0210189819336,27800600
2023-09-15,82.95889601758823,82.97665262335809,82.51507568359375,82.51507568359375,25642900
2023-09-18,82.41739964725595,83.0209953158929,82.39077152207693,82.98548889160156,17963400
2023-09-19,82.62157749643806,82.9322503099788,82.37303924560547,82.37303924560547,24941800
2023-09-20,82.80797189767061,83.08313824849552,82.58606180257732,82.63043975830078,29451200
2023-09-21,81.03270650139503,81.10371937060758,80.50012352662073,80.50899505615234,59958700
2023-09-22,80.60663522004607,81.31675036046724,80.48236608629635,81.15697479248047,29524500
2023-09-25,79.58584517160124,79.92314610112301,79.1331466505953,79.15977478027344,45587900
2023-09-26,79.38168186854178,79.55033571296187,78.74257969195922,78.88460540771484,38104100
2023-09-27,79.47934219599158,79.55035507115002,78.19225922934669,78.47631072998047,47111200
2023-09-28,77.77504582822242,78.76032710684935,77.31346907800828,78.7159423828125,60238000
2023-09-29,79.2396492423663,79.43493119842047,78.22773980841126,78.72482299804688,49010100
2023-10-02,78.19946093134095,78.29741115294767,77.21105909047796,77.4069595336914,44704300
2023-10-03,76.8548859414111,77.15764305952581,75.59044612680889,75.7418212890625,71362600
2023-10-04,76.37402238310462,76.85486700970536,76.01784721697591,76.81034851074219,56281600
2023-10-05,76.67679272315932,76.74803048618074,76.25827935741731,76.4274673461914,35758800
2023-10-06,74.97603374960474,76.30281173287754,74.85137104956145,75.50140380859375,62787900
2023-10-09,76.13361471891157,77.29120456073542,75.64386360269222,77.27339172363281,29424900
2023-10-10,76.44527916633858,77.62067517057658,76.1514284668772,77.16654968261719,54743900
2023-10-11,78.22617680363543,78.77825927734375,78.00356388911534,78.77825927734375,58517700
2023-10-12,78.40427159726917,78.52893428652537,76.51651162715007,76.64117431640625,66986700
2023-10-13,78.00358289788647,78.20838981834164,77.6206883198597,78.01248931884766,44183800
2023-10-16,76.74804312238572,76.90832471877,76.48981128412171,76.75694274902344,38309800
2023-10-17,75.59044757269083,76.24937995727505,75.24317193800404,75.9110107421875,52949100
2023-10-18,75.13633789355487,75.43909510856594,74.66439941689404,75.24319458007812,63724600
2023-10-19,74.69111532931556,75.30552941629843,73.67600053823692,73.70271301269531,87696900
2023-10-20,73.89858002116561,74.38833114272762,73.7026795725408,74.1211929321289,52188800
2023-10-23,73.73829636958679,75.56372490533957,73.39102078178706,75.01164245605469,70890400
2023-10-24,75.18974586830664,76.00005340576172,74.87808232952409,76.00005340576172,46267700
2023-10-25,74.81576961845956,74.91371987614541,74.02326792889895,74.30821228027344,60737200
2023-10-26,74.33492557285204,75.52812782536155,74.26368779232975,75.44799041748047,49704100
2023-10-27,74.96712931409796,75.6616805393825,74.56642198085959,75.12741088867188,32362300
2023-10-30,74.62875802714765,75.24317190064582,74.12120080796453,74.7890396118164,45026900
2023-10-31,75.12740781081129,75.48358303428826,74.39723773291242,74.4239501953125,37269200
2023-11-01,75.09051064538272,76.05550217451609,75.07263664469475,76.03762817382812,72308500
2023-11-02,77.44939320726562,78.01230166166894,77.03837971115495,77.77105712890625,69739400
2023-11-03,79.35255129160115,79.56699841163402,78.25353877340353,78.29821014404297,77692300
2023-11-06,77.79784529107317,77.91399903225984,77.37789487895607,77.53872680664062,41341900
2023-11-07,78.28031204402896,79.07553438685866,78.26243804928468,78.68238830566406,37834200
2023-11-08,79.05769742975438,80.07629737773763,79.03088642738915,80.0226821899414,53893400
2023-11-09,79.46870800242893,79.54912055584468,77.502983732302,78.18205261230469,88975100
2023-11-10,78.83431251408376,79.01301161098624,78.42329232072758,78.61986541748047,36516400
2023-11-13,77.93186979177699,78.57519747575365,77.64594713411336,78.44116973876953,25661500
2023-11-14,80.41583429954203,80.54986205342821,79.78144353587781,80.2192611694336,65666800
2023-11-15,79.53126931480713,79.64742307644782,78.90580867836745,79.09344482421875,56205300
2023-11-16,79.7903712847474,80.38008378975431,79.74569309965469,80.0762939453125,49473900
2023-11-17,80.55876924214726,80.80001365631627,80.09414077621346,80.45154571533203,44091400
2023-11-20,80.07631008301993,81.00556062136103,80.06737308081354,80.94300842285156,40477800
2023-11-21,80.86259414571427,81.13064967076143,80.31755291053751,80.90727233886719,27721000
2023-11-22,81.41656120013859,81.59526031433512,80.75535948035603,81.19318389892578,31197500
2023-11-24,80.50517788234983,80.6481426270567,80.22819221064805,80.23712921142578,20199600
2023-11-27,80.6838758334845,81.61311931443878,80.60345646830692,81.57738494873047,39804400
2023-11-28,81.22892785279751,81.78289921584235,81.1217042904657,81.73822784423828,44989300
2023-11-29,82.30114808852582,82.82831534131778,82.00628836225128,82.7657699584961,61647800
2023-11-30,82.17603439206746,82.46195703617205,81.45229419038192,81.8096923828125,60520900
2023-12-01,81.84466079040307,83.41325306083102,81.68331959761827,83.35050964355469,64172200
2023-12-04,82.90230864588018,83.20706715477554,82.54377203951027,83.01883697509766,33766300
2023-12-05,83.92414444103164,84.81152419584289,83.87036633656473,84.80255889892578,73588600
2023-12-06,85.22386806739765,86.09331752539522,85.03563779894255,85.93197631835938,61606100
2023-12-07,85.31349326761631,86.1201992339194,85.2059301926027,85.43898010253906,47970200
2023-12-08,84.63226695120801,84.90117119665308,84.17513930787806,84.73983001708984,44809200
2023-12-11,84.26476805369684,84.65019380792829,83.83452264769852,84.56055450439453,33909700
2023-12-12,84.39027375288478,84.88325584002062,84.16618912095387,84.81155395507812,36996900
2023-12-13,85.30452338244558,86.92690052704741,85.1700712555366,86.80140686035156,70828500
2023-12-14,87.8184271005344,89.05935668945312,87.6026078898565,89.05935668945312,87798600
2023-12-15,88.74464378274007,89.33812956014772,88.64572834308012,89.15828704833984,59941300
2023-12-18,88.5737899971161,88.5737899971161,88.1421583571674,88.4478988647461,34746000
2023-12-19,88.89750856283304,89.2572004387427,88.71766605515417,88.92448425292969,30018400
2023-12-20,89.12229802657657,89.6438508035404,88.64570929818053,89.52694702148438,51229400
2023-12-21,89.68881256152284,89.77873380268966,88.79858061103484,88.96044158935547,65231200
2023-12-22,89.36511490147491,89.36511490147491,88.3399973802522,88.55581665039062,29244200
2023-12-26,88.60977102136565,88.90651738238358,88.55581963229076,88.80760192871094,24019700
2023-12-27,89.72478745362028,90.39920709095725,89.47300522003603,90.3812255859375,45082800
2023-12-28,90.00355041747574,90.43518202819621,89.52696161141152,89.72479248046875,36213000
2023-12-29,89.14029575944566,89.76076406778682,88.84355631074287,88.91548919677734,41616200
2024-01-02,88.33098308039766,88.70865639697183,88.12415805814948,88.40291595458984,47797400
2024-01-03,87.56663983927432,88.88850337477659,87.35982166710316,88.7716064453125,58159500
2024-01-04,87.6026101254303,87.80044097665811,87.287882344182,87.42276763916016,52604500
2024-01-05,86.77535406879512,87.83644157431756,86.5145775700888,86.58651733398438,45894800
2024-01-08,86.53255928797914,87.56666415711481,86.40666128056526,87.4407730102539,39485800
2024-01-09,86.90122125183032,87.37781005019295,86.85625719666149,86.88323974609375,34374000
2024-01-10,87.15301164624185,87.26991545639335,86.43363472012355,86.47859191894531,48227800
2024-01-11,86.4785817639877,87.07207434738143,86.0649385364185,86.96416473388672,78858900
2024-01-12,87.02712046176248,87.46773942905057,86.5685131265144,86.79331970214844,38883900
2024-01-16,85.98400923277958,86.13687603583637,84.98586763073628,85.2646255493164,61716700
2024-01-17,85.06681516927455,85.42650709758549,84.67116022263014,85.1297607421875,55506800
2024-01-18,84.94089689591183,85.04880649810795,84.08663484198244,84.33841705322266,77339100
2024-01-19,84.2664737500668,84.68011691680964,83.86182476493043,84.6081771850586,47030900
2024-01-22,85.26462216808848,85.49842288502518,84.87795465415707,85.11175537109375,35756400
2024-01-23,84.42834559994891,84.51826684595432,84.01470237988303,84.43733978271484,35786700
2024-01-24,84.9858622416536,85.01283792747643,83.71795012357401,83.94275665283203,54574900
2024-01-25,84.52724183500095,84.72507264762189,84.14057439048267,84.49127197265625,57019400
2024-01-26,84.4643225664751,84.59021369356928,84.06866081814947,84.32943725585938,29276900
2024-01-29,84.8060209887818,85.57935607201651,84.63517267542865,85.30059814453125,38243600
2024-01-30,85.85813169684486,86.1818468589967,85.19269928320163,86.07394409179688,40151400
2024-01-31,86.52352781319668,87.14399595571155,86.32569699323253,86.919189453125,80646700
2024-02-01,87.88446892184169,89.01211815420763,87.6769853173562,88.62420654296875,84291200
2024-02-02,86.84705478104473,87.16280216138819,86.32383062023973,86.66663360595703,63823300
2024-02-05,85.36755597490391,85.56602334326519,84.81726259267482,84.91649627685547,53827400
2024-02-06,85.01572336779488,85.83665525823704,84.98866088923072,85.74644470214844,33411500
2024-02-07,85.31341968823784,85.90882171428218,85.26831097137126,85.33145904541016,40120200
2024-02-08,84.81728090235,85.06988016919107,84.49252418166405,84.8353271484375,50087700
2024-02-09,84.58271484232212,84.80824468691253,84.4925042810109,84.66390228271484,27951300
2024-02-12,84.7090281049838,84.92553487236214,84.3481789042692,84.76315307617188,27890300
2024-02-13,83.7708051564016,83.95122627715273,83.29268299204894,83.31072235107422,49768500
2024-02-14,83.26564963274596,83.94223939612377,83.20250153013578,83.73474884033203,44191600
2024-02-15,84.40230890054426,84.54665134247426,83.8971241190421,84.16776275634766,49598500
2024-02-16,83.42803349888709,83.76181338546436,83.3017304079398,83.68062591552734,33116800
2024-02-20,83.70764474979707,84.06849382078835,83.64449667857036,83.75274658203125,24469300
2024-02-21,83.74376590883716,83.80691400688113,83.0040280963393,83.15738677978516,36343100
2024-02-22,83.29267705398735,83.68058863030961,83.23854521552148,83.56330871582031,45190700
2024-02-23,83.67159980522979,84.79924939829218,83.67159980522979,84.68197631835938,38406700
2024-02-26,84.79923172915232,84.82629421252666,84.0685171475434,84.42935943603516,27855000
2024-02-27,84.11362397113298,84.32111449366042,83.76179790119045,83.83396911621094,30242000
2024-02-28,83.96927545206235,84.43837451197687,83.80689368466408,84.36620330810547,34574200
2024-02-29,84.63685293888726,85.06987333606386,84.60076733223707,84.96161651611328,51038600
2024-03-01,84.55890343442448,85.52720393212878,84.16977294071616,85.49100494384766,45832800
2024-03-04,84.79417851317504,85.21046338706313,84.77608247286487,85.14710998535156,23864200
2024-03-05,86.17878366667594,86.58601025794124,85.94349366288274,86.35977172851562,37721900
2024-03-06,86.41407714704708,87.02944629717847,86.34168605616614,86.8665542602539,40571600
2024-03-07,87.20138858341946,87.23758758047735,86.40503136090405,86.78511047363281,39075000
2024-03-08,86.6946255171249,86.92086409425283,86.40504041457129,86.63127899169922,25023200
2024-03-11,86.83939985256947,86.88465032200334,86.30548021536174,86.58601379394531,17787900
2024-03-12,86.00681833600895,86.16065883993454,85.69008585608854,85.86202239990234,29566000
2024-03-13,85.51816825360554,85.73535531915421,85.25573071828525,85.44577026367188,38270100
2024-03-14,84.82135011221098,84.83944615618684,84.03403756635092,84.13358306884766,58365600
2024-03-15,84.21500484048272,84.33265326217376,83.97067033372072,84.10641479492188,34997700
2024-03-18,83.91638910761436,84.1516721811791,83.70824664565194,83.85304260253906,29519500
2024-03-19,84.02498661919232,84.40506568333524,83.880197553722,84.08833312988281,26953100
2024-03-20,84.25123492767565,84.87565553717488,83.51822423252622,84.06119537353516,43460100
2024-03-21,84.40504896396695,84.54984490500722,83.91637992358223,84.24215698242188,34276600
2024-03-22,85.23762405540597,85.25572009850912,84.86658958140266,85.0475845336914,30262300
2024-03-25,84.80324146256653,84.83944045233636,84.43221389986567,84.62225341796875,24011800
2024-03-26,84.6222684557692,84.94805251733973,84.41412595366758,84.85755157470703,34423000
2024-03-27,85.0566335061297,85.69915008544922,85.01138994390405,85.69915008544922,50157800
2024-03-28,85.50909107760904,85.98871553431881,85.3552505734286,85.62673950195312,34540400
2024-04-01,84.7024734820779,84.7115549020641,83.94887494638228,84.03059387207031,48945400
2024-04-02,83.14079113830573,83.71279583677348,82.93196006782789,83.5675277709961,43086300
2024-04-03,82.85931920409703,83.57659880632072,82.66865099496295,83.54935455322266,45494400
2024-04-04,84.10322043479947,84.2212581077022,83.56753444178808,84.14862060546875,47957400
2024-04-05,83.24972778219527,83.69462022070009,82.96825928155273,82.97734069824219,42495900
2024-04-08,82.83209033360708,83.1589452061366,82.74129000152874,82.96827697753906,37879800
2024-04-09,83.41318181942694,83.85807438152344,83.38593756179012,83.74004364013672,32522000
2024-04-10,82.80483160314543,82.89563191935156,81.76069723769062,81.91504669189453,74368900
2024-04-11,82.06034629896509,82.114827895067,81.27043588997671,81.54281616210938,65751200
2024-04-12,82.29637986134867,82.57784143471487,81.96951813165636,81.97859954833984,47900100
2024-04-15,81.00711348590963,81.04343223349234,80.37154579385141,80.70748901367188,55993100
2024-04-16,79.94481174134569,80.42602299819397,79.70874335846246,80.17179870605469,45103200
2024-04-17,80.6893142604875,81.15236259807507,80.31705238001663,81.06156921386719,57947000
2024-04-18,81.02527018063326,81.0525075098108,80.43510264911268,80.65301513671875,43839500
2024-04-19,81.16146329854924,81.16146329854924,80.72565217996639,80.94355773925781,44826800
2024-04-22,80.51682235823166,80.91632166235861,80.48958502878537,80.80736541748047,24969000
2024-04-23,80.56223734309154,81.29767308178133,80.39880640926111,80.8346176147461,27222700
2024-04-24,80.40788712258873,80.4714432169339,79.44546428619205,80.26261901855469,48986800
2024-04-25,79.40913342280116,79.80863277040852,79.30017716606451,79.69967651367188,49282600
2024-04-26,80.12641387840851,80.45327572431796,79.94482704272271,80.1173324584961,31589800
2024-04-29,80.49864160074334,80.82549638030419,80.3352107474175,80.7891845703125,39228600
2024-04-30,80.28076133055862,80.56222992390296,79.99021824462744,80.09917449951172,41054700
2024-05-01,80.72602118639543,81.2818103855266,80.39801421801107,80.6895751953125,59679500
2024-05-02,80.37069274160163,81.09959876282943,80.20668923439352,81.03582000732422,58925400
2024-05-03,81.93783255756212,82.11094929476485,81.33648407129748,81.85582733154297,50066100
2024-05-06,81.88316738572254,82.22939391022236,81.70093741122572,82.17472839355469,23868200
2024-05-07,82.82164154533933,83.13142212125591,82.55741325633552,82.67585754394531,30525800
2024-05-08,82.28405942689002,82.42073016992195,82.14739563522086,82.17472839355469,31171700
2024-05-09,81.88316949178399,82.70318006834096,81.8376102591473,82.57562255859375,39606700
2024-05-10,82.25671603526908,82.34782753505817,81.96515506512688,82.1109390258789,21913800
2024-05-13,82.50273320451898,82.55739871973441,82.28405724093214,82.32050323486328,23157500
2024-05-14,82.59384288779684,82.83984465219055,82.38428016516615,82.7851791381836,25746400
2024-05-15,83.70541464346657,84.06075435877355,83.48673870223008,83.91497039794922,65142900
2024-05-16,84.17921911796047,84.20655187943233,83.7692137931554,83.83299255371094,37902400
2024-05-17,83.49583332194274,83.64161725026405,83.22249193202045,83.26805114746094,24755000
2024-05-20,82.98563347251891,83.20430249268328,82.92185471866418,83.02207946777344,17922800
2024-05-21,83.57785129769903,83.61429033399021,83.30450986598551,83.45028686523438,15334400
2024-05-22,83.15874371804344,83.62342147089035,83.14963743270185,83.55052947998047,38073700
2024-05-23,83.64163587793152,83.64163587793152,82.74872649650618,83.01295471191406,51294700
2024-05-24,82.88540526767498,83.34096976231858,82.82162651647938,83.25896453857422,19164400
2024-05-28,83.21340832979551,83.24074108596521,82.02893791911914,82.06538391113281,45973700
2024-05-29,81.40022738521512,81.45489982921282,80.7988861121179,81.07222747802734,45508400
2024-05-30,81.6371583144298,81.97427855230809,81.49138128680859,81.85582733154297,29548600
2024-05-31,82.43896080482678,82.60296431447195,82.22939806141676,82.41162109375,41308800
2024-06-03,82.86688881701782,83.80855689844331,82.83946267485784,83.74456024169922,42272100
2024-06-04,84.29309877829924,84.84164948790085,84.10110881998348,84.72279357910156,42581500
2024-06-05,85.0245219450731,85.3445053100586,84.466833662478,85.3445053100586,43153900
2024-06-06,84.95138351250554,85.41764898733194,84.89653121256636,85.21651458740234,22891900
2024-06-07,83.9548693478077,83.9548693478077,83.56174489261095,83.65316772460938,35240500
2024-06-10,83.1960261674216,83.2508784581331,82.87604284641571,83.095458984375,20586500
2024-06-11,83.22345281209392,83.9914197622289,83.12288562844394,83.95484924316406,30329200
2024-06-12,85.04280683243957,85.54564283519036,84.55825957985124,84.58568572998047,42554600
2024-06-13,85.22566713300544,85.92963062513351,84.97881780938481,85.82906341552734,33093800
2024-06-14,86.32273190899349,86.7067118925057,86.15816806247207,86.5512924194336,28776700
2024-06-17,85.49990521054036,85.76503621651325,85.28048909270896,85.69190216064453,31040200
2024-06-18,85.83819036237387,86.487301417505,85.69191525317501,86.47815704345703,26881000
2024-06-20,85.39938492131377,85.93878458287405,85.33538125795995,85.90221405029297,30246300
2024-06-21,86.15820080324468,86.37762399873121,85.56394185525482,85.90221405029297,22596400
2024-06-24,85.98447917935736,86.24960327148438,85.70105936258817,86.24960327148438,56939100
2024-06-25,86.00275725625374,86.44159654957222,85.9753311082552,86.39588165283203,22890200
2024-06-26,85.28049293129335,85.45420114391472,85.12507346479684,85.1616439819336,38489100
2024-06-27,85.49991607666016,85.67362430353913,85.40849326387094,85.49991607666016,23140800
2024-06-28,85.69191787835516,85.72848142543972,83.90914154052734,83.90914154052734,55119600
2024-07-01,82.92869418046097,83.53401648704613,82.37840562730082,82.46095275878906,49735400
2024-07-02,83.16714362611856,83.28637058034913,82.61685514900402,83.10294342041016,34204700
2024-07-03,83.61655752034315,84.27690659015532,83.54318384651987,84.19436645507812,35563300
2024-07-05,84.62542124857204,85.04731637542211,84.28608025159521,84.89139556884766,34895500
2024-07-08,84.87307783215827,85.15739214659537,84.57959005674887,85.0748519897461,16095700
2024-07-09,84.80885201046377,85.00145264896561,84.258563472273,84.69879150390625,30289800
2024-07-10,84.79050673329427,85.00145429228311,84.61625300783238,84.96476745605469,23572500
2024-07-11,85.91862262364296,86.34051083475822,85.72602194013164,85.79022216796875,49761800
2024-07-12,85.78103911269577,86.15707397460938,85.60677837207247,86.15707397460938,27796500
2024-07-15,85.29495012301844,85.57009792233495,85.09317600315956,85.16654968261719,37918900
2024-07-16,85.78105120542456,86.40471357855932,85.65265074601155,86.36802673339844,36383700
2024-07-17,86.13874096665373,86.57897612031772,85.92780034927544,86.3863754272461,29036800
2024-07-18,85.91861384743174,86.34050201545297,85.64346604349214,85.72601318359375,34553100
2024-07-19,85.33165630829843,85.44171685243673,85.12988214269531,85.22159576416016,32164700
2024-07-22,85.66181578226414,85.77186930962344,84.65295213010644,84.97395324707031,36160400
2024-07-23,85.12068777497439,85.32246189102003,84.82720005998955,84.8547134399414,23498000
2024-07-24,84.91890349123794,85.15736441776717,83.89170011043187,83.93755340576172,50757100
2024-07-25,84.40530559624277,85.16654170539039,84.34110538205553,84.62541961669922,44999100
2024-07-26,85.24908739227473,85.43252158568629,85.02897335747986,85.28577423095703,34423800
2024-07-29,85.90944917723503,85.92779609793435,85.49673442640098,85.7443618774414,25801300
2024-07-30,85.98282557008893,86.25797341083333,85.57011080627262,86.07453918457031,28169800
2024-07-31,86.69820091349949,86.98251521546415,86.4322265353744,86.95500183105469,47445300
2024-08-01,87.54852249767728,88.25708605457582,87.53012144063915,87.7049560546875,77254200
2024-08-02,89.26011632265042,90.52080296720983,89.15889294867576,90.43798065185547,91912900
2024-08-05,91.73546492612029,91.96551674345281,90.08829307154443,90.9164810180664,90686300
2024-08-06,90.31834054513976,90.55759638943373,88.8828125,88.8828125,61316900
2024-08-07,88.29388982228507,88.7539934837261,87.87979933523802,88.25708770751953,51337100
2024-08-08,87.53011845788394,87.78777537138522,87.27245452375831,87.71415710449219,37815800
2024-08-09,88.80922208727641,88.83682718720338,88.42272962642188,88.57917022705078,32141800
2024-08-12,88.36753067795233,89.09449549130109,88.22949814011686,88.90125274658203,24261400
2024-08-13,89.5361769382025,89.59138713197045,89.24171087039866,89.51776885986328,30366900
2024-08-14,89.76621921151812,90.32754619045143,89.7294100793853,90.07908630371094,31334100
2024-08-15,88.71718881471195,89.35212707519531,88.53314314305955,89.35212707519531,38723700
2024-08-16,89.66502380371094,89.75704315241522,89.26933428571883,89.66502380371094,28541000
2024-08-19,89.64658777693045,90.32754619045143,89.6373907593653,90.07908630371094,25322100
2024-08-20,90.4747733603626,90.97168610037858,90.29073472507842,90.79684448242188,25239300
2024-08-21,90.79686407982577,91.2845728871564,90.37356951081003,90.85208129882812,29230000
2024-08-22,90.39198957267634,90.45640381952971,89.65582073381519,89.95028686523438,33453800
2024-08-23,90.35517639670098,90.79687206380655,90.14352558326944,90.53921508789062,32005100
2024-08-26,90.81527522951002,90.82447224913345,90.25394812495213,90.30915832519531,23198700
2024-08-27,89.71099977753065,90.25392568724114,89.63738853571519,90.15270233154297,21507700
2024-08-28,90.18952628295979,90.36436090920272,89.93186934270699,90.04228973388672,18501400
2024-08-29,89.60058085712778,89.84903372110875,89.37972606622908,89.74781036376953,24988200
2024-08-30,89.88585867865845,90.17112072468048,88.77240857251167,88.79080963134766,42896200
2024-09-03,90.06760080964744,90.52920189135901,89.9383530702461,90.24301147460938,48947900
2024-09-04,90.36301948433376,91.42470331357376,90.29839561873514,91.40624237060547,40885200
2024-09-05,91.71088583782635,92.02477818912095,91.19389495742641,91.92322540283203,47450900
2024-09-06,91.90477451487905,93.04030918618358,91.57242118584523,91.91400146484375,57406400
2024-09-09,91.76630344284145,92.41254218907257,91.54473687891564,92.31098937988281,26961400
2024-09-10,92.20020410956828,93.16033522049929,92.15404118325026,92.95722961425781,31703400
2024-09-11,92.77258265146949,93.46498426822471,92.64333491315307,92.88336944580078,39497100
2024-09-12,92.65257613707293,92.82798681425069,92.03403233493687,92.44947052001953,41618700
2024-09-13,92.74487871657749,92.88336043518912,92.3386675535761,92.69872283935547,25722100
2024-09-16,92.90179679599353,93.58497121545335,92.69869831170456,93.54804229736328,30866300
2024-09-17,93.67730964382363,93.83425229603209,93.0033690733514,93.09568786621094,31699400
2024-09-18,92.54177895640888,92.99415306856162,91.89554028686675,91.94169616699219,48897000
2024-09-19,91.32313921577976,91.68318742862046,91.18465750850129,91.63703155517578,39979800
2024-09-20,91.38775424968503,91.62778871622703,91.13849283542831,91.28620147705078,37067600
2024-09-23,90.93539591431882,91.4800817069491,90.49225586048168,91.09233856201172,35703900
2024-09-24,90.47382305667182,91.29547251891262,90.33534130656366,91.07390594482422,31005400
2024-09-25,90.71384120227978,90.76923107490825,90.2799350840952,90.31686401367188,36738200
2024-09-26,90.5384393164224,90.70461599387532,89.93835647876053,90.52920532226562,33332300
2024-09-27,90.97232795452138,91.17543352600758,90.66766959729206,91.0000228881836,28317600
2024-09-30,91.06467695227602,91.12930083341317,90.36304121173352,90.56614685058594,34175500
2024-10-01,91.50712350966724,91.99800065803822,91.12738409074835,91.22000122070312,45254200
2024-10-02,90.17342781793879,90.51611902328176,89.8955693199596,90.45128631591797,35810800
2024-10-03,90.15489200844901,90.3123489117443,89.59918212890625,89.59918212890625,39677800
2024-10-04,88.39515118968649,88.87676456674193,88.358102919723,88.49703216552734,56954100
2024-10-07,87.96910655272521,88.2376941436471,87.76534460134863,87.8301773071289,42606600
2024-10-08,87.42266828515717,88.01542657211267,87.37635617333034,87.97837829589844,33709600
2024-10-09,87.68198766737825,87.90427729554703,87.27447081487263,87.47822570800781,35807700
2024-10-10,86.95030246163158,87.14480059164615,86.51500116087634,87.13554382324219,53667400
2024-10-11,86.57983731759116,87.12628345706656,86.5242613737778,86.7835922241211,27406400
2024-10-14,86.17229252954822,86.85766776343159,86.11672366541102,86.84840393066406,28795300
2024-10-15,87.48748624936432,87.98762729456584,87.40413294161489,87.9042739868164,46429100
2024-10-16,88.34883866603988,88.5618644507594,88.11729227954407,88.27474212646484,32281500
2024-10-17,87.33004204423727,87.46897129903111,86.75580442199927,86.87621307373047,43427200
2024-10-18,87.10776136457648,87.320780102474,86.93178383360718,86.94104766845703,25258600
2024-10-21,86.15379200700146,86.2186247243319,85.42211151123047,85.42211151123047,49504700
2024-10-22,85.81109796351618,85.91297894565828,85.29242921818305,85.50545501708984,32096900
2024-10-23,85.06088471878948,85.5517690374697,84.8941780892669,85.27391052246094,33354200
2024-10-24,85.42209819876454,86.13525797825828,85.17202413786504,85.82035827636719,32507400
2024-10-25,86.12599380566303,86.17230591045808,85.22759267602592,85.33873748779297,28667100
2024-10-28,85.45914097225132,85.47766864107632,84.67188463683482,85.10719299316406,33156500
2024-10-29,84.44034197753388,85.26464662084919,84.26437151331935,85.23686218261719,46545200
2024-10-30,85.98707251018227,86.40386029317973,85.35727305062615,85.4869384765625,41951100
2024-10-31,85.3942928784501,86.07967517678563,85.08865706025614,85.62583923339844,52173800
2024-11-01,85.73829089606132,85.97990680915832,84.3814967998758,84.41866302490234,80402000
2024-11-04,85.75688975457567,86.02639102105361,85.1528356807517,85.72901153564453,49747600
2024-11-05,85.52456143941525,86.33306523534547,85.12495709293289,86.18437194824219,46986000
2024-11-06,83.30348612034517,84.30714428808051,83.21985148474276,83.82389831542969,98895700
2024-11-07,84.33503621226508,85.14353993830106,84.24210646090228,84.87403869628906,56221400
2024-11-08,85.4966808544757,86.05426648550944,85.34798757148752,85.95204162597656,56756200
2024-11-11,85.72900623407071,85.77547465613975,85.14354240246404,85.53385162353516,22369200
2024-11-12,84.91122196711031,85.35728766196833,84.11201324956275,84.25141143798828,57908400
2024-11-13,85.05060439594438,85.06919460055222,83.37784757560713,83.45219421386719,49009100
2024-11-14,84.15845760712081,84.59523520069624,83.88895638789161,83.9354248046875,53328300
2024-11-15,83.56370906370218,84.24210974627016,83.18269494122984,83.71240234375,73722400
2024-11-18,83.32210375937305,84.18635697219831,83.09906381081808,83.86109924316406,36010600
2024-11-19,84.40008654345158,84.63241446358771,84.21422704337685,84.28856658935547,29585100
2024-11-20,83.77746567606489,84.40939802506462,83.7402923508194,84.01908874511719,27755400
2024-11-21,84.05621957982777,84.4279455856427,83.63803225458835,83.95399475097656,28365700
2024-11-22,84.11200060384684,84.28856499855985,83.77744783795805,84.00048065185547,21547500
2024-11-25,85.68253817597073,86.22154067788377,85.48738356460618,86.17507934570312,56858000
2024-11-26,85.64536816336856,85.90557430036152,85.32010340204188,85.84052276611328,31122200
2024-11-27,86.4631351661295,86.77909764495317,86.1192873891007,86.43525695800781,39442200
2024-11-29,87.15082114494479,87.34597568631506,86.83485867513099,87.327392578125,31905700
2024-12-02,86.9777264188449,87.7983635658304,86.72594454900624,87.5372543334961,39406000
2024-12-03,87.5932006197367,87.68645289671848,86.71661356378411,86.78189086914062,32768900
2024-12-04,86.36225589969386,87.83566613137761,86.29697859143917,87.71443176269531,35851100
2024-12-05,87.39735056445824,88.02214851672205,87.34140063282004,87.89159393310547,23695800
2024-12-06,88.32989464044083,88.45112187386539,87.67711455393717,88.02215576171875,31761500
2024-12-09,87.6491547549933,87.6957844530607,87.16423862268032,87.21086120605469,30509600
2024-12-10,86.74458768137724,87.00570401492517,86.64201515799202,86.80054473876953,28706500
2024-12-11,86.79122158615642,86.99638087226236,85.89598688607931,85.97991180419922,38748400
2024-12-12,85.45767366506654,85.56025328450119,84.86085066909655,84.93545532226562,45368400
2024-12-13,84.67434953825277,84.72097211233009,84.00292186225332,84.06819915771484,39486000
2024-12-16,84.44122642629237,84.50650373033669,83.97495793606369,84.31999206542969,23482300
2024-12-17,84.41324711115232,84.85154064470377,84.3572971671901,84.52515411376953,23839900
2024-12-18,84.22652805102335,84.60099442073302,83.44951158378736,83.4682388305664,61328400
2024-12-19,82.4478109286213,82.74738256967393,81.923562342367,82.20440673828125,99083300
2024-12-20,82.87841924249,83.23416536726339,82.65374236634568,82.6724624633789,45542400
2024-12-23,82.53206267777031,82.59759374583605,81.85802475346517,81.91419219970703,32764600
2024-12-24,81.48355800768782,82.27929444201656,81.42739056174835,82.26057434082031,22377600
2024-12-26,81.64270088858285,82.34482250662262,81.63333726715086,82.21376037597656,19981800
2024-12-27,81.89545713935478,82.17630146161564,81.5022636604305,81.53971099853516,27262300
2024-12-30,82.22312156291088,82.41971475305914,82.07333219383588,82.19503784179688,48519600
